ID,Timestamp,Problem,Lang,Verdict,Time,Memory,Rank:790
21690885,2016-10-22 21:39:37,725E - Too Much Money,GNU C++11,Wrong answer on test 2,0 ms,3300 KB
21690685,2016-10-22 21:35:51,725E - Too Much Money,GNU C++11,Time limit exceeded on test 5,2000 ms,2500 KB
21685687,2016-10-22 19:59:35,725E - Too Much Money,GNU C++11,Wrong answer on pretest 3,0 ms,2600 KB
21682100,2016-10-22 19:32:02,725C - Hidden Word,GNU C++11,Accepted,30 ms,0 KB
21681273,2016-10-22 19:23:19,725D - Contest Balloons,GNU C++11,Accepted,327 ms,23200 KB
21678849,2016-10-22 19:00:26,725C - Hidden Word,GNU C++11,Wrong answer on pretest 7,15 ms,0 KB
21678305,2016-10-22 18:55:56,725C - Hidden Word,GNU C++11,Wrong answer on pretest 1,15 ms,0 KB
21671566,2016-10-22 18:12:26,725A - Jumping Ball,GNU C++11,Accepted,31 ms,400 KB
21671035,2016-10-22 18:10:31,725B - Food on the Plane,GNU C++11,Accepted,31 ms,0 KB
21091327,2016-10-01 18:59:52,722B - Verse Pattern,GNU C++11,Accepted,15 ms,0 KB
21083962,2016-10-01 18:02:40,722D - Generating Sets,GNU C++11,Accepted,841 ms,30300 KB
21075875,2016-10-01 17:24:56,722C - Destroying Array,GNU C++11,Accepted,264 ms,7800 KB
21073463,2016-10-01 17:17:41,722B - Verse Pattern,GNU C++11,Hacked,15 ms,0 KB
21071336,2016-10-01 17:11:30,722A - Broken Clock,GNU C++11,Accepted,15 ms,0 KB
21070899,2016-10-01 17:09:03,722A - Broken Clock,GNU C++11,Wrong answer on pretest 5,15 ms,0 KB
20714648,2016-09-17 20:14:12,716A - Crazy Computer,GNU C++11,Accepted,46 ms,400 KB
20714561,2016-09-17 20:12:40,716A - Crazy Computer,GNU C++11,Wrong answer on test 62,46 ms,400 KB
20714538,2016-09-17 20:12:13,716A - Crazy Computer,GNU C++11,Wrong answer on test 3,15 ms,400 KB
20714388,2016-09-17 20:09:14,716B - Complete the Word,GNU C++11,Accepted,31 ms,100 KB
20713893,2016-09-17 20:00:15,715C - Digit Tree,GNU C++11,Accepted,404 ms,53900 KB
20685912,2016-09-17 16:52:10,715A - Plus and Square Root,GNU C++11,Accepted,46 ms,0 KB
20007832,2016-08-20 20:35:48,707D - Persistent Bookcase,GNU C++11,Accepted,529 ms,496600 KB
20006234,2016-08-20 20:02:53,707D - Persistent Bookcase,GNU C++11,Accepted,904 ms,17300 KB
19259606,2016-07-19 20:54:37,698C - LRU,GNU C++11,Accepted,186 ms,8200 KB
19259591,2016-07-19 20:54:03,698C - LRU,GNU C++11,Wrong answer on test 1,15 ms,8200 KB
19259435,2016-07-19 20:49:08,698C - LRU,GNU C++11,Wrong answer on test 17,171 ms,8200 KB
19259332,2016-07-19 20:45:27,698C - LRU,GNU C++11,Wrong answer on test 17,202 ms,8200 KB
19259267,2016-07-19 20:43:36,698C - LRU,GNU C++11,Wrong answer on test 1,0 ms,8200 KB
19257574,2016-07-19 20:02:12,698C - LRU,GNU C++11,Wrong answer on test 4,15 ms,16400 KB
19243055,2016-07-19 16:54:27,698B - Fix a Tree,GNU C++11,Accepted,124 ms,5600 KB
19232654,2016-07-19 16:11:49,698A - Vacations,GNU C++11,Accepted,15 ms,0 KB
19093584,2016-07-13 21:22:47,691B - s-palindrome,GNU C++11,Accepted,31 ms,0 KB
19088983,2016-07-13 20:22:03,691F - Couple Cover,GNU C++11,Accepted,1419 ms,47000 KB
19088012,2016-07-13 20:14:02,691F - Couple Cover,GNU C++11,Wrong answer on test 3,576 ms,47000 KB
19087971,2016-07-13 20:13:41,691F - Couple Cover,GNU C++11,Wrong answer on test 3,639 ms,47000 KB
19087665,2016-07-13 20:11:23,691F - Couple Cover,GNU C++11,Wrong answer on test 3,639 ms,47000 KB
19085692,2016-07-13 19:56:07,691B - s-palindrome,GNU C++11,Hacked,15 ms,0 KB
19084956,2016-07-13 19:50:15,691D - Swaps in Permutation,GNU C++11,Accepted,1232 ms,57800 KB
19084437,2016-07-13 19:46:20,691E - Xor-sequences,GNU C++11,Accepted,1045 ms,200 KB
19084112,2016-07-13 19:44:12,691E - Xor-sequences,GNU C++11,Wrong answer on test 7,889 ms,200 KB
19082563,2016-07-13 19:32:19,691C - Exponential notation,GNU C++11,Accepted,46 ms,2000 KB
19081628,2016-07-13 19:26:36,691C - Exponential notation,GNU C++11,Wrong answer on test 6,15 ms,2000 KB
19079268,2016-07-13 19:14:38,691A - Fashion in Berland,GNU C++11,Accepted,30 ms,0 KB
19078853,2016-07-13 19:12:52,691A - Fashion in Berland,GNU C++11,Wrong answer on test 13,15 ms,0 KB
18927685,2016-07-06 20:23:38,689B - Mike and Shortcuts,GNU C++11,Accepted,140 ms,7900 KB
18927094,2016-07-06 20:19:17,689A - Mike and Cellphone,GNU C++11,Accepted,31 ms,0 KB
18926321,2016-07-06 20:13:50,689C - Mike and Chocolate Thieves,GNU C++11,Accepted,904 ms,0 KB
18925472,2016-07-06 20:07:37,689D - Friends and Subsequences,GNU C++11,Accepted,265 ms,29000 KB
18923373,2016-07-06 19:53:49,689E - Mike and Geometry Problem,GNU C++11,Accepted,436 ms,14200 KB
18830031,2016-06-30 22:55:50,687E - TOF,GNU C++11,Accepted,390 ms,600 KB
18562694,2016-06-17 21:19:38,682E - Alyona and Triangles,GNU C++11,Accepted,1232 ms,300 KB
18559004,2016-06-17 20:43:54,682A - Alyona and Numbers,GNU C++11,Accepted,15 ms,0 KB
18557406,2016-06-17 20:31:18,682B - Alyona and Mex,GNU C++11,Accepted,62 ms,3100 KB
18556657,2016-06-17 20:25:24,682D - Alyona and Strings,GNU C++11,Accepted,61 ms,51900 KB
18555680,2016-06-17 20:18:40,682D - Alyona and Strings,GNU C++11,Wrong answer on pretest 3,0 ms,51900 KB
18553538,2016-06-17 20:05:58,682C - Alyona and the Tree,GNU C++11,Accepted,124 ms,10600 KB
18439761,2016-06-14 03:10:53,678F - Lena and Queries,GNU C++11,Accepted,951 ms,155300 KB
18439660,2016-06-14 03:01:25,678F - Lena and Queries,GNU C++11,Memory limit exceeded on test 1,249 ms,262100 KB
18439432,2016-06-14 02:41:25,678F - Lena and Queries,GNU C++11,Memory limit exceeded on test 1,249 ms,262100 KB
18426771,2016-06-13 20:14:36,678E - Another Sith Tournament,GNU C++11,Accepted,374 ms,36900 KB
18424071,2016-06-13 19:53:14,678A - Johny Likes Numbers,GNU C++11,Accepted,15 ms,0 KB
18423862,2016-06-13 19:51:46,678B - The Same Calendar,GNU C++11,Accepted,31 ms,0 KB
18423062,2016-06-13 19:46:06,678C - Joty and Chocolate,GNU C++11,Accepted,31 ms,0 KB
18422476,2016-06-13 19:42:04,678D - Iterated Linear Function,GNU C++11,Accepted,15 ms,0 KB
18329307,2016-06-08 22:34:13,679B - Bear and Tower of Cubes,GNU C++11,Accepted,15 ms,2300 KB
18327994,2016-06-08 22:05:32,679C - Bear and Square Grid,GNU C++11,Accepted,576 ms,6700 KB
18327968,2016-06-08 22:05:13,679A - Bear and Prime 100,GNU C++11,Accepted,15 ms,2200 KB
18319327,2016-06-08 20:43:11,679B - Bear and Tower of Cubes,GNU C++11,Time limit exceeded on pretest 1,2000 ms,119600 KB
18306673,2016-06-08 19:50:15,679A - Bear and Prime 100,GNU C++11,Wrong answer on test 38,15 ms,2200 KB
18305281,2016-06-08 19:46:16,679A - Bear and Prime 100,GNU C++11,Wrong answer on pretest 7,15 ms,2000 KB
18304804,2016-06-08 19:45:03,679A - Bear and Prime 100,GNU C++11,Wrong answer on pretest 1,0 ms,2000 KB
18302945,2016-06-08 19:39:20,679A - Bear and Prime 100,GNU C++11,Wrong answer on pretest 7,15 ms,2000 KB
18152342,2016-05-30 05:09:51,373B - Making Sequences is Fun,Python 2,Accepted,62 ms,5200 KB
18152321,2016-05-30 05:04:07,572A - Arrays,PyPy 2,Runtime error on test 9,296 ms,29500 KB
18152313,2016-05-30 05:02:13,572A - Arrays,Python 2,Runtime error on test 9,296 ms,10900 KB
18152306,2016-05-30 05:00:09,616A - Comparing Two Long Integers,Python 2,Accepted,109 ms,9500 KB
18152296,2016-05-30 04:58:32,611C - New Year and Domino,Python 2,Runtime error on test 2,436 ms,5500 KB
18152287,2016-05-30 04:55:54,616A - Comparing Two Long Integers,Python 2,Runtime error on test 53,576 ms,60100 KB
18152266,2016-05-30 04:50:20,676B - Pyramid of Glasses,Python 2,Accepted,77 ms,4900 KB
18124739,2016-05-28 04:49:11,602A - Two Bases,GNU C++11,Accepted,30 ms,2200 KB
18122737,2016-05-27 22:11:39,651A - Joysticks,GNU C++11,Accepted,15 ms,3200 KB
18122728,2016-05-27 22:10:13,651A - Joysticks,GNU C++11,Wrong answer on test 7,15 ms,3200 KB
17499347,2016-04-25 00:39:34,668D - Little Artem and Time Machine,GNU C++11,Accepted,109 ms,8700 KB
17499343,2016-04-25 00:39:14,668D - Little Artem and Time Machine,GNU C++11,Compilation error,0 ms,0 KB
17499330,2016-04-25 00:38:41,668C - Little Artem and Random Variable,GNU C++11,Accepted,155 ms,5500 KB
17497688,2016-04-24 21:32:56,668D - Little Artem and Time Machine,GNU C++11,Wrong answer on pretest 3,0 ms,4900 KB
17494838,2016-04-24 21:09:49,668D - Little Artem and Time Machine,GNU C++11,Wrong answer on pretest 3,15 ms,5100 KB
17490103,2016-04-24 20:26:45,668C - Little Artem and Random Variable,GNU C++11,Wrong answer on test 14,155 ms,5300 KB
17489640,2016-04-24 20:23:01,668C - Little Artem and Random Variable,GNU C++11,Skipped,108 ms,5300 KB
17486557,2016-04-24 19:59:54,668B - Little Artem and Dance,GNU C++11,Accepted,920 ms,6300 KB
17483289,2016-04-24 19:43:36,668A - Little Artem and Matrix,GNU C++11,Accepted,15 ms,2500 KB
17357408,2016-04-17 06:58:08,664A - Complicated GCD,GNU C++11,Accepted,15 ms,2000 KB
17348672,2016-04-16 20:31:54,663C - Graph Coloring,GNU C++11,Accepted,155 ms,10100 KB
17346134,2016-04-16 20:00:45,663B - International Olympiad,GNU C++11,Accepted,15 ms,200 KB
17345490,2016-04-16 19:52:51,663A - Rebus,GNU C++11,Accepted,15 ms,200 KB
17124001,2016-04-02 09:22:43,656G - You're a Professional,GNU C++11,Wrong answer on test 1,0 ms,0 KB
17123990,2016-04-02 09:21:49,656G - You're a Professional,Java 8,Accepted,109 ms,25600 KB
17123974,2016-04-02 09:20:59,656G - You're a Professional,Java 8,Wrong answer on test 1,0 ms,0 KB
17123936,2016-04-02 09:18:47,656G - You're a Professional,GNU C++11,Wrong answer on test 1,0 ms,0 KB
17123916,2016-04-02 09:17:52,656G - You're a Professional,GNU C++11,Wrong answer on test 1,0 ms,0 KB
17123907,2016-04-02 09:17:14,656G - You're a Professional,GNU C++11,Wrong answer on test 1,0 ms,0 KB
17123867,2016-04-02 09:14:23,656G - You're a Professional,GNU C++11,Wrong answer on test 1,0 ms,0 KB
17123820,2016-04-02 09:11:25,656G - You're a Professional,Java 8,Wrong answer on test 1,0 ms,0 KB
17123785,2016-04-02 09:09:16,656G - You're a Professional,Python 2,Runtime error on test 1,46 ms,4400 KB
17123775,2016-04-02 09:08:50,656G - You're a Professional,GNU C++11,Wrong answer on test 1,0 ms,0 KB
17123770,2016-04-02 09:08:39,656G - You're a Professional,GNU C++11,Wrong answer on test 1,0 ms,0 KB
17123768,2016-04-02 09:08:31,656G - You're a Professional,GNU C++11,Wrong answer on test 1,0 ms,0 KB
17123748,2016-04-02 09:06:47,656G - You're a Professional,GNU C++11,Wrong answer on test 1,0 ms,0 KB
17123726,2016-04-02 09:05:24,656G - You're a Professional,GNU C++11,Wrong answer on test 1,0 ms,0 KB
17123718,2016-04-02 09:05:11,656G - You're a Professional,GNU C++11,Wrong answer on test 1,0 ms,0 KB
17123714,2016-04-02 09:04:49,656G - You're a Professional,GNU C++11,Wrong answer on test 1,0 ms,0 KB
17123638,2016-04-02 09:00:07,656G - You're a Professional,Python 3,Runtime error on test 1,31 ms,4500 KB
17123632,2016-04-02 08:59:39,656G - You're a Professional,Python 3,Compilation error,0 ms,0 KB
17123616,2016-04-02 08:58:57,656G - You're a Professional,GNU C++11,Wrong answer on test 1,0 ms,0 KB
17123567,2016-04-02 08:55:21,656G - You're a Professional,GNU C++11,Wrong answer on test 1,0 ms,0 KB
17123548,2016-04-02 08:53:59,656G - You're a Professional,GNU C++11,Wrong answer on test 1,0 ms,0 KB
16413763,2016-02-28 22:31:57,634C - Factory Repairs,GNU C++11,Accepted,234 ms,12500 KB
16412935,2016-02-28 22:19:15,634A - Island Puzzle,GNU C++11,Accepted,93 ms,1700 KB
16412013,2016-02-28 22:05:26,634B - XOR Equation,GNU C++11,Accepted,15 ms,0 KB
16411797,2016-02-28 22:02:04,634D - Package Delivery,GNU C++11,Accepted,93 ms,2500 KB
16191889,2016-02-19 07:25:53,284B - Cows and Poker Game,GNU C++11,Accepted,30 ms,0 KB
16191864,2016-02-19 07:23:48,284A - Cows and Primitive Roots,GNU C++11,Accepted,30 ms,0 KB
15505382,2016-01-23 02:34:40,620C - Pearls in a Row,GNU C++11,Accepted,264 ms,12000 KB
15490841,2016-01-22 08:08:53,620E - New Year Tree,GNU C++11,Accepted,966 ms,53800 KB
15490090,2016-01-22 06:51:34,620E - New Year Tree,GNU C++11,Time limit exceeded on test 69,3000 ms,103000 KB
15489837,2016-01-22 06:24:15,620D - Professor GukiZ and Two Arrays,GNU C++11,Accepted,686 ms,125400 KB
15489643,2016-01-22 06:04:22,620D - Professor GukiZ and Two Arrays,GNU C++11,Wrong answer on test 9,77 ms,15800 KB
15489566,2016-01-22 05:56:43,620D - Professor GukiZ and Two Arrays,GNU C++11,Wrong answer on test 9,77 ms,15800 KB
15489319,2016-01-22 05:29:47,620C - Pearls in a Row,GNU C++11,Hacked,171 ms,11800 KB
15489271,2016-01-22 05:24:02,620C - Pearls in a Row,GNU C++11,Wrong answer on test 8,15 ms,2500 KB
15489262,2016-01-22 05:22:50,620C - Pearls in a Row,GNU C++11,Wrong answer on test 1,0 ms,2500 KB
15489219,2016-01-22 05:17:22,620C - Pearls in a Row,GNU C++11,Wrong answer on test 8,15 ms,2500 KB
15489181,2016-01-22 05:11:28,620B - Grandfather Dovlet’s calculator,GNU C++11,Accepted,140 ms,0 KB
15489136,2016-01-22 05:06:49,620A - Professor GukiZ's Robot,GNU C++11,Accepted,15 ms,200 KB
15306849,2016-01-12 07:01:10,616D - Longest k-Good Segment,GNU C++11,Accepted,124 ms,8000 KB
15306848,2016-01-12 07:01:09,616C - The Labyrinth,GNU C++11,Accepted,156 ms,21000 KB
15306847,2016-01-12 07:01:08,616B - Dinner with Emma,GNU C++11,Accepted,15 ms,200 KB
15306846,2016-01-12 07:01:07,616A - Comparing Two Long Integers,GNU C++11,Accepted,31 ms,5900 KB
15306549,2016-01-12 06:09:51,616F - Expensive Strings,GNU C++11,Accepted,4117 ms,86700 KB
15306354,2016-01-12 05:37:09,616F - Expensive Strings,GNU C++11,Wrong answer on test 16,967 ms,83400 KB
15306350,2016-01-12 05:36:44,616F - Expensive Strings,GNU C++11,Wrong answer on test 1,15 ms,71100 KB
15306274,2016-01-12 05:24:52,616F - Expensive Strings,GNU C++11,Wrong answer on test 4,31 ms,71100 KB
15306145,2016-01-12 05:03:45,616F - Expensive Strings,GNU C++11,Wrong answer on test 3,15 ms,75000 KB
15305540,2016-01-12 03:02:35,616E - Sum of Remainders,GNU C++11,Accepted,499 ms,0 KB
15305495,2016-01-12 02:49:10,616E - Sum of Remainders,GNU C++11,Wrong answer on test 5,452 ms,0 KB
15145675,2016-01-01 10:08:28,611G - New Year and Cake,GNU C++11,Accepted,545 ms,47100 KB
15145669,2016-01-01 10:07:49,611G - New Year and Cake,GNU C++11,Wrong answer on test 6,15 ms,47100 KB
15145455,2016-01-01 09:26:25,611G - New Year and Cake,GNU C++11,Wrong answer on test 29,546 ms,47100 KB
15145434,2016-01-01 09:22:57,611G - New Year and Cake,GNU C++11,Wrong answer on test 7,436 ms,47100 KB
15145380,2016-01-01 09:13:06,611G - New Year and Cake,GNU C++11,Wrong answer on test 4,15 ms,43200 KB
15133706,2015-12-31 10:31:31,477D - Dreamoon and Binary,GNU C++11,Accepted,1123 ms,298000 KB
15130859,2015-12-31 04:14:36,611F - New Year and Cleaning,GNU C++11,Accepted,421 ms,127100 KB
15129576,2015-12-31 00:36:26,611E - New Year and Three Musketeers,GNU C++11,Accepted,155 ms,6500 KB
15129549,2015-12-31 00:32:54,611E - New Year and Three Musketeers,GNU C++11,Wrong answer on test 1,0 ms,200 KB
15127093,2015-12-30 21:42:06,611A - New Year and Days,GNU C++11,Accepted,15 ms,200 KB
15113367,2015-12-30 18:53:36,611D - New Year and Ancient Prophecy,GNU C++11,Accepted,858 ms,294900 KB
15107814,2015-12-30 18:26:00,611C - New Year and Domino,GNU C++11,Accepted,249 ms,2500 KB
15107596,2015-12-30 18:25:19,611C - New Year and Domino,GNU C++11,Wrong answer on pretest 2,15 ms,2500 KB
15103751,2015-12-30 18:15:04,611B - New Year and Old Property,GNU C++11,Accepted,15 ms,200 KB
15101741,2015-12-30 18:09:58,611A - New Year and Days,GNU C++11,Wrong answer on test 9,15 ms,200 KB
15017214,2015-12-25 19:33:44,612D - The Union of k-Segments,GNU C++11,Accepted,2136 ms,103800 KB
15016845,2015-12-25 19:28:22,612D - The Union of k-Segments,GNU C++11,Wrong answer on test 27,2106 ms,78300 KB
15015003,2015-12-25 19:04:44,612D - The Union of k-Segments,GNU C++11,Wrong answer on test 27,2245 ms,78300 KB
15014659,2015-12-25 19:00:59,612E - Square Root of Permutation,GNU C++11,Accepted,545 ms,58000 KB
15012204,2015-12-25 18:36:43,612D - The Union of k-Segments,GNU C++11,Wrong answer on test 27,2261 ms,86200 KB
15012070,2015-12-25 18:35:37,612D - The Union of k-Segments,GNU C++11,Wrong answer on test 27,2386 ms,86200 KB
15009334,2015-12-25 18:14:43,612C - Replace To Make Regular Bracket Sequence,GNU C++11,Accepted,31 ms,3100 KB
15008435,2015-12-25 18:06:57,612B - HDD is Outdated Technology,GNU C++11,Accepted,46 ms,1000 KB
15008265,2015-12-25 18:04:08,612A - The Text Splitting,GNU C++11,Accepted,15 ms,200 KB
14996618,2015-12-25 05:15:49,375D - Tree and Queries,GNU C++11,Accepted,389 ms,44200 KB
14996578,2015-12-25 05:04:36,375D - Tree and Queries,GNU C++11,Accepted,389 ms,44000 KB
14995152,2015-12-24 23:57:20,607D - Power Tree,GNU C++11,Accepted,483 ms,21800 KB
14995126,2015-12-24 23:53:07,607D - Power Tree,GNU C++11,Wrong answer on test 4,15 ms,18600 KB
14961201,2015-12-24 01:18:14,607C - Marbles,GNU C++11,Accepted,46 ms,6000 KB
14961184,2015-12-24 01:15:36,607C - Marbles,GNU C++11,Wrong answer on test 3,15 ms,6000 KB
14960863,2015-12-24 00:31:51,608B - Hamming Distance Sum,GNU C++11,Accepted,15 ms,2100 KB
14960774,2015-12-24 00:20:16,608A - Saitama Destroys Hotel,GNU C++11,Accepted,15 ms,200 KB
14960742,2015-12-24 00:17:27,608A - Saitama Destroys Hotel,GNU C++11,Wrong answer on test 3,15 ms,200 KB
14954859,2015-12-23 21:07:32,607B - Zuma,GNU C++11,Accepted,156 ms,1200 KB
14942906,2015-12-23 19:44:30,607A - Chain Reaction,GNU C++11,Accepted,62 ms,1300 KB
14918441,2015-12-21 23:45:09,603E - Pastoral Oddities,GNU C++11,Accepted,1357 ms,40000 KB
14916282,2015-12-21 20:15:23,536E - Tavas on the Path,GNU C++11,Time limit exceeded on test 78,3000 ms,16600 KB
14916240,2015-12-21 20:12:01,536E - Tavas on the Path,GNU C++11,Accepted,998 ms,16600 KB
14916048,2015-12-21 19:55:52,536E - Tavas on the Path,GNU C++11,Time limit exceeded on test 78,3000 ms,16600 KB
14915739,2015-12-21 19:34:09,536E - Tavas on the Path,GNU C++11,Time limit exceeded on test 78,3000 ms,16600 KB
14915657,2015-12-21 19:26:09,536E - Tavas on the Path,GNU C++11,Wrong answer on test 1,0 ms,18200 KB
14905707,2015-12-21 02:23:47,536E - Tavas on the Path,GNU C++11,Accepted,624 ms,42500 KB
14905440,2015-12-21 01:43:06,536E - Tavas on the Path,GNU C++11,Wrong answer on test 3,514 ms,38200 KB
14622865,2015-12-02 19:28:21,603D - Ruminations on Ruminants,GNU C++11,Accepted,1185 ms,400 KB
14622811,2015-12-02 19:24:50,603D - Ruminations on Ruminants,GNU C++11,Wrong answer on test 1,15 ms,200 KB
14613806,2015-12-02 10:18:24,603D - Ruminations on Ruminants,GNU C++11,Accepted,358 ms,400 KB
14613796,2015-12-02 10:17:50,603D - Ruminations on Ruminants,GNU C++11,Runtime error on test 18,342 ms,400 KB
14613783,2015-12-02 10:17:06,603D - Ruminations on Ruminants,GNU C++11,Runtime error on test 18,342 ms,400 KB
14613744,2015-12-02 10:15:03,603D - Ruminations on Ruminants,GNU C++11,Accepted,358 ms,400 KB
14613730,2015-12-02 10:14:22,603D - Ruminations on Ruminants,GNU C++11,Wrong answer on test 76,358 ms,400 KB
14613580,2015-12-02 10:01:35,603D - Ruminations on Ruminants,GNU C++11,Runtime error on test 3,62 ms,300 KB
14613565,2015-12-02 10:00:39,603D - Ruminations on Ruminants,GNU C++11,Runtime error on test 18,249 ms,400 KB
14613536,2015-12-02 09:57:51,603D - Ruminations on Ruminants,GNU C++11,Wrong answer on test 76,264 ms,400 KB
14613515,2015-12-02 09:56:22,603D - Ruminations on Ruminants,GNU C++11,Wrong answer on test 76,265 ms,400 KB
14613093,2015-12-02 09:20:06,603C - Lieges of Legendre,GNU C++11,Accepted,78 ms,200 KB
14612837,2015-12-02 08:55:27,603C - Lieges of Legendre,GNU C++11,Accepted,31 ms,0 KB
14612805,2015-12-02 08:52:33,603C - Lieges of Legendre,GNU C++11,Wrong answer on test 4,30 ms,0 KB
14612730,2015-12-02 08:44:28,603C - Lieges of Legendre,GNU C++11,Wrong answer on test 4,31 ms,0 KB
14611108,2015-12-02 05:51:48,603C - Lieges of Legendre,GNU C++11,Wrong answer on test 5,62 ms,600 KB
14610571,2015-12-02 04:43:15,603B - Moodular Arithmetic,GNU C++11,Accepted,15 ms,200 KB
14610507,2015-12-02 04:33:41,603A - Alternative Thinking,GNU C++11,Accepted,30 ms,1300 KB
14610481,2015-12-02 04:31:07,603A - Alternative Thinking,GNU C++11,Wrong answer on test 7,30 ms,300 KB
14610464,2015-12-02 04:28:02,603A - Alternative Thinking,GNU C++11,Wrong answer on test 6,15 ms,300 KB
14610299,2015-12-02 03:57:42,604B - More Cowbell,GNU C++11,Accepted,78 ms,600 KB
14610288,2015-12-02 03:56:45,604B - More Cowbell,GNU C++11,Wrong answer on test 9,78 ms,600 KB
14610165,2015-12-02 03:36:06,604A - Uncowed Forces,GNU C++11,Accepted,15 ms,200 KB
14526901,2015-11-27 21:14:32,600C - Make Palindrome,GNU C++11,Accepted,15 ms,1300 KB
14526824,2015-11-27 21:12:51,600C - Make Palindrome,GNU C++11,Wrong answer on test 15,30 ms,1100 KB
14524553,2015-11-27 20:09:35,600D - Area of Two Circles' Intersection,GNU C++11,Wrong answer on test 28,15 ms,200 KB
14524008,2015-11-27 19:59:30,600D - Area of Two Circles' Intersection,GNU C++11,Wrong answer on test 6,15 ms,200 KB
14523884,2015-11-27 19:58:29,600D - Area of Two Circles' Intersection,GNU C++11,Wrong answer on test 3,15 ms,200 KB
14522815,2015-11-27 19:47:08,600D - Area of Two Circles' Intersection,GNU C++11,Wrong answer on test 3,15 ms,200 KB
14522285,2015-11-27 19:41:22,600D - Area of Two Circles' Intersection,GNU C++11,Wrong answer on test 6,15 ms,200 KB
14521714,2015-11-27 19:34:45,600E - Lomsat gelral,GNU C++11,Accepted,295 ms,27100 KB
14520633,2015-11-27 19:22:41,600D - Area of Two Circles' Intersection,GNU C++11,Wrong answer on test 6,15 ms,200 KB
14519038,2015-11-27 19:05:28,600C - Make Palindrome,GNU C++11,Hacked,15 ms,1100 KB
14517624,2015-11-27 18:50:27,600C - Make Palindrome,GNU C++11,Wrong answer on test 15,15 ms,900 KB
14517424,2015-11-27 18:48:23,600C - Make Palindrome,GNU C++11,Wrong answer on test 4,15 ms,200 KB
14515483,2015-11-27 18:29:39,600B - Queries about less or equal elements,GNU C++11,Accepted,467 ms,8800 KB
14515046,2015-11-27 18:25:21,600A - Extract Numbers,GNU C++11,Accepted,46 ms,5700 KB
14290527,2015-11-16 02:13:36,596D - Wilbur and Trees,GNU C++11,Accepted,249 ms,126700 KB
14290402,2015-11-16 01:54:40,596D - Wilbur and Trees,GNU C++11,Wrong answer on test 8,62 ms,126700 KB
14201872,2015-11-11 21:37:40,597B - Restaurant,GNU C++11,Accepted,217 ms,4100 KB
14201726,2015-11-11 21:33:31,597C - Subsequences,GNU C++11,Accepted,62 ms,10700 KB
14201497,2015-11-11 21:28:19,597C - Subsequences,GNU C++11,Wrong answer on pretest 2,0 ms,10700 KB
14201327,2015-11-11 21:24:17,597C - Subsequences,GNU C++11,Wrong answer on pretest 2,15 ms,53000 KB
14200119,2015-11-11 21:02:00,597A - Divisibility,Python 2,Accepted,46 ms,0 KB
14180513,2015-11-10 08:58:57,594C - Edo and Magnets,GNU C++11,Accepted,390 ms,3300 KB
14178726,2015-11-10 02:54:51,594A - Warrior and Archer,GNU C++11,Accepted,46 ms,1000 KB
14001693,2015-11-01 09:50:35,592D - Super M,GNU C++11,Accepted,358 ms,18500 KB
14001652,2015-11-01 09:47:59,592D - Super M,GNU C++11,Wrong answer on test 1,0 ms,4900 KB
13995780,2015-11-01 01:14:25,592D - Super M,GNU C++11,Accepted,389 ms,22400 KB
13995757,2015-11-01 01:12:36,592D - Super M,GNU C++11,Wrong answer on test 4,327 ms,10100 KB
13994994,2015-11-01 00:25:35,592E - BCPC,GNU C++11,Accepted,514 ms,51300 KB
13994561,2015-11-01 00:06:01,592E - BCPC,GNU C++11,Wrong answer on test 5,30 ms,5900 KB
13994410,2015-11-01 00:00:14,592E - BCPC,GNU C++11,Wrong answer on test 5,31 ms,5900 KB
13988979,2015-10-31 21:08:07,592C - The Big Race,Python 2,Accepted,108 ms,5200 KB
13988934,2015-10-31 21:07:42,592C - The Big Race,GNU C++11,Compilation error,0 ms,0 KB
13988852,2015-10-31 21:07:09,592C - The Big Race,GNU C++11,Compilation error,0 ms,0 KB
13988091,2015-10-31 21:01:31,592D - Super M,GNU C++11,Wrong answer on test 12,296 ms,7200 KB
13987967,2015-10-31 21:00:32,592D - Super M,GNU C++11,Wrong answer on pretest 2,15 ms,4900 KB
13983504,2015-10-31 20:28:18,592A - PawnChess,GNU C++11,Accepted,15 ms,200 KB
13979385,2015-10-31 20:02:13,592B - The Monster and the Squirrel,GNU C++11,Accepted,15 ms,200 KB
13978212,2015-10-31 19:56:26,592A - PawnChess,GNU C++11,Hacked,0 ms,200 KB
13976640,2015-10-31 19:49:05,592C - The Big Race,Python 2,Skipped,124 ms,5100 KB
13976175,2015-10-31 19:46:42,592C - The Big Race,Python 2,Wrong answer on pretest 3,93 ms,5100 KB
13946127,2015-10-30 06:20:47,590D - Top Secret Task,GNU C++11,Accepted,280 ms,29400 KB
13942357,2015-10-30 04:42:04,557B - Pasha and Tea,GNU C++11,Accepted,155 ms,1000 KB
13942354,2015-10-30 04:41:14,557B - Pasha and Tea,GNU C++11,Wrong answer on test 32,140 ms,1000 KB
13942313,2015-10-30 04:33:49,557A - Ilya and Diplomas,GNU C++11,Accepted,31 ms,0 KB
13941844,2015-10-30 03:04:59,590C - Three States,GNU C++11,Accepted,155 ms,21300 KB
13941809,2015-10-30 02:59:37,590C - Three States,GNU C++11,Wrong answer on test 3,15 ms,13100 KB
13927040,2015-10-29 08:12:59,590B - Chip 'n Dale Rescue Rangers,GNU C++11,Accepted,30 ms,200 KB
13925903,2015-10-29 06:03:32,590A - Median Smoothing,GNU C++11,Accepted,156 ms,4100 KB
13925892,2015-10-29 06:02:03,590A - Median Smoothing,GNU C++11,Wrong answer on test 6,15 ms,4100 KB
13917420,2015-10-28 18:11:11,573D - Bear and Cavalry,GNU C++11,Accepted,2808 ms,1600 KB
13908650,2015-10-28 08:25:04,573D - Bear and Cavalry,GNU C++11,Accepted,2854 ms,1600 KB
13908608,2015-10-28 08:20:55,573D - Bear and Cavalry,GNU C++11,Accepted,2839 ms,1600 KB
13908521,2015-10-28 08:10:50,573D - Bear and Cavalry,GNU C++11,Time limit exceeded on test 7,3000 ms,1600 KB
13908508,2015-10-28 08:10:04,573D - Bear and Cavalry,GNU C++11,Time limit exceeded on test 7,3000 ms,1600 KB
13908504,2015-10-28 08:09:21,573D - Bear and Cavalry,GNU C++11,Runtime error on test 7,15 ms,600 KB
13907722,2015-10-28 06:04:55,589G - Hiring,GNU C++11,Accepted,234 ms,8000 KB
13907712,2015-10-28 06:01:40,589G - Hiring,GNU C++11,Compilation error,0 ms,0 KB
13907699,2015-10-28 05:59:17,589G - Hiring,GNU C++11,Compilation error,0 ms,0 KB
13907691,2015-10-28 05:57:03,589G - Hiring,GNU C++11,Compilation error,0 ms,0 KB
13907686,2015-10-28 05:55:22,589G - Hiring,GNU C++11,Compilation error,0 ms,0 KB
13884948,2015-10-27 08:05:24,589K - Task processing,GNU C++11,Time limit exceeded on test 7,4000 ms,13200 KB
13884927,2015-10-27 08:02:59,589K - Task processing,GNU C++11,Accepted,546 ms,10700 KB
13884738,2015-10-27 07:39:29,589K - Task processing,GNU C++11,Time limit exceeded on test 2,4000 ms,2900 KB
13884432,2015-10-27 07:03:00,589K - Task processing,GNU C++11,Wrong answer on test 57,2792 ms,23500 KB
13884424,2015-10-27 07:02:28,589K - Task processing,GNU C++11,Wrong answer on test 48,2791 ms,23500 KB
13884411,2015-10-27 07:01:19,589K - Task processing,GNU C++11,Wrong answer on test 46,2761 ms,23600 KB
13883360,2015-10-27 06:53:06,589K - Task processing,GNU C++11,Time limit exceeded on test 7,4000 ms,13200 KB
13883334,2015-10-27 06:50:19,589K - Task processing,GNU C++11,Wrong answer on test 1,0 ms,4100 KB
13883283,2015-10-27 06:44:25,589K - Task processing,GNU C++11,Wrong answer on test 42,3042 ms,19100 KB
13883263,2015-10-27 06:42:19,589K - Task processing,GNU C++11,Wrong answer on test 1,0 ms,4100 KB
13882965,2015-10-27 06:00:49,589K - Task processing,GNU C++11,Time limit exceeded on test 7,4000 ms,14600 KB
13882142,2015-10-27 03:24:43,589K - Task processing,GNU C++11,Time limit exceeded on test 7,4000 ms,14600 KB
13866647,2015-10-26 08:41:14,589C - Polycarp's Masterpiece,GNU C++11,Accepted,655 ms,55700 KB
13865969,2015-10-26 07:08:11,589C - Polycarp's Masterpiece,GNU C++11,Wrong answer on test 6,31 ms,403000 KB
13865964,2015-10-26 07:07:53,589C - Polycarp's Masterpiece,GNU C++11,Wrong answer on test 6,31 ms,403000 KB
13865485,2015-10-26 05:59:41,589C - Polycarp's Masterpiece,GNU C++11,Runtime error on test 6,15 ms,49400 KB
13865479,2015-10-26 05:58:21,589C - Polycarp's Masterpiece,GNU C++11,Wrong answer on test 6,15 ms,368600 KB
13865476,2015-10-26 05:57:35,589C - Polycarp's Masterpiece,GNU C++11,Memory limit exceeded on test 1,15 ms,524300 KB
13865461,2015-10-26 05:55:08,589C - Polycarp's Masterpiece,GNU C++11,Runtime error on test 6,15 ms,49400 KB
13865442,2015-10-26 05:52:55,589C - Polycarp's Masterpiece,GNU C++11,Wrong answer on test 6,15 ms,368600 KB
13865440,2015-10-26 05:51:56,589C - Polycarp's Masterpiece,GNU C++11,Runtime error on test 6,30 ms,97600 KB
13865434,2015-10-26 05:51:22,589C - Polycarp's Masterpiece,GNU C++11,Runtime error on test 6,31 ms,188800 KB
13865427,2015-10-26 05:50:50,589C - Polycarp's Masterpiece,GNU C++11,Wrong answer on test 6,30 ms,376400 KB
13865407,2015-10-26 05:48:38,589C - Polycarp's Masterpiece,GNU C++11,Wrong answer on test 6,15 ms,421900 KB
13865392,2015-10-26 05:46:57,589C - Polycarp's Masterpiece,GNU C++11,Runtime error on test 6,31 ms,49400 KB
13865341,2015-10-26 05:40:26,589C - Polycarp's Masterpiece,GNU C++11,Runtime error on test 6,15 ms,49400 KB
13865338,2015-10-26 05:40:00,589K - Task processing,GNU C++11,Wrong answer on test 23,1622 ms,4500 KB
13865332,2015-10-26 05:39:25,589K - Task processing,GNU C++11,Wrong answer on test 23,1622 ms,4500 KB
13865301,2015-10-26 05:34:31,589C - Polycarp's Masterpiece,GNU C++11,Runtime error on test 6,15 ms,49400 KB
13865267,2015-10-26 05:26:31,589C - Polycarp's Masterpiece,GNU C++11,Runtime error on test 6,31 ms,49400 KB
13865228,2015-10-26 05:18:53,589K - Task processing,GNU C++11,Wrong answer on test 23,1544 ms,4500 KB
13865158,2015-10-26 05:08:57,589C - Polycarp's Masterpiece,GNU C++11,Runtime error on test 6,15 ms,49400 KB
13865045,2015-10-26 04:51:25,589K - Task processing,GNU C++11,Wrong answer on test 36,3260 ms,4900 KB
13865036,2015-10-26 04:50:35,589K - Task processing,GNU C++11,Wrong answer on test 23,1575 ms,4500 KB
13865016,2015-10-26 04:48:26,589K - Task processing,GNU C++11,Wrong answer on test 23,1575 ms,4500 KB
13865015,2015-10-26 04:48:18,589C - Polycarp's Masterpiece,GNU C++11,Runtime error on test 6,31 ms,57100 KB
13865000,2015-10-26 04:46:50,589K - Task processing,GNU C++11,Wrong answer on test 23,2917 ms,4900 KB
13864995,2015-10-26 04:45:14,589K - Task processing,GNU C++11,Wrong answer on test 23,1560 ms,4500 KB
13864946,2015-10-26 04:36:43,589K - Task processing,GNU C++11,Wrong answer on test 23,1606 ms,4500 KB
13864898,2015-10-26 04:29:47,589K - Task processing,GNU C++11,Wrong answer on test 36,3213 ms,4900 KB
13864884,2015-10-26 04:27:34,589K - Task processing,GNU C++11,Wrong answer on test 36,3260 ms,4900 KB
13864794,2015-10-26 04:13:31,589K - Task processing,GNU C++11,Wrong answer on test 36,3978 ms,5000 KB
13864779,2015-10-26 04:11:03,589K - Task processing,GNU C++11,Time limit exceeded on test 24,4000 ms,5600 KB
13864763,2015-10-26 04:07:10,589K - Task processing,GNU C++11,Time limit exceeded on test 13,4000 ms,5300 KB
13864361,2015-10-26 02:53:36,589H - Tourist Guide,GNU C++11,Accepted,93 ms,10900 KB
13864281,2015-10-26 02:38:40,589H - Tourist Guide,GNU C++11,Wrong answer on test 8,15 ms,4900 KB
13862670,2015-10-26 02:07:13,589G - Hiring,GNU C++11,Accepted,1591 ms,52600 KB
13862533,2015-10-26 01:47:09,589F - Gourmet and Banquet,GNU C++11,Accepted,31 ms,0 KB
13862430,2015-10-26 01:34:34,589B - Layer Cake,GNU C++11,Accepted,374 ms,7900 KB
13862342,2015-10-26 01:23:30,589A - Email Aliases,GNU C++11,Accepted,124 ms,11400 KB
13862319,2015-10-26 01:20:10,589D - Boulevard,GNU C++11,Accepted,31 ms,0 KB
13862290,2015-10-26 01:13:11,589A - Email Aliases,GNU C++11,Wrong answer on test 13,140 ms,8600 KB
13862270,2015-10-26 01:10:08,589J - Cleaner Robot,GNU C++11,Accepted,15 ms,0 KB
13862228,2015-10-26 01:04:10,589I - Lottery,GNU C++11,Accepted,15 ms,0 KB
13862119,2015-10-26 00:49:31,591B - Rebranding,GNU C++11,Accepted,139 ms,700 KB
13862063,2015-10-26 00:42:55,591A - Wizards' Duel,GNU C++11,Accepted,15 ms,200 KB
13831351,2015-10-25 00:44:55,534B - Covered Path,GNU C++11,Accepted,15 ms,1000 KB
13831231,2015-10-25 00:28:28,534A - Exam,GNU C++11,Accepted,15 ms,0 KB
13831222,2015-10-25 00:27:31,534A - Exam,GNU C++11,Wrong answer on test 5,15 ms,0 KB
13707344,2015-10-18 08:52:20,31C - Schedule,GNU C++11,Accepted,92 ms,400 KB
13707258,2015-10-18 08:42:37,31B - Sysadmin Bob,GNU C++11,Accepted,30 ms,200 KB
13707201,2015-10-18 08:33:57,31A - Worms Evolution,GNU C++11,Accepted,62 ms,200 KB
13707163,2015-10-18 08:28:47,556B - Case of Fake Numbers,GNU C++11,Accepted,30 ms,200 KB
13707114,2015-10-18 08:22:50,556A - Case of the Zeros and Ones,GNU C++11,Accepted,62 ms,400 KB
13624856,2015-10-15 17:27:04,585E - Present for Vitalik the Philatelist,GNU C++11,Accepted,3244 ms,156700 KB
13585785,2015-10-13 05:25:19,585A - Gennady the Dentist,GNU C++11,Accepted,46 ms,400 KB
13585762,2015-10-13 05:23:22,585A - Gennady the Dentist,GNU C++11,Accepted,93 ms,400 KB
13585723,2015-10-13 05:17:51,585A - Gennady the Dentist,GNU C++11,Accepted,156 ms,400 KB
13585430,2015-10-13 04:40:22,574B - Bear and Three Musketeers,GNU C++11,Accepted,46 ms,16100 KB
13585395,2015-10-13 04:33:53,574B - Bear and Three Musketeers,GNU C++11,Time limit exceeded on test 7,2000 ms,16000 KB
13585224,2015-10-13 04:05:49,574A - Bear and Elections,GNU C++11,Accepted,31 ms,200 KB
13585167,2015-10-13 03:53:21,586B - Laurenty and Shop,GNU C++11,Accepted,31 ms,200 KB
13585115,2015-10-13 03:44:03,586A - Alena's Schedule,GNU C++11,Accepted,31 ms,200 KB
13585110,2015-10-13 03:43:44,586A - Alena's Schedule,GNU C++11,Wrong answer on test 1,0 ms,200 KB
13578033,2015-10-12 18:59:44,585B - Phillip and Trains,GNU C++11,Accepted,30 ms,300 KB
13577126,2015-10-12 18:31:45,585D - Lizard Era: Beginning,GNU C++11,Accepted,1045 ms,21100 KB
13571077,2015-10-12 14:01:36,585D - Lizard Era: Beginning,GNU C++11,Time limit exceeded on pretest 4,2000 ms,138800 KB
13568168,2015-10-12 13:35:01,585B - Phillip and Trains,GNU C++11,Wrong answer on pretest 4,30 ms,300 KB
13567906,2015-10-12 13:32:37,585B - Phillip and Trains,GNU C++11,Wrong answer on pretest 4,15 ms,300 KB
13564146,2015-10-12 13:02:16,585A - Gennady the Dentist,GNU C++11,Accepted,62 ms,400 KB
13560445,2015-10-12 12:36:45,585A - Gennady the Dentist,GNU C++11,Wrong answer on pretest 3,31 ms,200 KB
13557308,2015-10-12 12:21:09,585A - Gennady the Dentist,GNU C++11,Wrong answer on pretest 3,15 ms,200 KB
13466347,2015-10-07 08:18:00,584B - Kolya and Tanya,GNU C++11,Compilation error,0 ms,0 KB
13466346,2015-10-07 08:18:00,584A - Olesya and Rodion,GNU C++11,Compilation error,0 ms,0 KB
13465792,2015-10-07 07:31:01,584C - Marina and Vasya,GNU C++11,Accepted,31 ms,1500 KB
13465767,2015-10-07 07:28:20,584C - Marina and Vasya,GNU C++11,Wrong answer on test 9,15 ms,200 KB
13465721,2015-10-07 07:23:38,584C - Marina and Vasya,GNU C++11,Runtime error on test 3,15 ms,200 KB
13465423,2015-10-07 06:52:37,584A - Olesya and Rodion,Python 2,Accepted,62 ms,0 KB
13465410,2015-10-07 06:50:36,584A - Olesya and Rodion,Python 2,Runtime error on test 1,30 ms,0 KB
13465404,2015-10-07 06:50:16,584A - Olesya and Rodion,Python 3,Compilation error,0 ms,0 KB
13465398,2015-10-07 06:49:41,584A - Olesya and Rodion,Python 2,Runtime error on test 1,46 ms,0 KB
13465354,2015-10-07 06:45:54,584B - Kolya and Tanya,Python 2,Accepted,62 ms,0 KB
13464949,2015-10-07 06:01:33,584D - Dima and Lisa,GNU C++11,Accepted,31 ms,0 KB
13464948,2015-10-07 06:01:04,584D - Dima and Lisa,GNU C++11,Wrong answer on test 2,15 ms,0 KB
13464776,2015-10-07 05:45:34,584E - Anton and Ira,GNU C++11,Accepted,343 ms,13000 KB
13409877,2015-10-05 06:08:46,582B - Once Again...,GNU C++11,Accepted,93 ms,10700 KB
13391304,2015-10-04 01:48:37,582C - Superior Periodic Subarrays,GNU C++11,Accepted,499 ms,6400 KB
13391081,2015-10-04 01:14:34,582C - Superior Periodic Subarrays,GNU C++11,Wrong answer on test 7,249 ms,6400 KB
13386870,2015-10-03 23:36:45,582B - Once Again...,GNU C++11,Accepted,31 ms,300 KB
13386823,2015-10-03 23:33:50,582B - Once Again...,GNU C++11,Wrong answer on test 2,0 ms,300 KB
13386433,2015-10-03 23:12:16,583B - Robot's Task,GNU C++11,Accepted,31 ms,200 KB
13386394,2015-10-03 23:10:24,583B - Robot's Task,GNU C++11,Wrong answer on test 8,15 ms,200 KB
13385692,2015-10-03 22:51:30,583A - Asphalting Roads,GNU C++11,Accepted,15 ms,0 KB
13380693,2015-10-03 21:18:54,582B - Once Again...,GNU C++11,Accepted,186 ms,4900 KB
13365901,2015-10-03 19:57:04,582A - GCD Table,GNU C++11,Accepted,249 ms,9100 KB
13339184,2015-10-02 09:07:01,500E - New Year Domino,GNU C++11,Accepted,686 ms,18200 KB
13338720,2015-10-02 08:19:11,500E - New Year Domino,GNU C++11,Wrong answer on test 7,826 ms,6500 KB
13338674,2015-10-02 08:14:11,500E - New Year Domino,GNU C++11,Wrong answer on test 3,15 ms,6400 KB
13325516,2015-10-01 08:12:53,581E - Kojiro and Furrari,GNU C++11,Accepted,1731 ms,95100 KB
13325495,2015-10-01 08:10:13,581E - Kojiro and Furrari,GNU C++11,Runtime error on test 7,15 ms,1000 KB
13306792,2015-09-30 02:28:25,581F - Zublicanes and Mumocrates,GNU C++11,Accepted,62 ms,98600 KB
13306780,2015-09-30 02:25:56,581F - Zublicanes and Mumocrates,GNU C++11,Wrong answer on test 25,93 ms,98600 KB
13292530,2015-09-29 09:54:36,581F - Zublicanes and Mumocrates,GNU C++11,Accepted,78 ms,98600 KB
13291877,2015-09-29 08:52:35,1A - Theatre Square,GNU C++11,Wrong answer on test 1,30 ms,200 KB
13291824,2015-09-29 08:46:49,581F - Zublicanes and Mumocrates,GNU C++11,Accepted,108 ms,98600 KB
13291055,2015-09-29 07:20:27,581F - Zublicanes and Mumocrates,GNU C++11,Accepted,109 ms,98600 KB
13196328,2015-09-24 02:21:25,578C - Weakness and Poorness,GNU C++11,Accepted,374 ms,2500 KB
13196310,2015-09-24 02:18:36,578C - Weakness and Poorness,GNU C++11,Wrong answer on test 10,234 ms,2500 KB
13196290,2015-09-24 02:15:54,578C - Weakness and Poorness,GNU C++11,Wrong answer on test 1,15 ms,2500 KB
13190731,2015-09-23 18:42:13,578B - "Or" Game,GNU C++11,Accepted,140 ms,4900 KB
13179420,2015-09-23 09:10:41,578B - "Or" Game,GNU C++11,Runtime error on test 8,77 ms,2500 KB
13177554,2015-09-23 06:50:05,580D - Kefa and Dishes,GNU C++11,Accepted,186 ms,37100 KB
13177413,2015-09-23 06:34:04,580D - Kefa and Dishes,GNU C++11,Runtime error on test 1,15 ms,37100 KB
13177069,2015-09-23 06:01:11,580E - Kefa and Watch,GNU C++11,Accepted,545 ms,45600 KB
13176122,2015-09-23 04:06:51,580E - Kefa and Watch,GNU C++11,Accepted,327 ms,46800 KB
13176087,2015-09-23 04:01:42,580E - Kefa and Watch,GNU C++11,Wrong answer on test 75,374 ms,45800 KB
13176080,2015-09-23 04:00:47,580E - Kefa and Watch,GNU C++11,Wrong answer on test 75,358 ms,45800 KB
13176069,2015-09-23 03:59:36,580E - Kefa and Watch,GNU C++11,Runtime error on test 1,0 ms,23200 KB
13176062,2015-09-23 03:59:15,580E - Kefa and Watch,GNU C++11,Compilation error,0 ms,0 KB
13176047,2015-09-23 03:56:39,580E - Kefa and Watch,GNU C++11,Runtime error on test 1,15 ms,23300 KB
13176033,2015-09-23 03:55:37,580E - Kefa and Watch,GNU C++11,Compilation error,0 ms,0 KB
13175995,2015-09-23 03:51:28,580E - Kefa and Watch,GNU C++11,Wrong answer on test 75,342 ms,45800 KB
13175990,2015-09-23 03:51:02,580E - Kefa and Watch,GNU C++11,Wrong answer on test 75,233 ms,22900 KB
13175845,2015-09-23 03:33:59,580E - Kefa and Watch,GNU C++11,Wrong answer on test 6,31 ms,7800 KB
13096750,2015-09-19 08:47:39,578A - A Problem about Polyline,GNU C++11,Accepted,31 ms,200 KB
13079989,2015-09-18 06:49:29,579B - Finding Team Member,GNU C++11,Accepted,202 ms,12700 KB
13079935,2015-09-18 06:40:56,579A - Raising Bacteria,GNU C++11,Accepted,30 ms,0 KB
13079901,2015-09-18 06:35:23,526F - Pudding Monsters,GNU C++11,Accepted,218 ms,16600 KB
13002480,2015-09-15 06:27:34,577B - Modulo Sum,GNU C++11,Accepted,30 ms,2200 KB
13002404,2015-09-15 06:09:39,577A - Multiplication Table,GNU C++11,Accepted,15 ms,0 KB
12989491,2015-09-13 22:55:00,576D - Flights for Regular Customers,GNU C++11,Accepted,1248 ms,200 KB
12989110,2015-09-13 22:10:12,576D - Flights for Regular Customers,GNU C++11,Time limit exceeded on test 10,4000 ms,0 KB
12989102,2015-09-13 22:09:40,576D - Flights for Regular Customers,GNU C++11,Wrong answer on test 2,0 ms,0 KB
12988988,2015-09-13 21:54:36,576D - Flights for Regular Customers,GNU C++11,Time limit exceeded on test 10,4000 ms,0 KB
12988954,2015-09-13 21:50:53,576D - Flights for Regular Customers,GNU C++11,Runtime error on test 10,1076 ms,100 KB
12988866,2015-09-13 21:40:32,576D - Flights for Regular Customers,GNU C++11,Runtime error on test 10,1014 ms,300 KB
12988809,2015-09-13 21:33:28,576D - Flights for Regular Customers,GNU C++11,Runtime error on test 10,1014 ms,300 KB
12988800,2015-09-13 21:32:12,576D - Flights for Regular Customers,GNU C++11,Wrong answer on test 1,0 ms,300 KB
12988371,2015-09-13 20:36:38,576D - Flights for Regular Customers,GNU C++11,Compilation error,0 ms,0 KB
12988313,2015-09-13 20:30:06,576D - Flights for Regular Customers,GNU C++11,Time limit exceeded on test 10,4000 ms,200 KB
12988146,2015-09-13 20:10:26,576D - Flights for Regular Customers,GNU C++11,Time limit exceeded on test 10,4000 ms,200 KB
12988144,2015-09-13 20:10:00,576D - Flights for Regular Customers,GNU C++11,Wrong answer on test 1,15 ms,200 KB
12988006,2015-09-13 19:56:07,576D - Flights for Regular Customers,GNU C++11,Time limit exceeded on test 10,4000 ms,200 KB
12979026,2015-09-13 03:08:26,576C - Points on Plane,GNU C++11,Accepted,592 ms,21800 KB
12978897,2015-09-13 02:36:25,576B - Invariance of Tree,GNU C++11,Accepted,78 ms,9900 KB
12978874,2015-09-13 02:26:29,576B - Invariance of Tree,GNU C++11,Wrong answer on test 27,78 ms,7900 KB
12978657,2015-09-13 01:37:19,576A - Vasya and Petya's Game,GNU C++11,Accepted,15 ms,200 KB
12878593,2015-09-07 03:38:48,575B - Bribes,GNU C++11,Accepted,405 ms,24700 KB
12878550,2015-09-07 03:25:25,575B - Bribes,GNU C++11,Wrong answer on test 2,390 ms,18500 KB
12878541,2015-09-07 03:22:41,575B - Bribes,GNU C++11,Wrong answer on test 2,358 ms,18500 KB
12878494,2015-09-07 03:13:48,575B - Bribes,GNU C++11,Wrong answer on test 2,811 ms,26800 KB
12878430,2015-09-07 03:01:45,575B - Bribes,GNU C++11,Runtime error on test 2,124 ms,26800 KB
12878077,2015-09-07 01:49:14,575F - Bulbo,GNU C++11,Accepted,982 ms,700 KB
12877865,2015-09-07 01:12:36,575H - Bots,GNU C++11,Accepted,93 ms,7800 KB
12877773,2015-09-07 00:53:08,575D - Tablecity,GNU C++11,Accepted,0 ms,0 KB
12877755,2015-09-07 00:51:01,575D - Tablecity,GNU C++11,Wrong answer on test 1,0 ms,0 KB
12809259,2015-09-02 03:14:30,571D - Campus,GNU C++11,Accepted,577 ms,129400 KB
12778565,2015-08-30 18:11:32,573C - Bear and Drawing,GNU C++11,Accepted,108 ms,9100 KB
12778553,2015-08-30 18:10:17,573C - Bear and Drawing,GNU C++11,Wrong answer on test 8,61 ms,3800 KB
12768482,2015-08-30 02:31:29,574E - Bear and Drawing,GNU C++11,Wrong answer on test 4,15 ms,1500 KB
12768099,2015-08-30 01:27:12,573C - Bear and Drawing,GNU C++11,Compilation error,0 ms,0 KB
12767516,2015-08-30 00:26:10,573C - Bear and Drawing,GNU C++11,Wrong answer on test 8,156 ms,3800 KB
12767474,2015-08-30 00:23:41,573C - Bear and Drawing,GNU C++11,Time limit exceeded on test 3,1000 ms,2100 KB
12765914,2015-08-29 22:31:10,573B - Bear and Blocks,GNU C++11,Accepted,78 ms,1000 KB
12746083,2015-08-29 19:32:04,573A - Bear and Poker,GNU C++11,Accepted,93 ms,200 KB
12662833,2015-08-22 21:29:07,571A - Lengthening Sticks,GNU C++11,Accepted,46 ms,200 KB
12651957,2015-08-22 20:07:09,571B - Minimization,GNU C++11,Accepted,326 ms,100900 KB
12553697,2015-08-16 03:25:15,543C - Remembering Strings,GNU C++11,Accepted,62 ms,4300 KB
12552870,2015-08-16 00:55:59,406B - Toy Sum,GNU C++11,Accepted,217 ms,8700 KB
12541195,2015-08-15 08:48:07,274A - k-Multiple Free Set,GNU C++11,Accepted,186 ms,6100 KB
12536913,2015-08-15 01:55:20,343A - Rational Resistance,GNU C++11,Accepted,62 ms,0 KB
12536907,2015-08-15 01:54:43,343A - Rational Resistance,GNU C++11,Wrong answer on test 4,30 ms,0 KB
12519284,2015-08-14 01:11:42,570E - Pig and Palindromes,GNU C++11,Accepted,873 ms,2500 KB
12516394,2015-08-13 22:01:56,570D - Tree Requests,GNU C++11,Accepted,1028 ms,212100 KB
12512368,2015-08-13 21:07:05,570D - Tree Requests,GNU C++11,Wrong answer on pretest 5,92 ms,253100 KB
12509686,2015-08-13 20:44:47,570D - Tree Requests,GNU C++11,Wrong answer on pretest 5,77 ms,253100 KB
12509308,2015-08-13 20:42:00,570D - Tree Requests,GNU C++11,Wrong answer on pretest 5,77 ms,251000 KB
12503137,2015-08-13 20:05:05,570C - Replacement,GNU C++11,Accepted,171 ms,500 KB
12500535,2015-08-13 19:54:11,570B - Simple Game,GNU C++11,Accepted,31 ms,200 KB
12498482,2015-08-13 19:47:03,570B - Simple Game,GNU C++11,Wrong answer on pretest 4,15 ms,200 KB
12495777,2015-08-13 19:38:40,570A - Elections,GNU C++11,Accepted,31 ms,200 KB
12494930,2015-08-13 19:35:28,570A - Elections,GNU C++11,Wrong answer on pretest 4,15 ms,200 KB
12456780,2015-08-10 22:18:53,569B - Inventory,GNU C++11,Accepted,139 ms,4000 KB
12456540,2015-08-10 22:12:23,569A - Music,GNU C++11,Accepted,31 ms,0 KB
12447699,2015-08-10 20:23:21,568B - Symmetric and Transitive,GNU C++11,Accepted,218 ms,126100 KB
12444798,2015-08-10 20:03:15,568A - Primes or Palindromes?,GNU C++11,Accepted,951 ms,5100 KB
12443572,2015-08-10 19:56:07,568A - Primes or Palindromes?,GNU C++11,Wrong answer on pretest 5,171 ms,1100 KB
12202187,2015-07-23 17:57:15,560B - Gerald is into Art,GNU C++11,Accepted,31 ms,200 KB
12202140,2015-07-23 17:53:32,560A - Currency System in Geraldion,GNU C++11,Accepted,15 ms,200 KB
12194163,2015-07-23 08:17:14,560B - Gerald is into Art,GNU C++11,Wrong answer on test 8,15 ms,200 KB
12194108,2015-07-23 08:09:28,560A - Currency System in Geraldion,GNU C++11,Wrong answer on test 3,0 ms,200 KB
12185929,2015-07-22 20:07:06,559C - Gerald and Giant Chess,GNU C++11,Accepted,1107 ms,1400 KB
12185837,2015-07-22 20:04:59,559C - Gerald and Giant Chess,GNU C++11,Runtime error on test 4,15 ms,600 KB
12183830,2015-07-22 19:25:38,559B - Equivalent Strings,GNU C++11,Accepted,920 ms,600 KB
12183666,2015-07-22 19:23:58,559B - Equivalent Strings,GNU C++11,Runtime error on test 6,15 ms,400 KB
12178592,2015-07-22 18:26:23,559B - Equivalent Strings,GNU C++11,Hacked,265 ms,24100 KB
12177536,2015-07-22 18:17:17,559B - Equivalent Strings,GNU C++11,Wrong answer on hack 1,187 ms,17000 KB
12175113,2015-07-22 17:57:42,559B - Equivalent Strings,GNU C++11,Hacked,46 ms,2600 KB
12164537,2015-07-22 17:02:51,559A - Gerald's Hexagon,GNU C++11,Accepted,31 ms,200 KB
12154708,2015-07-22 01:28:43,535B - Tavas and SaDDas,GNU C++11,Accepted,31 ms,0 KB
12154680,2015-07-22 01:23:23,535A - Tavas and Nafas,GNU C++11,Accepted,30 ms,0 KB
12141611,2015-07-21 07:47:48,526D - Om Nom and Necklace,GNU C++11,Accepted,46 ms,9000 KB
12141604,2015-07-21 07:47:10,526D - Om Nom and Necklace,GNU C++11,Wrong answer on test 1,0 ms,9000 KB
12138568,2015-07-21 02:52:09,526E - Transmitting Levels,GNU C++11,Accepted,1747 ms,23700 KB
12138562,2015-07-21 02:51:13,526E - Transmitting Levels,GNU C++11,Accepted,1762 ms,23700 KB
12135831,2015-07-20 21:46:17,526E - Transmitting Levels,GNU C++11,Time limit exceeded on test 1,3000 ms,12900 KB
12135820,2015-07-20 21:45:19,526E - Transmitting Levels,GNU C++11,Compilation error,0 ms,0 KB
12134819,2015-07-20 21:26:42,526E - Transmitting Levels,GNU C++11,Time limit exceeded on test 6,3000 ms,20700 KB
12133266,2015-07-20 20:08:52,526C - Om Nom and Candies,GNU C++11,Accepted,46 ms,200 KB
12133076,2015-07-20 19:49:13,526B - Om Nom and Dark Park,GNU C++11,Accepted,31 ms,200 KB
12132916,2015-07-20 19:30:08,526A - King of Thieves,GNU C++11,Accepted,31 ms,200 KB
12062649,2015-07-15 03:04:50,558C - Amr and Chemistry,GNU C++11,Accepted,93 ms,1400 KB
12062635,2015-07-15 03:03:02,558C - Amr and Chemistry,GNU C++11,Wrong answer on test 1,0 ms,1300 KB
12062190,2015-07-14 23:19:44,558E - A Simple Task,GNU C++11,Accepted,187 ms,3500 KB
12059362,2015-07-14 20:52:08,558D - Guess Your Way Out! II,GNU C++11,Accepted,358 ms,15800 KB
12059321,2015-07-14 20:51:18,558D - Guess Your Way Out! II,GNU C++11,Wrong answer on test 13,327 ms,15800 KB
12059130,2015-07-14 20:46:36,558D - Guess Your Way Out! II,GNU C++11,Wrong answer on test 13,312 ms,15800 KB
12058846,2015-07-14 20:40:12,558D - Guess Your Way Out! II,GNU C++11,Wrong answer on test 13,327 ms,15800 KB
12057605,2015-07-14 20:02:31,558D - Guess Your Way Out! II,GNU C++11,Wrong answer on pretest 5,78 ms,1400 KB
12055659,2015-07-14 19:42:52,558D - Guess Your Way Out! II,GNU C++11,Wrong answer on pretest 5,62 ms,1500 KB
12049088,2015-07-14 18:47:39,558B - Amr and The Large Array,GNU C++11,Accepted,93 ms,13900 KB
12047971,2015-07-14 18:40:31,558C - Amr and Chemistry,GNU C++11,Accepted,202 ms,6200 KB
12043881,2015-07-14 18:17:41,558A - Lala Land and Apple Trees,GNU C++11,Accepted,31 ms,200 KB
12043787,2015-07-14 18:16:46,558A - Lala Land and Apple Trees,GNU C++11,Wrong answer on pretest 5,15 ms,200 KB
11775094,2015-06-26 19:52:22,370A - Rook, Bishop and King,GNU C++11,Accepted,31 ms,200 KB
11775083,2015-06-26 19:51:03,370A - Rook, Bishop and King,GNU C++11,Wrong answer on test 3,15 ms,200 KB
11774949,2015-06-26 19:38:38,552B - Vanya and Books,GNU C++11,Accepted,31 ms,0 KB
11774901,2015-06-26 19:16:19,552A - Vanya and Table,GNU C++11,Accepted,31 ms,200 KB
11752674,2015-06-25 01:28:57,553D - Nudist Beach,GNU C++11,Accepted,701 ms,5500 KB
11751457,2015-06-24 23:06:33,554B - Ohana Cleans Up,GNU C++11,Accepted,31 ms,200 KB
11751371,2015-06-24 23:01:22,554A - Kyoya and Photobooks,GNU C++11,Accepted,15 ms,200 KB
11749850,2015-06-24 21:37:34,553C - Love Triangles,GNU C++11,Accepted,483 ms,5900 KB
11749484,2015-06-24 21:32:32,553C - Love Triangles,GNU C++11,Skipped,483 ms,5600 KB
11749026,2015-06-24 21:25:31,553C - Love Triangles,GNU C++11,Wrong answer on pretest 6,15 ms,3900 KB
11746181,2015-06-24 20:39:24,553B - Kyoya and Permutation,GNU C++11,Accepted,31 ms,200 KB
11742254,2015-06-24 19:58:57,553A - Kyoya and Colored Balls,GNU C++11,Accepted,46 ms,4200 KB
11713335,2015-06-22 21:27:09,538F - A Heap of Heaps,GNU C++11,Accepted,233 ms,9100 KB
11712725,2015-06-22 20:23:22,538D - Weird Chess,GNU C++11,Accepted,93 ms,500 KB
11712663,2015-06-22 20:16:19,538D - Weird Chess,GNU C++11,Wrong answer on test 1,15 ms,200 KB
11712436,2015-06-22 19:54:16,538C - Tourist's Notes,GNU C++11,Accepted,140 ms,1000 KB
11712414,2015-06-22 19:52:06,538C - Tourist's Notes,GNU C++11,Wrong answer on test 6,15 ms,1000 KB
11712259,2015-06-22 19:39:52,538B - Quasi Binary,GNU C++11,Accepted,109 ms,7800 KB
11712205,2015-06-22 19:35:21,538A - Cutting Banner,GNU C++11,Accepted,15 ms,200 KB
11712193,2015-06-22 19:34:12,538A - Cutting Banner,GNU C++11,Wrong answer on test 24,15 ms,200 KB
11712159,2015-06-22 19:32:19,538A - Cutting Banner,GNU C++11,Wrong answer on test 12,15 ms,200 KB
11704760,2015-06-22 07:47:15,528D - Fuzzy Search,GNU C++11,Accepted,1138 ms,1500 KB
11704753,2015-06-22 07:46:49,528D - Fuzzy Search,GNU C++11,Wrong answer on test 1,0 ms,1500 KB
11560387,2015-06-13 01:48:20,551E - GukiZ and GukiZiana,GNU C++11,Accepted,4617 ms,15400 KB
11560350,2015-06-13 01:43:15,551E - GukiZ and GukiZiana,GNU C++11,Wrong answer on test 9,1528 ms,15400 KB
11560203,2015-06-13 01:22:18,551E - GukiZ and GukiZiana,GNU C++11,Wrong answer on test 9,1247 ms,15400 KB
11559878,2015-06-13 00:35:38,551E - GukiZ and GukiZiana,GNU C++11,Time limit exceeded on test 44,10000 ms,46000 KB
11554619,2015-06-12 21:13:29,551D - GukiZ and Binary Operations,GNU C++11,Accepted,15 ms,200 KB
11554173,2015-06-12 21:07:51,551D - GukiZ and Binary Operations,GNU C++11,Wrong answer on pretest 4,15 ms,200 KB
11554066,2015-06-12 21:06:47,551D - GukiZ and Binary Operations,GNU C++11,Wrong answer on pretest 4,15 ms,200 KB
11551088,2015-06-12 20:32:07,551C - GukiZ hates Boxes,GNU C++11,Accepted,109 ms,1700 KB
11548748,2015-06-12 20:06:44,551B - ZgukistringZ,GNU C++11,Accepted,31 ms,1700 KB
11546176,2015-06-12 19:47:23,551A - GukiZ and Contest,GNU C++11,Accepted,30 ms,200 KB
11489630,2015-06-07 18:57:51,549B - Looksery Party,GNU C++11,Accepted,15 ms,200 KB
11480259,2015-06-07 03:13:54,549G - Happy Line,GNU C++11,Accepted,124 ms,800 KB
11480249,2015-06-07 03:10:45,549G - Happy Line,GNU C++11,Wrong answer on test 2,15 ms,800 KB
11466837,2015-06-06 17:09:42,549D - Haar Features,GNU C++11,Accepted,124 ms,300 KB
11464126,2015-06-06 16:43:26,549H - Degenerate Matrix,GNU C++11,Accepted,15 ms,200 KB
11463703,2015-06-06 16:39:21,549H - Degenerate Matrix,GNU C++11,Time limit exceeded on pretest 3,1000 ms,200 KB
11463557,2015-06-06 16:37:39,549H - Degenerate Matrix,GNU C++11,Time limit exceeded on pretest 3,1000 ms,200 KB
11459079,2015-06-06 16:04:45,549A - Face Detection,GNU C++11,Accepted,30 ms,200 KB
11384104,2015-06-02 01:31:37,547C - Mike and Foam,GNU C++11,Accepted,358 ms,9500 KB
11383814,2015-06-02 00:38:19,547B - Mike and Feet,GNU C++11,Accepted,451 ms,13300 KB
11383800,2015-06-02 00:35:48,547B - Mike and Feet,GNU C++11,Runtime error on test 10,217 ms,5400 KB
11383781,2015-06-02 00:33:17,547B - Mike and Feet,GNU C++11,Runtime error on test 10,233 ms,5400 KB
11383618,2015-06-02 00:07:16,547A - Mike and Frog,GNU C++11,Accepted,218 ms,20500 KB
11383586,2015-06-02 00:03:17,547A - Mike and Frog,GNU C++11,Wrong answer on test 12,15 ms,8000 KB
11259915,2015-05-25 05:22:08,13C - Sequence,GNU C++11,Accepted,218 ms,2500 KB
11259900,2015-05-25 05:19:58,13C - Sequence,GNU C++11,Wrong answer on test 1,0 ms,2500 KB
11085217,2015-05-13 07:24:42,543C - Remembering Strings,GNU C++11,Wrong answer on test 6,15 ms,4300 KB
11074872,2015-05-12 07:31:21,543C - Remembering Strings,GNU C++11,Runtime error on test 6,15 ms,4300 KB
11074866,2015-05-12 07:30:45,543C - Remembering Strings,GNU C++11,Runtime error on test 6,15 ms,4300 KB
11074853,2015-05-12 07:28:48,543C - Remembering Strings,GNU C++11,Runtime error on test 6,15 ms,4300 KB
11074844,2015-05-12 07:27:23,543C - Remembering Strings,GNU C++11,Runtime error on test 6,15 ms,4300 KB
11074833,2015-05-12 07:25:45,543C - Remembering Strings,GNU C++11,Runtime error on test 6,15 ms,4300 KB
11074821,2015-05-12 07:22:25,543C - Remembering Strings,GNU C++11,Runtime error on test 6,15 ms,4300 KB
11074804,2015-05-12 07:18:02,543C - Remembering Strings,GNU C++11,Runtime error on test 6,15 ms,4300 KB
11074734,2015-05-12 06:57:41,543C - Remembering Strings,GNU C++11,Wrong answer on test 6,15 ms,4300 KB
11074706,2015-05-12 06:48:37,543C - Remembering Strings,GNU C++11,Wrong answer on test 6,15 ms,4300 KB
11074653,2015-05-12 06:33:50,543C - Remembering Strings,GNU C++11,Wrong answer on test 6,15 ms,4300 KB
11074590,2015-05-12 06:10:45,543C - Remembering Strings,GNU C++11,Wrong answer on test 6,15 ms,4300 KB
11074201,2015-05-12 03:00:50,543D - Road Improvement,GNU C++11,Accepted,156 ms,8200 KB
11074074,2015-05-12 02:01:56,543B - Destroying Roads,GNU C++11,Accepted,296 ms,35800 KB
11074057,2015-05-12 01:56:25,543B - Destroying Roads,GNU C++11,Wrong answer on test 4,15 ms,35700 KB
11073969,2015-05-12 01:30:53,543A - Writing Code,GNU C++11,Accepted,436 ms,2200 KB
10538529,2015-04-01 08:12:07,413E - Maze 2D,GNU C++11,Time limit exceeded on test 12,2000 ms,1000 KB
10538205,2015-04-01 06:14:56,455E - Function,GNU C++11,Accepted,374 ms,25400 KB
10538118,2015-04-01 05:55:37,455E - Function,GNU C++11,Wrong answer on test 6,0 ms,11100 KB
10537665,2015-04-01 03:19:20,276E - Little Girl and Problem on Trees,GNU C++11,Accepted,996 ms,12200 KB
10537659,2015-04-01 03:17:49,276E - Little Girl and Problem on Trees,GNU C++11,Wrong answer on test 1,0 ms,3700 KB
10537629,2015-04-01 03:05:01,276E - Little Girl and Problem on Trees,GNU C++11,Wrong answer on test 5,30 ms,3700 KB
10529067,2015-03-31 01:45:59,396C - On Changing Tree,GNU C++11,Accepted,1294 ms,76300 KB
10520890,2015-03-30 04:33:23,342E - Xenia and Tree,GNU C++11,Accepted,3026 ms,16600 KB
10520794,2015-03-30 03:52:36,342E - Xenia and Tree,GNU C++11,Wrong answer on test 9,2667 ms,15600 KB
10520145,2015-03-29 23:56:59,383E - Vowels,GNU C++11,Accepted,514 ms,65800 KB
10519203,2015-03-29 21:44:27,283C - Coin Troubles,GNU C++11,Accepted,716 ms,1000 KB
10519190,2015-03-29 21:43:19,283C - Coin Troubles,GNU C++11,Runtime error on test 9,654 ms,600 KB
10519143,2015-03-29 21:38:20,283C - Coin Troubles,GNU C++11,Runtime error on test 9,624 ms,600 KB
10519084,2015-03-29 21:30:51,283C - Coin Troubles,GNU C++11,Wrong answer on test 7,654 ms,600 KB
10517953,2015-03-29 19:38:20,208E - Blood Cousins,GNU C++11,Accepted,998 ms,18100 KB
10511826,2015-03-29 09:44:51,266E - More Queries to Array...,GNU C++11,Accepted,1310 ms,10400 KB
10511773,2015-03-29 09:38:29,266E - More Queries to Array...,GNU C++11,Wrong answer on test 4,62 ms,10400 KB
10510312,2015-03-29 05:22:15,19D - Points,GNU C++11,Accepted,1964 ms,43400 KB
10510298,2015-03-29 05:19:18,19D - Points,GNU C++11,Time limit exceeded on test 13,2000 ms,38400 KB
10509045,2015-03-29 00:04:15,311B - Cats Transport,GNU C++11,Accepted,670 ms,4300 KB
10480216,2015-03-27 02:38:51,525E - Anya and Cubes,GNU C++11,Accepted,312 ms,16800 KB
10479861,2015-03-27 01:35:55,525C - Ilya and Sticks,GNU C++11,Accepted,78 ms,600 KB
10479811,2015-03-27 01:29:01,525B - Pasha and String,GNU C++11,Accepted,92 ms,600 KB
10479692,2015-03-27 01:12:52,525A - Vitaliy and Pie,GNU C++11,Accepted,31 ms,400 KB
10479667,2015-03-27 01:09:14,525A - Vitaliy and Pie,GNU C++11,Wrong answer on test 8,15 ms,400 KB
10428886,2015-03-25 07:24:28,165D - Beard Graph,GNU C++11,Accepted,1028 ms,29500 KB
10428811,2015-03-25 07:01:38,165D - Beard Graph,GNU C++11,Wrong answer on test 7,30 ms,13500 KB
10428756,2015-03-25 06:40:47,165D - Beard Graph,GNU C++11,Wrong answer on test 7,30 ms,13500 KB
10391622,2015-03-22 06:52:02,524E - Rooks and Rectangles,GNU C++11,Accepted,467 ms,22300 KB
10391591,2015-03-22 06:43:37,524E - Rooks and Rectangles,GNU C++11,Wrong answer on test 4,15 ms,15800 KB
10389378,2015-03-22 00:11:28,165D - Beard Graph,GNU C++11,Wrong answer on test 4,30 ms,14000 KB
10374651,2015-03-21 09:40:02,294E - Shaass the Great,GNU C++11,Accepted,2526 ms,800 KB
10374573,2015-03-21 09:34:10,294E - Shaass the Great,GNU C++11,Accepted,2588 ms,800 KB
10373700,2015-03-21 07:46:19,294E - Shaass the Great,GNU C++11,Compilation error,0 ms,0 KB
10373658,2015-03-21 07:36:03,294E - Shaass the Great,GNU C++11,Compilation error,0 ms,0 KB
10373617,2015-03-21 07:24:17,294E - Shaass the Great,GNU C++11,Compilation error,0 ms,0 KB
10373615,2015-03-21 07:24:07,294E - Shaass the Great,GNU C++11,Compilation error,0 ms,0 KB
10373614,2015-03-21 07:23:57,165D - Beard Graph,GNU C++11,Compilation error,0 ms,0 KB
10373601,2015-03-21 07:19:48,165D - Beard Graph,GNU C++11,Compilation error,0 ms,0 KB
10373600,2015-03-21 07:19:42,294E - Shaass the Great,GNU C++11,Compilation error,0 ms,0 KB
10362994,2015-03-20 08:51:48,527E - Data Center Drama,GNU C++11,Accepted,670 ms,28800 KB
10361712,2015-03-20 03:16:51,49E - Common ancestor,GNU C++11,Accepted,62 ms,400 KB
10361711,2015-03-20 03:16:29,49E - Common ancestor,GNU C,Compilation error,0 ms,0 KB
10344446,2015-03-19 05:38:32,407C - Curious Array,GNU C++0x,Accepted,717 ms,5600 KB
10343964,2015-03-19 03:10:29,354B - Game with Strings,GNU C++0x,Accepted,187 ms,344900 KB
10343960,2015-03-19 03:09:54,354B - Game with Strings,GNU C++0x,Wrong answer on test 9,78 ms,164300 KB
10343888,2015-03-19 02:49:56,354B - Game with Strings,GNU C++0x,Wrong answer on test 9,61 ms,164300 KB
10339564,2015-03-18 18:24:21,528B - Clique Problem,GNU C++0x,Accepted,296 ms,1700 KB
10331305,2015-03-18 04:13:05,527C - Glass Carving,GNU C++0x,Accepted,1153 ms,12800 KB
10331271,2015-03-18 04:06:14,527C - Glass Carving,GNU C++0x,Time limit exceeded on test 11,2000 ms,1000 KB
10331128,2015-03-18 03:37:04,527B - Error Correct System,GNU C++0x,Accepted,31 ms,5300 KB
10331042,2015-03-18 03:15:04,527A - Playing with Paper,GNU C++0x,Accepted,15 ms,0 KB
10331009,2015-03-18 03:07:35,115E - Linear Kingdom Races,GNU C++0x,Accepted,1652 ms,21200 KB
10330995,2015-03-18 03:04:21,115E - Linear Kingdom Races,GNU C++0x,Wrong answer on test 8,62 ms,16600 KB
10306132,2015-03-17 03:38:09,95E - Lucky Country,GNU C++0x,Accepted,374 ms,6800 KB
10305839,2015-03-17 01:58:45,13D - Triangles,GNU C++0x,Accepted,746 ms,1200 KB
10304241,2015-03-16 21:44:27,507E - Breaking Good,GNU C++0x,Accepted,389 ms,17500 KB
10296570,2015-03-16 08:18:32,523D - Statistics of Recompressing Videos,GNU C++0x,Accepted,436 ms,22500 KB
10296472,2015-03-16 08:00:03,523C - Name Quest,GNU C++0x,Accepted,15 ms,2100 KB
10296430,2015-03-16 07:49:50,523B - Mean Requests,GNU C++0x,Accepted,3915 ms,3300 KB
10296421,2015-03-16 07:48:19,523B - Mean Requests,GNU C++0x,Time limit exceeded on test 58,4000 ms,3300 KB
10296299,2015-03-16 07:10:53,523A - Rotate, Flip and Zoom,GNU C++0x,Accepted,15 ms,700 KB
10282214,2015-03-15 08:16:01,278B - New Problem,GNU C++0x,Accepted,62 ms,200 KB
10282175,2015-03-15 08:09:13,287A - IQ Test,GNU C++0x,Accepted,15 ms,200 KB
10282160,2015-03-15 08:08:01,287A - IQ Test,GNU C++0x,Wrong answer on test 13,15 ms,200 KB
10282155,2015-03-15 08:07:23,287A - IQ Test,GNU C++0x,Wrong answer on test 1,0 ms,200 KB
10282119,2015-03-15 08:01:56,250B - Restoring IPv6,GNU C++0x,Accepted,60 ms,200 KB
10282041,2015-03-15 07:52:17,250B - Restoring IPv6,GNU C++0x,Accepted,30 ms,200 KB
10281323,2015-03-15 05:29:22,480D - Parcels,GNU C++0x,Accepted,171 ms,3400 KB
10281238,2015-03-15 05:13:38,480D - Parcels,GNU C++0x,Time limit exceeded on test 13,2000 ms,2500 KB
10281067,2015-03-15 04:32:08,480D - Parcels,GNU C++0x,Time limit exceeded on test 13,2000 ms,2500 KB
10280319,2015-03-15 02:00:55,480D - Parcels,GNU C++0x,Time limit exceeded on test 13,2000 ms,2500 KB
10264318,2015-03-14 03:54:43,480D - Parcels,GNU C++0x,Time limit exceeded on test 13,2000 ms,2500 KB
10264268,2015-03-14 03:44:54,480D - Parcels,GNU C++0x,Wrong answer on test 1,0 ms,2400 KB
10264258,2015-03-14 03:42:47,480D - Parcels,GNU C++0x,Time limit exceeded on test 13,2000 ms,2500 KB
10264228,2015-03-14 03:33:23,480D - Parcels,GNU C++0x,Wrong answer on test 3,15 ms,2400 KB
10252929,2015-03-13 04:34:46,506D - Mr. Kitayuta's Colorful Graph,GNU C++0x,Wrong answer on test 6,811 ms,13200 KB
10252828,2015-03-13 04:15:33,506D - Mr. Kitayuta's Colorful Graph,GNU C++0x,Accepted,3478 ms,45700 KB
10252602,2015-03-13 02:56:48,506D - Mr. Kitayuta's Colorful Graph,GNU C++0x,Wrong answer on test 6,780 ms,13200 KB
10252552,2015-03-13 02:44:37,506D - Mr. Kitayuta's Colorful Graph,GNU C++0x,Accepted,374 ms,16900 KB
10252417,2015-03-13 02:08:25,506D - Mr. Kitayuta's Colorful Graph,GNU C++0x,Wrong answer on test 6,390 ms,13200 KB
10251747,2015-03-12 23:59:09,506D - Mr. Kitayuta's Colorful Graph,GNU C++0x,Time limit exceeded on test 6,4000 ms,73100 KB
10244087,2015-03-12 09:44:57,506D - Mr. Kitayuta's Colorful Graph,GNU C++0x,Time limit exceeded on test 6,4000 ms,70000 KB
10244059,2015-03-12 09:41:40,506D - Mr. Kitayuta's Colorful Graph,GNU C++0x,Runtime error on test 3,93 ms,39200 KB
10244022,2015-03-12 09:37:12,506D - Mr. Kitayuta's Colorful Graph,GNU C++0x,Wrong answer on test 3,61 ms,16000 KB
10244016,2015-03-12 09:35:52,506D - Mr. Kitayuta's Colorful Graph,GNU C++0x,Runtime error on test 3,31 ms,16000 KB
10243980,2015-03-12 09:31:45,506D - Mr. Kitayuta's Colorful Graph,GNU C++0x,Wrong answer on test 3,124 ms,38000 KB
10243978,2015-03-12 09:31:25,506D - Mr. Kitayuta's Colorful Graph,GNU C++0x,Compilation error,0 ms,0 KB
10243852,2015-03-12 09:14:27,506D - Mr. Kitayuta's Colorful Graph,GNU C++0x,Runtime error on test 3,108 ms,39500 KB
10243775,2015-03-12 08:50:37,506D - Mr. Kitayuta's Colorful Graph,GNU C++0x,Runtime error on test 3,108 ms,39200 KB
10243690,2015-03-12 08:31:18,506D - Mr. Kitayuta's Colorful Graph,GNU C++0x,Runtime error on test 3,108 ms,39200 KB
10243548,2015-03-12 07:49:03,506D - Mr. Kitayuta's Colorful Graph,GNU C++0x,Runtime error on test 3,93 ms,39200 KB
10243353,2015-03-12 06:59:38,506D - Mr. Kitayuta's Colorful Graph,GNU C++0x,Wrong answer on test 3,467 ms,38300 KB
10214475,2015-03-09 08:05:41,512D - Fox And Travelling,GNU C++0x,Accepted,139 ms,4800 KB
10214463,2015-03-09 08:03:12,512D - Fox And Travelling,GNU C++0x,Wrong answer on test 23,30 ms,4800 KB
10214442,2015-03-09 07:57:24,512D - Fox And Travelling,GNU C++0x,Accepted,140 ms,4800 KB
10214265,2015-03-09 06:53:27,512D - Fox And Travelling,GNU C++0x,Wrong answer on test 23,31 ms,4800 KB
10211464,2015-03-08 21:55:42,522D - Closest Equals,GNU C++0x,Accepted,795 ms,36300 KB
10210386,2015-03-08 20:04:02,522B - Photo to Remember,GNU C++0x,Accepted,358 ms,2500 KB
10210262,2015-03-08 19:53:52,522A - Reposts,GNU C++0x,Accepted,15 ms,200 KB
10200570,2015-03-08 08:03:47,482D - Random Function and Tree,GNU C++0x,Accepted,124 ms,16100 KB
10198466,2015-03-08 00:56:27,212E - IT Restaurants,GNU C++0x,Accepted,124 ms,600 KB
10156014,2015-03-05 07:20:47,400E - Inna and Binary Logic,GNU C++0x,Accepted,1481 ms,107000 KB
10139881,2015-03-04 05:21:48,520B - Two Buttons,GNU C++0x,Accepted,31 ms,100 KB
10139846,2015-03-04 05:14:41,520A - Pangram,GNU C++0x,Accepted,30 ms,0 KB
10139843,2015-03-04 05:14:03,520A - Pangram,GNU C++0x,Compilation error,0 ms,0 KB
10139728,2015-03-04 04:46:01,521C - Pluses everywhere,GNU C++0x,Accepted,217 ms,6000 KB
10139703,2015-03-04 04:37:40,521C - Pluses everywhere,GNU C++0x,Wrong answer on test 4,171 ms,6000 KB
10139498,2015-03-04 03:36:34,521B - Cubes,GNU C++0x,Accepted,873 ms,8100 KB
10139456,2015-03-04 03:27:30,521B - Cubes,GNU C++0x,Wrong answer on test 3,15 ms,200 KB
10139270,2015-03-04 02:47:56,521A - DNA Alignment,GNU C++0x,Accepted,15 ms,300 KB
10139260,2015-03-04 02:47:03,521A - DNA Alignment,GNU C++0x,Wrong answer on test 10,15 ms,300 KB
10128865,2015-03-03 09:31:48,518F - Pasha and Pipe,GNU C++0x,Accepted,1029 ms,284600 KB
10128724,2015-03-03 09:13:18,518F - Pasha and Pipe,GNU C++0x,Wrong answer on test 10,936 ms,280700 KB
10128568,2015-03-03 08:48:13,518F - Pasha and Pipe,GNU C++0x,Wrong answer on test 9,966 ms,280700 KB
10128325,2015-03-03 08:16:03,518F - Pasha and Pipe,GNU C++0x,Wrong answer on test 10,670 ms,280700 KB
10102937,2015-03-02 05:44:02,518E - Arthur and Questions,GNU C++0x,Accepted,327 ms,4000 KB
10102903,2015-03-02 05:33:05,518E - Arthur and Questions,GNU C++0x,Wrong answer on test 24,327 ms,4000 KB
10102894,2015-03-02 05:30:20,518E - Arthur and Questions,GNU C++0x,Wrong answer on test 24,342 ms,4000 KB
10102891,2015-03-02 05:29:22,518E - Arthur and Questions,GNU C++0x,Wrong answer on test 24,342 ms,4000 KB
10102885,2015-03-02 05:27:11,518E - Arthur and Questions,GNU C++0x,Wrong answer on test 24,342 ms,4000 KB
10102784,2015-03-02 04:56:20,518E - Arthur and Questions,GNU C++0x,Wrong answer on test 24,342 ms,4000 KB
10102780,2015-03-02 04:55:02,518E - Arthur and Questions,GNU C++0x,Compilation error,0 ms,0 KB
10102633,2015-03-02 04:06:26,518D - Ilya and Escalator,GNU C++0x,Accepted,109 ms,31800 KB
10102483,2015-03-02 03:26:27,518C - Anya and Smartphone,GNU C++0x,Accepted,155 ms,1000 KB
10102455,2015-03-02 03:19:03,518B - Tanya and Postcard,GNU C++0x,Accepted,30 ms,700 KB
10102432,2015-03-02 03:10:06,518A - Vitaly and Strings,GNU C++0x,Accepted,31 ms,200 KB
10102404,2015-03-02 03:03:45,518A - Vitaly and Strings,GNU C++0x,Wrong answer on test 1,15 ms,200 KB
10102402,2015-03-02 03:03:33,518A - Vitaly and Strings,GNU C++0x,Wrong answer on test 1,0 ms,200 KB
10087574,2015-02-28 22:00:12,519E - A and B and Lecture Rooms,GNU C++0x,Accepted,124 ms,19200 KB
10087533,2015-02-28 21:57:13,519E - A and B and Lecture Rooms,GNU C++0x,Wrong answer on test 4,15 ms,11500 KB
10087182,2015-02-28 21:30:06,519D - A and B and Interesting Substrings,GNU C++0x,Accepted,46 ms,5000 KB
10087176,2015-02-28 21:29:42,519D - A and B and Interesting Substrings,GNU C++0x,Compilation error,0 ms,0 KB
10087158,2015-02-28 21:27:58,519D - A and B and Interesting Substrings,GNU C++0x,Wrong answer on test 39,46 ms,4300 KB
10086963,2015-02-28 21:13:31,519C - A and B and Team Training,GNU C++0x,Accepted,31 ms,0 KB
10086921,2015-02-28 21:10:53,519B - A and B and Compilation Errors,GNU C++0x,Accepted,576 ms,6700 KB
10086721,2015-02-28 20:56:56,519A - A and B and Chess,GNU C++0x,Accepted,15 ms,200 KB
10086707,2015-02-28 20:56:04,519A - A and B and Chess,GNU C++0x,Wrong answer on test 17,15 ms,200 KB
10086656,2015-02-28 20:53:14,519A - A and B and Chess,GNU C++0x,Wrong answer on test 2,15 ms,200 KB
10086611,2015-02-28 20:49:48,519A - A and B and Chess,GNU C++0x,Wrong answer on test 2,15 ms,0 KB
9921365,2015-02-19 05:06:40,228E - The Road to Berland is Paved With Good Intentions,GNU C++0x,Accepted,31 ms,400 KB
9921278,2015-02-19 04:41:20,228E - The Road to Berland is Paved With Good Intentions,GNU C++0x,Wrong answer on test 9,15 ms,300 KB
9908887,2015-02-18 05:09:45,515B - Drazil and His Happy Friends,GNU C++0x,Accepted,15 ms,200 KB
9908859,2015-02-18 05:02:16,515A - Drazil and Date,GNU C++0x,Accepted,15 ms,0 KB
9908845,2015-02-18 04:59:11,514E - Darth Vader and Tree,GNU C++0x,Accepted,608 ms,300 KB
9908837,2015-02-18 04:58:08,514E - Darth Vader and Tree,GNU C++0x,Accepted,608 ms,300 KB
9908016,2015-02-18 02:32:25,516C - Drazil and Park,GNU C++0x,Accepted,639 ms,22700 KB
9907384,2015-02-18 01:01:31,516A - Drazil and Factorial,GNU C++0x,Accepted,31 ms,41200 KB
9861888,2015-02-15 19:49:32,514D - R2D2 and Droid Army,GNU C++0x,Accepted,343 ms,6200 KB
9856257,2015-02-15 10:48:46,514D - R2D2 and Droid Army,GNU C++0x,Accepted,343 ms,6200 KB
9856219,2015-02-15 10:45:13,514D - R2D2 and Droid Army,GNU C++0x,Accepted,701 ms,17900 KB
9855608,2015-02-15 09:37:48,514C - Watto and Mechanism,GNU C++0x,Accepted,810 ms,11800 KB
9855576,2015-02-15 09:33:23,514C - Watto and Mechanism,GNU C++0x,Wrong answer on test 27,639 ms,11800 KB
9855536,2015-02-15 09:28:39,514C - Watto and Mechanism,GNU C++0x,Wrong answer on test 27,156 ms,6800 KB
9855222,2015-02-15 08:52:46,514B - Han Solo and Lazer Gun,GNU C++0x,Accepted,30 ms,200 KB
9855161,2015-02-15 08:44:45,514A - Chewbaсca and Number,GNU C++0x,Accepted,15 ms,0 KB
9855101,2015-02-15 08:37:34,514A - Chewbaсca and Number,GNU C++0x,Wrong answer on test 8,15 ms,0 KB
9855093,2015-02-15 08:36:52,514A - Chewbaсca and Number,GNU C++0x,Time limit exceeded on test 1,1000 ms,0 KB
9768067,2015-02-08 07:58:11,513C - Second price auction,GNU C++0x,Accepted,31 ms,200 KB
9767701,2015-02-08 06:30:52,513A - Game,Python 2,Accepted,46 ms,0 KB
9767690,2015-02-08 06:29:01,513A - Game,Python 2,Runtime error on test 1,46 ms,0 KB
9695150,2015-02-03 07:13:56,510E - Fox And Dinner,GNU C++0x,Accepted,31 ms,500 KB
9693914,2015-02-03 04:17:01,510E - Fox And Dinner,GNU C++0x,Wrong answer on test 3,15 ms,300 KB
9693781,2015-02-03 03:43:55,510D - Fox And Jumping,GNU C++0x,Accepted,31 ms,200 KB
9693648,2015-02-03 03:11:18,510C - Fox And Names,GNU C++0x,Accepted,31 ms,200 KB
9693548,2015-02-03 02:52:41,510B - Fox And Two Dots,GNU C++0x,Accepted,30 ms,300 KB
9693512,2015-02-03 02:42:26,510A - Fox And Snake,GNU C++0x,Accepted,31 ms,0 KB
9668482,2015-02-01 21:07:38,86C - Genetic engineering,GNU C++0x,Accepted,62 ms,11000 KB
9668437,2015-02-01 21:02:28,86C - Genetic engineering,GNU C++0x,Wrong answer on test 6,30 ms,11000 KB
9661138,2015-02-01 06:38:26,509F - Progress Monitoring,GNU C++0x,Accepted,608 ms,1200 KB
9658456,2015-01-31 22:06:20,509E - Pretty Song,GNU C++0x,Accepted,31 ms,8500 KB
9658209,2015-01-31 21:38:10,509C - Sums of Digits,GNU C++0x,Accepted,202 ms,900 KB
9657814,2015-01-31 20:39:30,509B - Painting Pebbles,GNU C++0x,Accepted,30 ms,200 KB
9657621,2015-01-31 20:06:14,509A - Maximum in Table,Python 2,Accepted,46 ms,0 KB
9637778,2015-01-31 09:26:57,505C - Mr. Kitayuta, the Treasure Hunter,GNU C++0x,Accepted,171 ms,65600 KB
9637548,2015-01-31 08:42:29,507D - The Maths Lecture,GNU C++0x,Accepted,233 ms,32100 KB
9622587,2015-01-30 09:00:45,416E - President's Path,GNU C++0x,Accepted,1325 ms,10000 KB
9621852,2015-01-30 06:30:14,506B - Mr. Kitayuta's Technology,GNU C++0x,Accepted,156 ms,3800 KB
9621112,2015-01-30 03:59:48,508D - Tanya and Password,GNU C++0x,Accepted,311 ms,9400 KB
9621101,2015-01-30 03:57:18,508D - Tanya and Password,GNU C++0x,Runtime error on test 8,30 ms,400 KB
9598240,2015-01-28 09:39:33,269C - Flawed Flow,GNU C++0x,Accepted,592 ms,15600 KB
9598194,2015-01-28 09:35:18,269C - Flawed Flow,GNU C++0x,Accepted,577 ms,15600 KB
9597301,2015-01-28 07:55:26,24E - Berland collider,GNU C++0x,Accepted,264 ms,4700 KB
9597280,2015-01-28 07:53:11,24E - Berland collider,GNU C++0x,Wrong answer on test 4,15 ms,4700 KB
9595489,2015-01-28 03:46:04,508E - Arthur and Brackets,GNU C++0x,Accepted,93 ms,900 KB
9468004,2015-01-19 00:45:23,505A - Mr. Kitayuta's Gift,GNU C++0x,Accepted,31 ms,0 KB
9439696,2015-01-16 04:28:12,144D - Missile Silos,GNU C++0x,Accepted,154 ms,6900 KB
9420606,2015-01-13 04:02:50,504B - Misha and Permutations Summation,GNU C++0x,Accepted,140 ms,6300 KB
9420503,2015-01-13 03:21:54,504A - Misha and Forest,GNU C++0x,Accepted,77 ms,2900 KB
9420437,2015-01-13 02:32:27,501B - Misha and Changing Handles,GNU C++0x,Accepted,15 ms,400 KB
9420415,2015-01-13 02:19:45,501A - Contest,GNU C++0x,Accepted,15 ms,0 KB
9394587,2015-01-10 03:13:47,191C - Fools and Roads,GNU C++0x,Accepted,280 ms,18400 KB
9394584,2015-01-10 03:12:11,191C - Fools and Roads,GNU C++0x,Wrong answer on test 4,186 ms,15700 KB
9363898,2015-01-05 09:00:51,394A - Counting Sticks,GNU C++0x,Accepted,30 ms,0 KB
9363883,2015-01-05 08:53:22,394B - Very Beautiful Number,GNU C++0x,Accepted,124 ms,3900 KB
9357440,2015-01-04 07:53:41,141E - Clearing Up,GNU C++0x,Accepted,62 ms,4100 KB
9357122,2015-01-04 06:00:36,160D - Edges in MST,GNU C++0x,Accepted,218 ms,10700 KB
9350037,2015-01-03 08:27:14,115A - Party,GNU C++0x,Accepted,62 ms,400 KB
9350028,2015-01-03 08:23:20,115A - Party,GNU C++0x,Wrong answer on test 1,0 ms,200 KB
9349207,2015-01-03 01:46:00,138C - Mushroom Gnomes - 2,GNU C++0x,Accepted,1870 ms,15400 KB
9343505,2015-01-02 08:47:43,138C - Mushroom Gnomes - 2,GNU C++0x,Time limit exceeded on test 31,2000 ms,8400 KB
9343496,2015-01-02 08:45:41,138C - Mushroom Gnomes - 2,GNU C++0x,Wrong answer on test 5,30 ms,8400 KB
9343487,2015-01-02 08:43:56,138C - Mushroom Gnomes - 2,GNU C++0x,Time limit exceeded on test 31,2000 ms,8400 KB
9343467,2015-01-02 08:38:51,138C - Mushroom Gnomes - 2,GNU C++0x,Wrong answer on test 6,30 ms,8400 KB
9343406,2015-01-02 08:22:04,138C - Mushroom Gnomes - 2,GNU C++0x,Time limit exceeded on test 31,2000 ms,8400 KB
9336387,2015-01-01 05:28:45,181B - Number of Triplets,GNU C++0x,Accepted,92 ms,8900 KB
9336378,2015-01-01 05:25:18,181B - Number of Triplets,GNU C++0x,Wrong answer on test 5,0 ms,8900 KB
9336047,2015-01-01 02:19:20,500F - New Year Shopping,GNU C++0x,Accepted,248 ms,126100 KB
9328550,2014-12-31 03:13:52,500E - New Year Domino,GNU C++0x,Accepted,202 ms,11300 KB
9321326,2014-12-30 19:41:32,500D - New Year Santa Network,GNU C++0x,Accepted,202 ms,12700 KB
9317716,2014-12-30 19:05:38,500C - New Year Book Reading,GNU C++0x,Accepted,31 ms,200 KB
9317432,2014-12-30 19:03:07,500C - New Year Book Reading,GNU C++0x,Wrong answer on pretest 2,15 ms,200 KB
9308789,2014-12-30 18:11:18,500B - New Year Permutation,GNU C++0x,Accepted,31 ms,400 KB
9306334,2014-12-30 18:02:41,500A - New Year Transportation,GNU C++0x,Accepted,31 ms,300 KB
9287243,2014-12-28 00:05:16,183C - Cyclic Coloring,GNU C++0x,Accepted,186 ms,17200 KB
9286668,2014-12-27 21:59:23,434B - Nanami's Digital Board,GNU C++0x,Accepted,374 ms,16800 KB
9286604,2014-12-27 21:44:28,183B - Zoo,GNU C++0x,Accepted,62 ms,4100 KB
9286596,2014-12-27 21:42:26,183B - Zoo,GNU C++0x,Wrong answer on test 11,30 ms,4100 KB
9272327,2014-12-26 05:08:07,343D - Water Tree,GNU C++0x,Accepted,3338 ms,66400 KB
9271512,2014-12-26 00:44:18,69E - Subsegments,GNU C++0x,Accepted,186 ms,7000 KB
9271453,2014-12-26 00:33:01,321B - Ciel and Duel,GNU C++0x,Accepted,62 ms,200 KB
9271060,2014-12-25 23:14:42,321B - Ciel and Duel,GNU C++0x,Wrong answer on test 29,60 ms,200 KB
9271018,2014-12-25 23:07:12,321B - Ciel and Duel,GNU C++0x,Wrong answer on test 7,30 ms,200 KB
9269925,2014-12-25 20:07:54,270A - Fancy Fence,GNU C++0x,Accepted,30 ms,0 KB
9264639,2014-12-25 10:17:10,498D - Traffic Jams in the Land,GNU C++0x,Accepted,1450 ms,62300 KB
9263782,2014-12-25 08:12:24,498B - Name That Tune,GNU C++0x,Accepted,327 ms,196700 KB
9263777,2014-12-25 08:11:58,498B - Name That Tune,GNU C++0x,Wrong answer on test 52,311 ms,196700 KB
9263766,2014-12-25 08:10:40,498B - Name That Tune,GNU C++0x,Time limit exceeded on test 65,1000 ms,196700 KB
9263753,2014-12-25 08:09:08,498B - Name That Tune,GNU C++0x,Wrong answer on test 6,15 ms,196700 KB
9262164,2014-12-25 02:19:47,499B - Lecture,GNU C++0x,Accepted,31 ms,500 KB
9262158,2014-12-25 02:18:52,499B - Lecture,GNU C++0x,Wrong answer on test 1,0 ms,0 KB
9262147,2014-12-25 02:16:35,499B - Lecture,GNU C++0x,Wrong answer on test 1,0 ms,0 KB
9262145,2014-12-25 02:16:16,499B - Lecture,GNU C++0x,Compilation error,0 ms,0 KB
9262014,2014-12-25 01:45:34,498C - Array and Operations,GNU C++0x,Accepted,30 ms,900 KB
9261952,2014-12-25 01:30:42,498C - Array and Operations,GNU C++0x,Wrong answer on test 26,15 ms,900 KB
9261927,2014-12-25 01:26:42,498C - Array and Operations,GNU C++0x,Wrong answer on test 26,15 ms,900 KB
9260653,2014-12-24 22:55:48,499A - Watching a movie,GNU C++0x,Accepted,31 ms,1000 KB
9259229,2014-12-24 22:11:28,498A - Crazy Town,GNU C++0x,Accepted,30 ms,200 KB
9247006,2014-12-24 19:45:35,498A - Crazy Town,GNU C++0x,Wrong answer on test 20,31 ms,200 KB
9235854,2014-12-23 22:48:09,327A - Flipping Game,GNU C++0x,Accepted,60 ms,100 KB
9235847,2014-12-23 22:47:20,327A - Flipping Game,GNU C++0x,Wrong answer on test 3,0 ms,100 KB
9235729,2014-12-23 22:33:29,132C - Logo Turtle,GNU C++0x,Accepted,62 ms,21000 KB
9235208,2014-12-23 21:10:26,132C - Logo Turtle,GNU C++0x,Wrong answer on test 4,30 ms,5400 KB
9235193,2014-12-23 21:09:05,132C - Logo Turtle,GNU C++0x,Wrong answer on test 3,30 ms,5400 KB
9229310,2014-12-23 05:05:31,425C - Sereja and Two Sequences,GNU C++0x,Accepted,546 ms,3900 KB
9229237,2014-12-23 04:42:37,425C - Sereja and Two Sequences,GNU C++0x,Accepted,530 ms,3900 KB
9229191,2014-12-23 04:29:04,425C - Sereja and Two Sequences,GNU C++0x,Accepted,811 ms,3900 KB
9228801,2014-12-23 02:23:04,281A - Word Capitalization,GNU C++0x,Accepted,30 ms,0 KB
9228791,2014-12-23 02:20:40,112A - Petya and Strings,Python 2,Accepted,124 ms,0 KB
9228787,2014-12-23 02:19:41,112A - Petya and Strings,Python 3,Compilation error,0 ms,0 KB
9228779,2014-12-23 02:18:17,112A - Petya and Strings,GNU C++0x,Accepted,62 ms,0 KB
9228774,2014-12-23 02:17:05,112A - Petya and Strings,GNU C++0x,Wrong answer on test 1,30 ms,0 KB
9228723,2014-12-23 02:04:23,398D - Instant Messanger,GNU C++0x,Accepted,1465 ms,9600 KB
9227139,2014-12-22 21:53:14,149E - Martian Strings,GNU C++0x,Accepted,186 ms,1300 KB
9219045,2014-12-21 23:52:26,494D - Birthday,GNU C++0x,Accepted,452 ms,35600 KB
9219021,2014-12-21 23:50:11,494D - Birthday,GNU C++0x,Wrong answer on test 6,31 ms,22400 KB
9217430,2014-12-21 20:08:02,494D - Birthday,GNU C++0x,Wrong answer on test 3,15 ms,22200 KB
9211449,2014-12-21 02:06:51,487D - Conveyor Belts,GNU C++0x,Accepted,280 ms,21800 KB
9202569,2014-12-20 03:38:29,403D - Beautiful Pairs of Numbers,GNU C++0x,Accepted,1014 ms,600 KB
9202562,2014-12-20 03:37:04,403D - Beautiful Pairs of Numbers,GNU C++0x,Wrong answer on test 2,61 ms,600 KB
9200915,2014-12-19 22:38:19,497C - Distributing Parts,GNU C++0x,Accepted,124 ms,7600 KB
9200894,2014-12-19 22:35:33,497C - Distributing Parts,GNU C++0x,Wrong answer on test 5,0 ms,4300 KB
9193679,2014-12-19 08:58:45,497B - Tennis Game,GNU C++0x,Accepted,46 ms,2900 KB
9193063,2014-12-19 06:13:22,497A - Removing Columns,GNU C++0x,Accepted,31 ms,200 KB
9192256,2014-12-19 01:41:39,496B - Secret Combination,GNU C++0x,Accepted,15 ms,200 KB
9192224,2014-12-19 01:34:51,496A - Minimum Difficulty,GNU C++0x,Accepted,15 ms,0 KB
9192222,2014-12-19 01:34:09,496A - Minimum Difficulty,GNU C++0x,Wrong answer on test 1,15 ms,0 KB
9135176,2014-12-15 00:18:33,494B - Obsessive String,GNU C++0x,Accepted,31 ms,1600 KB
9133838,2014-12-14 21:28:22,494A - Treasure,GNU C++0x,Accepted,15 ms,300 KB
9133809,2014-12-14 21:24:28,494A - Treasure,GNU C++0x,Wrong answer on test 14,46 ms,300 KB
9133805,2014-12-14 21:23:55,494A - Treasure,GNU C++0x,Wrong answer on test 1,15 ms,300 KB
9121398,2014-12-14 00:26:07,495B - Modular Equations,GNU C++0x,Accepted,46 ms,0 KB
9121256,2014-12-14 00:14:07,495A - Digital Counter,GNU C++0x,Accepted,46 ms,0 KB
9121244,2014-12-14 00:13:24,495A - Digital Counter,GNU C++0x,Wrong answer on test 14,46 ms,0 KB
9077507,2014-12-11 05:06:17,487B - Strip,GNU C++0x,Accepted,30 ms,3200 KB
9014523,2014-12-08 05:02:22,83A - Magical Array,GNU C++0x,Accepted,186 ms,0 KB
9014442,2014-12-08 04:29:44,53E - Dead Ends,GNU C++0x,Accepted,30 ms,4300 KB
9013322,2014-12-07 23:23:13,407D - Largest Submatrix 3,GNU C++0x,Accepted,451 ms,128300 KB
9013181,2014-12-07 23:01:36,407D - Largest Submatrix 3,GNU C++0x,Wrong answer on test 6,31 ms,128300 KB
8975911,2014-12-04 06:02:08,486E - LIS of Sequence,GNU C++0x,Accepted,93 ms,3300 KB
8975293,2014-12-04 04:08:03,493D - Vasya and Chess,GNU C++0x,Accepted,15 ms,0 KB
8975236,2014-12-04 03:55:27,493C - Vasya and Basketball,GNU C++0x,Accepted,77 ms,3300 KB
8975130,2014-12-04 03:29:03,493B - Vasya and Wrestling,GNU C++0x,Accepted,61 ms,5400 KB
8975095,2014-12-04 03:21:32,493A - Vasya and Football,GNU C++0x,Accepted,15 ms,200 KB
8975086,2014-12-04 03:18:57,493A - Vasya and Football,GNU C++0x,Wrong answer on test 8,15 ms,200 KB
8975060,2014-12-04 03:13:26,493A - Vasya and Football,GNU C++0x,Wrong answer on test 6,15 ms,200 KB
8926122,2014-12-02 03:42:40,492A - Vanya and Cubes,GNU C++0x,Accepted,15 ms,0 KB
8926113,2014-12-02 03:40:08,492B - Vanya and Lanterns,GNU C++0x,Accepted,30 ms,0 KB
8926109,2014-12-02 03:39:21,492B - Vanya and Lanterns,GNU C++0x,Wrong answer on test 3,15 ms,0 KB
8926077,2014-12-02 03:34:45,492C - Vanya and Exams,GNU C++0x,Accepted,46 ms,1600 KB
8926006,2014-12-02 03:21:02,492D - Vanya and Computer Game,GNU C++0x,Accepted,124 ms,0 KB
8925994,2014-12-02 03:17:23,492D - Vanya and Computer Game,GNU C++0x,Runtime error on test 7,93 ms,0 KB
8925972,2014-12-02 03:13:19,492D - Vanya and Computer Game,GNU C++0x,Wrong answer on test 7,93 ms,0 KB
8925952,2014-12-02 03:11:10,492D - Vanya and Computer Game,GNU C++0x,Wrong answer on test 7,93 ms,0 KB
8925882,2014-12-02 02:51:40,492E - Vanya and Field,GNU C++0x,Accepted,171 ms,13800 KB
8895224,2014-11-30 06:26:01,341D - Iahub and Xors,GNU C++0x,Accepted,872 ms,32800 KB
8894543,2014-11-30 02:30:48,96A - Football,GNU C++0x,Accepted,62 ms,0 KB
8894527,2014-11-30 02:27:01,266A - Stones on the Table,GNU C++0x,Accepted,30 ms,0 KB
8894511,2014-11-30 02:23:55,116A - Tram,GNU C++0x,Accepted,60 ms,0 KB
8883078,2014-11-28 23:40:49,159D - Palindrome pairs,GNU C++0x,Accepted,186 ms,8000 KB
8882878,2014-11-28 23:05:57,159E - Zebra Tower,GNU C++0x,Accepted,124 ms,11300 KB
8882821,2014-11-28 22:57:52,159E - Zebra Tower,GNU C++0x,Wrong answer on test 33,140 ms,11300 KB
8882766,2014-11-28 22:49:35,159E - Zebra Tower,GNU C++0x,Wrong answer on test 3,31 ms,1200 KB
8875960,2014-11-28 08:56:03,480D - Parcels,GNU C++0x,Wrong answer on test 3,15 ms,2300 KB
8841177,2014-11-25 03:02:50,490F - Treeland Tour,GNU C++0x,Wrong answer on test 6,15 ms,200 KB
8830159,2014-11-24 04:59:56,490F - Treeland Tour,GNU C++0x,Accepted,1950 ms,800 KB
8830157,2014-11-24 04:58:39,490F - Treeland Tour,GNU C++0x,Accepted,1965 ms,800 KB
8830143,2014-11-24 04:51:19,490F - Treeland Tour,GNU C++0x,Time limit exceeded on test 53,5000 ms,800 KB
8830132,2014-11-24 04:48:29,490F - Treeland Tour,GNU C++0x,Runtime error on test 8,15 ms,200 KB
8829890,2014-11-24 03:15:21,490E - Restoring Increasing Sequence,GNU C++0x,Accepted,62 ms,1200 KB
8829877,2014-11-24 03:12:52,490E - Restoring Increasing Sequence,GNU C++0x,Accepted,46 ms,1200 KB
8829874,2014-11-24 03:11:11,490E - Restoring Increasing Sequence,GNU C++0x,Wrong answer on test 1,0 ms,1200 KB
8829806,2014-11-24 02:50:41,490E - Restoring Increasing Sequence,GNU C++0x,Wrong answer on test 15,31 ms,800 KB
8829706,2014-11-24 02:21:13,490E - Restoring Increasing Sequence,GNU C++0x,Wrong answer on test 12,15 ms,800 KB
8828206,2014-11-23 22:03:08,490D - Chocolate,GNU C++0x,Accepted,31 ms,0 KB
8827743,2014-11-23 21:13:06,490C - Hacking Cypher,GNU C++0x,Accepted,155 ms,8800 KB
8827736,2014-11-23 21:12:39,490C - Hacking Cypher,GNU C++0x,Wrong answer on test 1,0 ms,8800 KB
8827618,2014-11-23 21:00:15,490B - Queue,GNU C++0x,Accepted,264 ms,19000 KB
8827610,2014-11-23 20:59:21,490B - Queue,GNU C++0x,Runtime error on test 7,31 ms,3100 KB
8827548,2014-11-23 20:54:24,490B - Queue,GNU C++0x,Runtime error on test 3,46 ms,8000 KB
8827188,2014-11-23 20:22:28,490A - Team Olympiad,GNU C++0x,Accepted,61 ms,100 KB
8806731,2014-11-22 23:48:27,487C - Prefix Product Sequence,GNU C++0x,Accepted,46 ms,0 KB
8806549,2014-11-22 23:16:11,487A - Fight the Monster,GNU C++0x,Accepted,15 ms,0 KB
8806529,2014-11-22 23:13:12,487A - Fight the Monster,GNU C++0x,Wrong answer on test 7,15 ms,0 KB
8806226,2014-11-22 22:34:34,487B - Strip,GNU C++0x,Accepted,78 ms,4500 KB
8806113,2014-11-22 22:22:24,487B - Strip,GNU C++0x,Wrong answer on test 8,15 ms,1300 KB
8806095,2014-11-22 22:20:14,487B - Strip,GNU C++0x,Wrong answer on test 6,15 ms,1400 KB
8805866,2014-11-22 21:54:49,487B - Strip,GNU C++0x,Wrong answer on test 6,30 ms,1000 KB
8805846,2014-11-22 21:53:11,487B - Strip,GNU C++0x,Wrong answer on test 5,15 ms,900 KB
8794004,2014-11-22 03:59:10,487B - Strip,GNU C++0x,Time limit exceeded on test 15,1000 ms,4100 KB
8794000,2014-11-22 03:58:25,487B - Strip,GNU C++0x,Wrong answer on test 2,15 ms,4100 KB
8793991,2014-11-22 03:54:59,487B - Strip,GNU C++0x,Time limit exceeded on test 15,1000 ms,4100 KB
8793499,2014-11-22 02:15:24,488B - Candy Boxes,GNU C++0x,Accepted,108 ms,0 KB
8793496,2014-11-22 02:14:46,488B - Candy Boxes,GNU C++0x,Wrong answer on test 6,31 ms,0 KB
8793495,2014-11-22 02:14:16,488B - Candy Boxes,GNU C++0x,Wrong answer on test 4,15 ms,0 KB
8793341,2014-11-22 01:43:21,488A - Giga Tower,GNU C++0x,Accepted,15 ms,0 KB
8741134,2014-11-18 05:33:14,489E - Hiking,GNU C++0x,Accepted,920 ms,0 KB
8741128,2014-11-18 05:31:31,489E - Hiking,GNU C++0x,Wrong answer on test 24,62 ms,0 KB
8740701,2014-11-18 04:08:14,489F - Special Matrices,GNU C++0x,Accepted,343 ms,2300 KB
8740345,2014-11-18 02:45:34,489D - Unbearable Controversy of Being,GNU C++0x,Accepted,31 ms,500 KB
8740272,2014-11-18 02:23:08,489C - Given Length and Sum of Digits...,GNU C++0x,Accepted,15 ms,0 KB
8740264,2014-11-18 02:21:16,489C - Given Length and Sum of Digits...,GNU C++0x,Wrong answer on test 8,0 ms,0 KB
8740162,2014-11-18 02:02:34,489B - BerSU Ball,GNU C++0x,Accepted,31 ms,200 KB
8740112,2014-11-18 01:54:13,489A - SwapSort,GNU C++0x,Accepted,30 ms,0 KB
8663477,2014-11-11 21:22:04,486C - Palindrome Transformation,GNU C++0x,Accepted,31 ms,100 KB
8662358,2014-11-11 20:41:49,486D - Valid Sets,GNU C++0x,Accepted,31 ms,200 KB
8652615,2014-11-11 18:16:03,486B - OR in Matrix,GNU C++0x,Accepted,31 ms,100 KB
8650946,2014-11-11 18:06:10,486A - Calculating Function,GNU C++0x,Accepted,15 ms,0 KB
8644466,2014-11-11 03:03:06,484E - Sign on Fence,GNU C++0x,Accepted,2994 ms,9800 KB
8644149,2014-11-11 02:58:08,484E - Sign on Fence,GNU C++0x,Wrong answer on test 6,1980 ms,9800 KB
8628840,2014-11-10 10:12:05,484D - Kindergarten,GNU C++0x,Accepted,249 ms,15700 KB
8628833,2014-11-10 10:10:58,484D - Kindergarten,GNU C++0x,Accepted,935 ms,15700 KB
8628705,2014-11-10 09:50:51,484D - Kindergarten,GNU C++0x,Wrong answer on test 7,15 ms,15700 KB
8627188,2014-11-10 02:03:08,379F - New Year Tree,GNU C++0x,Accepted,670 ms,86200 KB
8627175,2014-11-10 02:00:29,379F - New Year Tree,GNU C++0x,Runtime error on test 11,217 ms,41000 KB
8626036,2014-11-09 22:42:18,196C - Paint Tree,GNU C++0x,Accepted,1622 ms,66500 KB
8625931,2014-11-09 22:30:44,196C - Paint Tree,GNU C++0x,Wrong answer on test 17,1684 ms,66500 KB
8625905,2014-11-09 22:27:59,196C - Paint Tree,GNU C++0x,Wrong answer on test 7,1652 ms,66500 KB
8625897,2014-11-09 22:26:41,196C - Paint Tree,GNU C++0x,Wrong answer on test 1,30 ms,100 KB
8625802,2014-11-09 22:14:57,196C - Paint Tree,GNU C++0x,Wrong answer on test 17,530 ms,44500 KB
8624708,2014-11-09 19:42:26,117C - Cycle,GNU C++0x,Time limit exceeded on test 11,2500 ms,24800 KB
8611095,2014-11-08 05:53:47,485B - Valuable Resources,GNU C++0x,Accepted,15 ms,0 KB
8611070,2014-11-08 05:47:47,485A - Factory,GNU C++0x,Accepted,15 ms,0 KB
8611067,2014-11-08 05:46:35,485A - Factory,GNU C++0x,Wrong answer on test 2,0 ms,0 KB
8611051,2014-11-08 05:43:35,485A - Factory,GNU C++0x,Wrong answer on test 12,15 ms,0 KB
8611048,2014-11-08 05:42:10,485A - Factory,GNU C++0x,Wrong answer on test 9,15 ms,0 KB
8610992,2014-11-08 05:21:43,484C - Strange Sorting,GNU C++0x,Accepted,343 ms,17600 KB
8610653,2014-11-08 03:07:07,484B - Maximum Value,GNU C++0x,Accepted,202 ms,8600 KB
8610633,2014-11-08 03:01:07,484B - Maximum Value,GNU C++0x,Wrong answer on test 5,15 ms,4700 KB
8610514,2014-11-08 02:29:31,484A - Bits,GNU C++0x,Accepted,77 ms,0 KB
8610488,2014-11-08 02:25:36,484A - Bits,GNU C++0x,Wrong answer on test 24,62 ms,0 KB
8584445,2014-11-06 09:22:27,161D - Distance in Tree,GNU C++0x,Accepted,2402 ms,103300 KB
8584434,2014-11-06 09:21:50,161D - Distance in Tree,GNU C++0x,Runtime error on test 7,62 ms,100200 KB
8553914,2014-11-05 08:01:53,154C - Double Profiles,GNU C++0x,Accepted,1152 ms,23500 KB
8553894,2014-11-05 07:57:23,154C - Double Profiles,GNU C++0x,Time limit exceeded on test 30,3000 ms,55000 KB
8552798,2014-11-05 02:49:37,91E - Igloo Skyscraper,GNU C++0x,Accepted,1590 ms,10200 KB
8552776,2014-11-05 02:40:54,91E - Igloo Skyscraper,GNU C++0x,Wrong answer on test 21,1560 ms,10200 KB
8530693,2014-11-03 05:38:39,156B - Suspects,GNU C++0x,Accepted,92 ms,1300 KB
8530495,2014-11-03 04:01:11,91E - Igloo Skyscraper,GNU C++0x,Wrong answer on test 10,1496 ms,8800 KB
8530465,2014-11-03 03:50:57,91E - Igloo Skyscraper,GNU C++0x,Wrong answer on test 10,1684 ms,8800 KB
8530338,2014-11-03 03:15:59,475E - Strongly Connected City 2,GNU C++0x,Accepted,202 ms,7900 KB
8530103,2014-11-03 02:21:29,475E - Strongly Connected City 2,GNU C++0x,Wrong answer on test 5,0 ms,4200 KB
8526501,2014-11-02 21:06:51,3C - Tic-tac-toe,GNU C++0x,Accepted,62 ms,1300 KB
8526486,2014-11-02 21:05:34,3C - Tic-tac-toe,GNU C++0x,Wrong answer on test 120,62 ms,1300 KB
8526330,2014-11-02 20:51:23,3C - Tic-tac-toe,GNU C++0x,Wrong answer on test 2,30 ms,1300 KB
8525660,2014-11-02 19:54:15,387E - George and Cards,GNU C++0x,Accepted,920 ms,48200 KB
8525586,2014-11-02 19:45:42,387E - George and Cards,GNU C++0x,Accepted,904 ms,48200 KB
8515933,2014-11-01 20:19:50,10D - LCIS,GNU C++0x,Accepted,62 ms,5300 KB
8475199,2014-10-30 04:10:52,91E - Igloo Skyscraper,GNU C++0x,Wrong answer on test 21,1560 ms,8300 KB
8474925,2014-10-30 02:51:50,91E - Igloo Skyscraper,GNU C++0x,Wrong answer on test 21,1558 ms,7400 KB
8474878,2014-10-30 02:37:45,91E - Igloo Skyscraper,GNU C++0x,Wrong answer on test 21,1590 ms,8300 KB
8474826,2014-10-30 02:25:50,91E - Igloo Skyscraper,GNU C++0x,Time limit exceeded on test 10,5000 ms,8300 KB
8474630,2014-10-30 01:36:18,91E - Igloo Skyscraper,GNU C++0x,Wrong answer on test 21,1652 ms,10100 KB
8474628,2014-10-30 01:35:56,91E - Igloo Skyscraper,GNU C++0x,Compilation error,0 ms,0 KB
8474623,2014-10-30 01:35:19,91E - Igloo Skyscraper,GNU C++0x,Wrong answer on test 1,0 ms,0 KB
8466343,2014-10-29 10:07:43,91E - Igloo Skyscraper,GNU C++0x,Wrong answer on test 21,1620 ms,9300 KB
8465660,2014-10-29 08:21:48,91E - Igloo Skyscraper,GNU C++0x,Wrong answer on test 21,1590 ms,9100 KB
8465543,2014-10-29 07:49:41,91E - Igloo Skyscraper,GNU C++0x,Wrong answer on test 10,1466 ms,9100 KB
8465431,2014-10-29 07:19:00,91E - Igloo Skyscraper,GNU C++0x,Wrong answer on test 21,1714 ms,9100 KB
8465262,2014-10-29 06:21:57,91E - Igloo Skyscraper,GNU C++0x,Wrong answer on test 21,1622 ms,9100 KB
8465223,2014-10-29 06:13:12,91E - Igloo Skyscraper,GNU C++0x,Wrong answer on test 21,1746 ms,9100 KB
8465217,2014-10-29 06:12:07,91E - Igloo Skyscraper,GNU C++0x,Wrong answer on test 21,1622 ms,9100 KB
8465207,2014-10-29 06:10:24,91E - Igloo Skyscraper,GNU C++0x,Wrong answer on test 21,1776 ms,9100 KB
8465197,2014-10-29 06:07:54,91E - Igloo Skyscraper,GNU C++0x,Wrong answer on test 21,1778 ms,9100 KB
8465185,2014-10-29 06:04:51,91E - Igloo Skyscraper,GNU C++0x,Wrong answer on test 21,1776 ms,9100 KB
8465164,2014-10-29 06:01:06,91E - Igloo Skyscraper,GNU C++0x,Wrong answer on test 21,1714 ms,8300 KB
8465158,2014-10-29 06:00:12,91E - Igloo Skyscraper,GNU C++0x,Wrong answer on test 21,1714 ms,8300 KB
8465139,2014-10-29 05:53:33,91E - Igloo Skyscraper,GNU C++0x,Wrong answer on test 21,1684 ms,8300 KB
8465133,2014-10-29 05:52:00,91E - Igloo Skyscraper,GNU C++0x,Wrong answer on test 21,1620 ms,8300 KB
8465115,2014-10-29 05:46:08,91E - Igloo Skyscraper,GNU C++0x,Runtime error on test 21,1590 ms,8300 KB
8465111,2014-10-29 05:45:23,91E - Igloo Skyscraper,GNU C++0x,Wrong answer on test 21,1620 ms,8300 KB
8465061,2014-10-29 05:28:39,91E - Igloo Skyscraper,GNU C++0x,Wrong answer on test 21,1590 ms,8300 KB
8465055,2014-10-29 05:26:20,91E - Igloo Skyscraper,GNU C++0x,Wrong answer on test 21,1622 ms,8300 KB
8465046,2014-10-29 05:23:52,91E - Igloo Skyscraper,GNU C++0x,Runtime error on test 2,30 ms,4300 KB
8464985,2014-10-29 05:01:58,91E - Igloo Skyscraper,GNU C++0x,Wrong answer on test 21,1652 ms,8300 KB
8425062,2014-10-27 02:47:41,13E - Holes,GNU C++0x,Accepted,716 ms,1200 KB
8422552,2014-10-27 00:37:49,444E - DZY Loves Planting,GNU C++0x,Accepted,31 ms,100 KB
8422549,2014-10-27 00:37:25,444E - DZY Loves Planting,GNU C++0x,Wrong answer on test 49,15 ms,100 KB
8417524,2014-10-26 07:56:43,444E - DZY Loves Planting,GNU C++0x,Wrong answer on test 1,15 ms,0 KB
8417448,2014-10-26 07:29:56,444E - DZY Loves Planting,GNU C++0x,Wrong answer on test 49,15 ms,100 KB
8417384,2014-10-26 06:57:32,444E - DZY Loves Planting,GNU C++0x,Wrong answer on test 1,15 ms,0 KB
8417375,2014-10-26 06:54:51,444E - DZY Loves Planting,GNU C++0x,Compilation error,0 ms,0 KB
8417369,2014-10-26 06:53:55,444E - DZY Loves Planting,GNU C++0x,Wrong answer on test 1,0 ms,0 KB
8417349,2014-10-26 06:46:09,444E - DZY Loves Planting,GNU C++0x,Wrong answer on test 1,0 ms,0 KB
8417346,2014-10-26 06:45:26,444E - DZY Loves Planting,GNU C++0x,Compilation error,0 ms,0 KB
8417282,2014-10-26 06:33:50,444E - DZY Loves Planting,GNU C++0x,Compilation error,0 ms,0 KB
8417270,2014-10-26 06:24:54,444E - DZY Loves Planting,GNU C++0x,Wrong answer on test 1,0 ms,0 KB
8417265,2014-10-26 06:21:08,318A - Even Odds,GNU C++0x,Accepted,30 ms,0 KB
8415120,2014-10-26 00:27:26,482C - Game with Strings,GNU C++0x,Accepted,530 ms,16400 KB
8415061,2014-10-26 00:20:33,482C - Game with Strings,GNU C++0x,Wrong answer on test 10,202 ms,16400 KB
8415048,2014-10-26 00:18:51,482C - Game with Strings,GNU C++0x,Wrong answer on test 10,186 ms,16400 KB
8414903,2014-10-25 23:18:05,482C - Game with Strings,GNU C++0x,Runtime error on test 4,15 ms,16400 KB
8398146,2014-10-25 09:24:50,483B - Friends and Presents,GNU C++0x,Accepted,31 ms,0 KB
8397233,2014-10-25 06:45:53,483A - Counterexample,GNU C++0x,Accepted,15 ms,0 KB
8397030,2014-10-25 06:16:13,482B - Interesting Array,GNU C++0x,Accepted,202 ms,26200 KB
8396953,2014-10-25 06:01:39,482B - Interesting Array,GNU C++0x,Wrong answer on test 6,15 ms,26200 KB
8396815,2014-10-25 05:36:55,482B - Interesting Array,GNU C++0x,Wrong answer on test 3,15 ms,53100 KB
8396759,2014-10-25 05:24:24,482B - Interesting Array,GNU C++0x,Time limit exceeded on test 9,1000 ms,43400 KB
8396704,2014-10-25 05:17:46,482B - Interesting Array,GNU C++0x,Wrong answer on test 8,46 ms,43400 KB
8396612,2014-10-25 04:55:39,482A - Diverse Permutation,GNU C++0x,Accepted,31 ms,0 KB
8325486,2014-10-20 06:38:52,478C - Table Decorations,GNU C++0x,Accepted,15 ms,0 KB
8325473,2014-10-20 06:36:37,478C - Table Decorations,GNU C++0x,Wrong answer on test 7,15 ms,0 KB
8325470,2014-10-20 06:36:00,478C - Table Decorations,GNU C++0x,Compilation error,0 ms,0 KB
8325382,2014-10-20 06:24:32,478E - Wavy numbers,GNU C++0x,Accepted,763 ms,159300 KB
8325356,2014-10-20 06:21:28,478E - Wavy numbers,GNU C++0x,Wrong answer on test 4,498 ms,158200 KB
8322183,2014-10-19 21:46:57,479B - Towers,GNU C++0x,Accepted,46 ms,0 KB
8322163,2014-10-19 21:45:52,479B - Towers,GNU C++0x,Wrong answer on test 1,31 ms,0 KB
8322000,2014-10-19 21:35:24,479A - Expression,GNU C++0x,Accepted,46 ms,0 KB
8321875,2014-10-19 21:23:43,480C - Riding in a Lift,GNU C++0x,Accepted,421 ms,100 KB
8321534,2014-10-19 20:57:32,480C - Riding in a Lift,GNU C++0x,Wrong answer on test 10,62 ms,100 KB
8320688,2014-10-19 20:10:48,480B - Long Jumps,GNU C++0x,Accepted,155 ms,3700 KB
8320339,2014-10-19 19:56:40,480A - Exams,GNU C++0x,Accepted,62 ms,400 KB
8288069,2014-10-18 04:03:49,478D - Red-Green Towers,GNU C++0x,Accepted,561 ms,3100 KB
8287949,2014-10-18 03:32:59,478B - Random Teams,GNU C++0x,Accepted,93 ms,0 KB
8287920,2014-10-18 03:25:15,478A - Initial Bet,GNU C++0x,Accepted,296 ms,0 KB
8287914,2014-10-18 03:23:41,478A - Initial Bet,GNU C++0x,Wrong answer on test 3,62 ms,0 KB
8287907,2014-10-18 03:22:49,478A - Initial Bet,GNU C++0x,Wrong answer on test 3,265 ms,0 KB
8210475,2014-10-12 22:07:27,477C - Dreamoon and Strings,GNU C++0x,Accepted,31 ms,15800 KB
8209670,2014-10-12 21:17:31,476B - Dreamoon and WiFi,GNU C,Accepted,30 ms,0 KB
8209633,2014-10-12 21:15:42,476B - Dreamoon and WiFi,GNU C++0x,Accepted,30 ms,0 KB
8209609,2014-10-12 21:14:46,476B - Dreamoon and WiFi,GNU C++0x,Wrong answer on test 2,15 ms,0 KB
8209298,2014-10-12 21:01:27,476A - Dreamoon and Stairs,GNU C++0x,Accepted,31 ms,0 KB
8208883,2014-10-12 20:46:19,477B - Dreamoon and Sets,GNU C++0x,Accepted,31 ms,0 KB
