ID,Timestamp,Problem,Lang,Verdict,Time,Memory,Rank:20906
18324535,2016-06-08 21:16:46,680C - Bear and Prime 100,MS C++,Idleness limit exceeded on pretest 1,0 ms,0 KB
18323154,2016-06-08 21:07:15,680C - Bear and Prime 100,MS C++,Idleness limit exceeded on pretest 1,0 ms,0 KB
18322807,2016-06-08 21:04:52,680C - Bear and Prime 100,MS C++,Idleness limit exceeded on pretest 1,0 ms,0 KB
18322498,2016-06-08 21:02:49,680C - Bear and Prime 100,MS C++,Idleness limit exceeded on pretest 1,0 ms,0 KB
18320413,2016-06-08 20:49:31,680C - Bear and Prime 100,MS C++,Idleness limit exceeded on pretest 1,0 ms,0 KB
18317024,2016-06-08 20:31:08,680C - Bear and Prime 100,MS C++,Idleness limit exceeded on pretest 1,0 ms,0 KB
18311731,2016-06-08 20:07:47,680B - Bear and Finding Criminals,MS C++,Accepted,15 ms,2200 KB
18310126,2016-06-08 20:01:28,680B - Bear and Finding Criminals,MS C++,Wrong answer on pretest 7,15 ms,2000 KB
18305246,2016-06-08 19:46:10,680A - Bear and Five Cards,MS C++,Accepted,15 ms,2200 KB
18297132,2016-06-08 14:18:04,677B - Vanya and Food Processor,MS C++,Accepted,46 ms,2900 KB
18297082,2016-06-08 14:14:06,677B - Vanya and Food Processor,MS C++,Time limit exceeded on test 8,1000 ms,2900 KB
18284950,2016-06-07 16:28:17,677B - Vanya and Food Processor,MS C++,Wrong answer on test 5,15 ms,2400 KB
18284200,2016-06-07 15:36:16,677A - Vanya and Fence,MS C++,Accepted,15 ms,2200 KB
17953667,2016-05-16 21:29:29,675B - Restoring Painting,MS C++,Accepted,31 ms,2200 KB
17943869,2016-05-16 20:12:42,675A - Infinite Sequence,MS C++,Accepted,31 ms,2200 KB
17939166,2016-05-16 19:51:15,675A - Infinite Sequence,MS C++,Wrong answer on pretest 7,15 ms,2000 KB
17932467,2016-05-16 17:06:17,672D - Robin Hood,MS C++,Wrong answer on test 4,15 ms,2000 KB
17932353,2016-05-16 16:55:14,672D - Robin Hood,MS C++,Wrong answer on test 4,15 ms,2000 KB
17932191,2016-05-16 16:41:55,672D - Robin Hood,MS C++,Time limit exceeded on test 8,1000 ms,2000 KB
17932043,2016-05-16 16:30:13,672D - Robin Hood,MS C++,Wrong answer on test 9,93 ms,2000 KB
17931774,2016-05-16 16:09:03,672D - Robin Hood,MS C++,Wrong answer on test 4,15 ms,2000 KB
17931361,2016-05-16 15:34:53,672B - Different is Good,MS C++,Accepted,15 ms,2300 KB
17931189,2016-05-16 15:22:46,672A - Summer Camp,MS C++,Accepted,15 ms,2500 KB
17754901,2016-05-06 08:56:34,670C - Cinema,MS C++,Wrong answer on test 9,15 ms,2900 KB
17747418,2016-05-05 21:28:02,670C - Cinema,MS C++,Wrong answer on pretest 5,15 ms,3000 KB
17743484,2016-05-05 20:56:09,670B - Game of Robots,MS C++,Accepted,46 ms,80500 KB
17739565,2016-05-05 20:27:52,670B - Game of Robots,MS C++,Runtime error on pretest 13,31 ms,80500 KB
17737555,2016-05-05 20:15:39,670B - Game of Robots,MS C++,Runtime error on pretest 13,30 ms,9800 KB
17734608,2016-05-05 19:59:27,670B - Game of Robots,MS C++,Runtime error on pretest 13,62 ms,9900 KB
17731773,2016-05-05 19:46:54,670B - Game of Robots,MS C++,Runtime error on pretest 13,30 ms,2400 KB
17725712,2016-05-05 19:24:18,670A - Holidays,MS C++,Accepted,31 ms,2200 KB
17719523,2016-05-05 17:34:55,4B - Before an Exam,MS C++,Accepted,15 ms,2500 KB
17719510,2016-05-05 17:34:05,4B - Before an Exam,MS C++,Accepted,15 ms,2500 KB
17719486,2016-05-05 17:32:29,4B - Before an Exam,MS C++,Wrong answer on test 5,15 ms,2400 KB
17719124,2016-05-05 17:21:52,4B - Before an Exam,MS C++,Wrong answer on test 5,15 ms,2400 KB
17718814,2016-05-05 17:17:41,4B - Before an Exam,MS C++,Wrong answer on test 5,15 ms,2500 KB
17718801,2016-05-05 17:16:00,4B - Before an Exam,MS C++,Wrong answer on test 5,15 ms,2500 KB
17718708,2016-05-05 17:06:03,4B - Before an Exam,MS C++,Wrong answer on test 3,15 ms,2500 KB
17718680,2016-05-05 17:02:21,4C - Registration System,MS C++,Wrong answer on test 7,624 ms,2200 KB
17718667,2016-05-05 17:01:30,4C - Registration System,MS C++,Wrong answer on test 1,30 ms,2000 KB
17718628,2016-05-05 16:58:15,4C - Registration System,MS C++,Wrong answer on test 7,560 ms,2200 KB
17718519,2016-05-05 16:48:38,4C - Registration System,MS C++,Wrong answer on test 7,528 ms,2000 KB
17718497,2016-05-05 16:46:01,4C - Registration System,MS C++,Wrong answer on test 7,1776 ms,9500 KB
17718451,2016-05-05 16:41:49,4C - Registration System,MS C++,Wrong answer on test 7,840 ms,9600 KB
17718411,2016-05-05 16:36:35,4C - Registration System,MS C++,Wrong answer on test 7,622 ms,2200 KB
17718327,2016-05-05 16:23:10,4C - Registration System,MS C++,Time limit exceeded on test 5,5000 ms,2200 KB
17718256,2016-05-05 16:16:11,4B - Before an Exam,MS C++,Wrong answer on test 3,0 ms,2400 KB
17718221,2016-05-05 16:12:05,4B - Before an Exam,MS C++,Wrong answer on test 2,15 ms,2000 KB
17718070,2016-05-05 15:56:58,4A - Watermelon,MS C++,Accepted,30 ms,2200 KB
17718048,2016-05-05 15:54:36,4A - Watermelon,MS C++,Wrong answer on test 5,30 ms,2000 KB
17698384,2016-05-03 15:44:47,617E - XOR and Favorite Number,MS C++,Accepted,421 ms,29600 KB
17698347,2016-05-03 15:41:02,617E - XOR and Favorite Number,MS C++,Accepted,514 ms,33500 KB
17698321,2016-05-03 15:39:10,617E - XOR and Favorite Number,MS C++,Wrong answer on test 5,31 ms,29600 KB
17698285,2016-05-03 15:36:14,617E - XOR and Favorite Number,MS C++,Wrong answer on test 5,46 ms,29600 KB
17698258,2016-05-03 15:33:54,617E - XOR and Favorite Number,MS C++,Wrong answer on test 5,31 ms,29500 KB
17698223,2016-05-03 15:31:32,617E - XOR and Favorite Number,MS C++,Wrong answer on test 5,46 ms,29600 KB
17698206,2016-05-03 15:29:13,617E - XOR and Favorite Number,MS C++,Compilation error,0 ms,0 KB
17698196,2016-05-03 15:28:13,617E - XOR and Favorite Number,MS C++,Compilation error,0 ms,0 KB
17691297,2016-05-02 17:46:28,669B - Little Artem and Grasshopper,MS C++,Time limit exceeded on test 7,2000 ms,2500 KB
17690724,2016-05-02 17:14:33,669A - Little Artem and Presents,MS C++,Accepted,31 ms,2000 KB
17578614,2016-04-29 20:44:38,667B - Coat of Anticubism,MS C++,Accepted,31 ms,2500 KB
17574508,2016-04-29 20:08:16,667A - Pouring Rain,MS C++,Accepted,15 ms,2000 KB
17567295,2016-04-29 17:03:57,664B - Rebus,MS C++,Accepted,15 ms,2200 KB
17567283,2016-04-29 17:02:53,664B - Rebus,MS C++,Wrong answer on test 2,15 ms,2000 KB
17421687,2016-04-21 18:27:05,664B - Rebus,MS C++,Wrong answer on test 12,15 ms,2200 KB
17421620,2016-04-21 18:22:41,664B - Rebus,MS C++,Wrong answer on test 5,15 ms,2200 KB
17421601,2016-04-21 18:21:20,664B - Rebus,MS C++,Wrong answer on test 4,15 ms,2000 KB
17421442,2016-04-21 18:11:14,664B - Rebus,MS C++,Wrong answer on test 13,15 ms,2000 KB
17421382,2016-04-21 18:06:10,664B - Rebus,MS C++,Wrong answer on test 5,0 ms,2200 KB
17420625,2016-04-21 17:02:01,664B - Rebus,MS C++,Wrong answer on test 5,15 ms,2000 KB
17420560,2016-04-21 16:57:37,664B - Rebus,MS C++,Wrong answer on test 11,15 ms,2000 KB
17420550,2016-04-21 16:56:50,664B - Rebus,MS C++,Wrong answer on test 8,15 ms,2200 KB
17420180,2016-04-21 16:52:44,664B - Rebus,MS C++,Wrong answer on test 5,0 ms,2000 KB
17419792,2016-04-21 16:49:17,664B - Rebus,MS C++,Wrong answer on test 8,15 ms,2000 KB
17419742,2016-04-21 16:44:23,664B - Rebus,MS C++,Wrong answer on test 5,15 ms,2000 KB
17419620,2016-04-21 16:35:22,664B - Rebus,MS C++,Wrong answer on test 5,15 ms,2000 KB
17419601,2016-04-21 16:33:57,664B - Rebus,MS C++,Wrong answer on test 5,15 ms,2200 KB
17419456,2016-04-21 16:22:39,664B - Rebus,MS C++,Wrong answer on test 5,15 ms,2000 KB
17419364,2016-04-21 16:14:02,664B - Rebus,MS C++,Wrong answer on test 4,15 ms,2000 KB
17419122,2016-04-21 15:54:51,664B - Rebus,MS C++,Wrong answer on test 4,15 ms,2000 KB
17419060,2016-04-21 15:50:42,664B - Rebus,MS C++,Wrong answer on test 4,15 ms,2000 KB
17419009,2016-04-21 15:45:31,664B - Rebus,MS C++,Wrong answer on test 4,15 ms,2000 KB
17418996,2016-04-21 15:44:10,664B - Rebus,MS C++,Wrong answer on test 1,15 ms,2000 KB
17418281,2016-04-21 14:50:01,664A - Complicated GCD,MS C++,Accepted,30 ms,2200 KB
17290429,2016-04-12 16:35:22,544B - Sea and Islands,MS C++,Accepted,15 ms,0 KB
17290064,2016-04-12 16:07:19,544A - Set of Strings,MS C++,Accepted,15 ms,0 KB
17290015,2016-04-12 16:03:12,544A - Set of Strings,MS C++,Wrong answer on test 7,15 ms,0 KB
17289858,2016-04-12 15:49:43,544A - Set of Strings,MS C++,Wrong answer on test 7,15 ms,0 KB
17289765,2016-04-12 15:42:48,544A - Set of Strings,MS C++,Wrong answer on test 7,15 ms,0 KB
17289637,2016-04-12 15:32:31,544A - Set of Strings,MS C++,Wrong answer on test 4,0 ms,0 KB
17289571,2016-04-12 15:26:59,544A - Set of Strings,MS C++,Wrong answer on test 2,15 ms,0 KB
17289327,2016-04-12 15:05:51,545C - Woodcutters,MS C++,Accepted,46 ms,2000 KB
17288970,2016-04-12 14:38:27,545B - Equidistant String,MS C++,Accepted,30 ms,500 KB
17278967,2016-04-11 17:08:43,545B - Equidistant String,MS C++,Wrong answer on test 3,15 ms,200 KB
17278508,2016-04-11 16:35:23,545B - Equidistant String,MS C++,Wrong answer on test 3,15 ms,200 KB
17278464,2016-04-11 16:32:17,545B - Equidistant String,MS C++,Wrong answer on test 3,30 ms,200 KB
17278368,2016-04-11 16:25:41,545C - Woodcutters,MS C++,Wrong answer on test 2,31 ms,2000 KB
17278300,2016-04-11 16:19:57,545C - Woodcutters,MS C++,Wrong answer on test 2,0 ms,2000 KB
17277872,2016-04-11 15:49:16,545D - Queue,MS C++,Accepted,46 ms,1400 KB
17277593,2016-04-11 15:29:07,545B - Equidistant String,MS C++,Wrong answer on test 3,15 ms,200 KB
17277489,2016-04-11 15:21:30,545B - Equidistant String,MS C++,Wrong answer on test 3,31 ms,200 KB
17277214,2016-04-11 15:00:56,545A - Toy Cars,MS C++,Accepted,15 ms,0 KB
17247334,2016-04-09 06:01:15,660B - Seating On Bus,MS C++,Accepted,15 ms,2100 KB
17247248,2016-04-09 05:46:42,660B - Seating On Bus,MS C++,Wrong answer on test 1,0 ms,2000 KB
17247089,2016-04-09 05:17:59,660A - Co-prime Array,MS C++,Accepted,15 ms,2500 KB
17247060,2016-04-09 05:09:59,660A - Co-prime Array,MS C++,Wrong answer on test 6,15 ms,2500 KB
17247050,2016-04-09 05:08:05,660A - Co-prime Array,MS C++,Wrong answer on test 5,15 ms,2400 KB
17090576,2016-04-01 15:59:56,380C - Sereja and Brackets,MS C++,Wrong answer on test 2,15 ms,18600 KB
17090538,2016-04-01 15:57:50,380C - Sereja and Brackets,MS C++,Wrong answer on test 2,0 ms,18600 KB
17067033,2016-03-31 08:35:24,659D - Bicycle Race,MS C++,Accepted,15 ms,2200 KB
17066504,2016-03-31 07:55:35,659B - Qualifying Contest,MS C++,Accepted,78 ms,5300 KB
17053962,2016-03-30 20:49:27,659C - Tanya and Toys,MS C++,Accepted,78 ms,5800 KB
17051838,2016-03-30 20:30:07,659B - Qualifying Contest,MS C++,Wrong answer on test 9,62 ms,5300 KB
17046233,2016-03-30 19:50:39,659A - Round House,MS C++,Accepted,15 ms,3300 KB
17034789,2016-03-30 16:32:42,377B - Preparing for the Contest,MS C++,Accepted,577 ms,8000 KB
17034771,2016-03-30 16:31:50,377B - Preparing for the Contest,MS C++,Wrong answer on test 1,0 ms,4700 KB
17027900,2016-03-30 06:52:55,319B - Psychos in a Line,MS C++,Accepted,60 ms,3200 KB
17019528,2016-03-29 15:34:36,319B - Psychos in a Line,MS C++,Time limit exceeded on test 9,1000 ms,2800 KB
17017133,2016-03-29 12:45:12,482B - Interesting Array,MS C++,Accepted,218 ms,11100 KB
17017055,2016-03-29 12:38:54,482B - Interesting Array,MS C++,Wrong answer on test 3,15 ms,11000 KB
17016927,2016-03-29 12:29:50,482B - Interesting Array,MS C++,Wrong answer on test 3,15 ms,11000 KB
16987914,2016-03-28 16:42:18,482B - Interesting Array,MS C++,Wrong answer on test 3,15 ms,8300 KB
16987809,2016-03-28 16:35:40,482B - Interesting Array,MS C++,Wrong answer on test 3,0 ms,8300 KB
16987740,2016-03-28 16:30:43,482B - Interesting Array,MS C++,Wrong answer on test 3,15 ms,8300 KB
16987700,2016-03-28 16:28:37,482B - Interesting Array,MS C++,Wrong answer on test 3,15 ms,8300 KB
16987581,2016-03-28 16:21:20,482B - Interesting Array,MS C++,Wrong answer on test 3,15 ms,8300 KB
16835543,2016-03-20 12:44:45,653A - Bear and Three Balls,MS C++,Accepted,31 ms,2200 KB
16835529,2016-03-20 12:43:43,653A - Bear and Three Balls,MS C++,Wrong answer on test 38,31 ms,2000 KB
16835489,2016-03-20 12:40:56,653A - Bear and Three Balls,MS C++,Wrong answer on test 7,15 ms,2000 KB
16728240,2016-03-15 16:52:58,637A - Voting for Photos,MS C++,Accepted,30 ms,7800 KB
16727895,2016-03-15 16:32:37,637A - Voting for Photos,MS C++,Wrong answer on test 6,15 ms,3900 KB
16727798,2016-03-15 16:27:18,637A - Voting for Photos,MS C++,Wrong answer on test 1,15 ms,3900 KB
16715166,2016-03-14 16:55:13,610B - Vika and Squares,MS C++,Accepted,62 ms,2100 KB
16714702,2016-03-14 16:32:25,610A - Pasha and Stick,MS C++,Accepted,15 ms,0 KB
16710451,2016-03-14 11:56:35,629B - Far Relative’s Problem,MS C++,Accepted,31 ms,0 KB
16710437,2016-03-14 11:55:05,629B - Far Relative’s Problem,MS C++,Wrong answer on test 3,15 ms,0 KB
16710380,2016-03-14 11:50:20,629B - Far Relative’s Problem,MS C++,Wrong answer on test 3,15 ms,0 KB
16710140,2016-03-14 11:35:01,629B - Far Relative’s Problem,MS C++,Wrong answer on test 3,15 ms,0 KB
16710118,2016-03-14 11:33:12,629B - Far Relative’s Problem,MS C++,Wrong answer on test 3,15 ms,0 KB
16709889,2016-03-14 11:21:58,629B - Far Relative’s Problem,MS C++,Wrong answer on test 3,0 ms,0 KB
16709779,2016-03-14 11:13:56,629A - Far Relative’s Birthday Cake,MS C++,Accepted,31 ms,300 KB
16709719,2016-03-14 11:07:49,629A - Far Relative’s Birthday Cake,MS C++,Wrong answer on test 3,15 ms,300 KB
16709607,2016-03-14 10:54:44,629A - Far Relative’s Birthday Cake,MS C++,Wrong answer on test 2,0 ms,300 KB
16628482,2016-03-10 10:07:29,651C - Watchmen,MS C++,Accepted,452 ms,17100 KB
16628469,2016-03-10 10:06:28,651C - Watchmen,MS C++,Wrong answer on test 28,436 ms,17100 KB
16628458,2016-03-10 10:05:08,651C - Watchmen,MS C++,Wrong answer on test 28,436 ms,17100 KB
16627745,2016-03-10 08:53:12,651B - Beautiful Paintings,MS C++,Accepted,15 ms,0 KB
16627628,2016-03-10 08:39:52,651A - Joysticks,MS C++,Accepted,15 ms,0 KB
16627418,2016-03-10 08:13:46,651A - Joysticks,MS C++,Wrong answer on test 9,15 ms,0 KB
16627378,2016-03-10 08:08:02,651A - Joysticks,MS C++,Wrong answer on test 9,15 ms,0 KB
16496316,2016-03-03 20:59:24,631B - Print Check,MS C++,Accepted,78 ms,1600 KB
16495964,2016-03-03 20:55:15,631B - Print Check,MS C++,Wrong answer on pretest 10,15 ms,1600 KB
16489093,2016-03-03 19:52:58,631A - Interview,MS C++,Accepted,30 ms,0 KB
16482550,2016-03-03 15:40:50,632D - Longest Subsequence,MS C++,Accepted,405 ms,11700 KB
16482520,2016-03-03 15:38:23,632D - Longest Subsequence,MS C++,Wrong answer on test 11,202 ms,11700 KB
16465030,2016-03-02 16:04:18,632C - The Smallest String Concatenation,MS C++,Accepted,62 ms,1400 KB
16464856,2016-03-02 15:57:10,632C - The Smallest String Concatenation,MS C++,Accepted,46 ms,1400 KB
16463425,2016-03-02 14:50:34,632B - Alice  Bob  Two Teams,MS C++,Accepted,155 ms,12300 KB
16463177,2016-03-02 14:40:51,632B - Alice  Bob  Two Teams,MS C++,Wrong answer on test 4,31 ms,12300 KB
16457632,2016-03-02 08:13:05,632A - Grandma Laura and Apples,MS C++,Accepted,15 ms,0 KB
16384630,2016-02-27 17:18:30,626C - Block Towers,MS C++,Accepted,31 ms,0 KB
16375651,2016-02-27 11:06:57,626C - Block Towers,MS C++,Wrong answer on test 7,15 ms,0 KB
16374799,2016-02-27 10:31:44,626C - Block Towers,MS C++,Wrong answer on test 4,15 ms,0 KB
16373731,2016-02-27 09:44:46,626B - Cards,MS C++,Accepted,15 ms,0 KB
16373513,2016-02-27 09:35:43,626B - Cards,MS C++,Wrong answer on test 6,15 ms,0 KB
16372945,2016-02-27 09:10:16,626A - Robot Sequence,MS C++,Accepted,15 ms,0 KB
15957437,2016-02-11 17:10:26,622C - Not Equal on a Segment,MS C++,Accepted,171 ms,1600 KB
15955992,2016-02-11 15:43:27,622A - Infinite Sequence,MS C++,Accepted,15 ms,0 KB
15955312,2016-02-11 14:56:47,622B - The Time,MS C++,Accepted,15 ms,0 KB
15955235,2016-02-11 14:50:42,622A - Infinite Sequence,MS C++,Wrong answer on test 11,15 ms,0 KB
15954969,2016-02-11 14:30:12,622A - Infinite Sequence,MS C++,Wrong answer on test 11,31 ms,0 KB
15954959,2016-02-11 14:29:18,622A - Infinite Sequence,MS C++,Wrong answer on test 11,15 ms,0 KB
15954947,2016-02-11 14:28:36,622A - Infinite Sequence,MS C++,Compilation error,0 ms,0 KB
15954852,2016-02-11 14:22:00,622A - Infinite Sequence,MS C++,Wrong answer on test 11,15 ms,0 KB
15928355,2016-02-10 14:56:59,625A - Guest From the Past,MS C++,Accepted,15 ms,0 KB
15927840,2016-02-10 14:19:27,625C - K-special Tables,MS C++,Accepted,78 ms,1200 KB
15927075,2016-02-10 12:57:43,625B - War of the Corporations,MS C++,Accepted,15 ms,300 KB
15926929,2016-02-10 12:45:12,625B - War of the Corporations,MS C++,Wrong answer on test 4,15 ms,0 KB
15926920,2016-02-10 12:44:28,625B - War of the Corporations,MS C++,Wrong answer on test 4,15 ms,0 KB
15926233,2016-02-10 11:28:36,625A - Guest From the Past,MS C++,Time limit exceeded on test 5,1000 ms,0 KB
15817592,2016-02-05 06:31:02,624B - Making a String,MS C++,Accepted,15 ms,0 KB
15817390,2016-02-05 06:08:01,624A - Save Luke,MS C++,Accepted,15 ms,0 KB
15769801,2016-02-03 16:53:22,597B - Restaurant,MS C++,Accepted,265 ms,3900 KB
15769500,2016-02-03 16:37:59,597A - Divisibility,MS C++,Accepted,15 ms,0 KB
15769392,2016-02-03 16:32:35,597A - Divisibility,MS C++,Wrong answer on test 2,0 ms,0 KB
15768856,2016-02-03 16:03:41,597A - Divisibility,MS C++,Wrong answer on test 12,15 ms,0 KB
15768656,2016-02-03 15:53:14,597A - Divisibility,MS C++,Wrong answer on test 12,15 ms,0 KB
15768489,2016-02-03 15:44:42,597A - Divisibility,MS C++,Wrong answer on test 11,15 ms,0 KB
15768236,2016-02-03 15:29:48,597A - Divisibility,MS C++,Wrong answer on test 11,15 ms,0 KB
15768187,2016-02-03 15:27:11,597A - Divisibility,MS C++,Wrong answer on test 6,15 ms,0 KB
15768082,2016-02-03 15:20:19,597A - Divisibility,MS C++,Wrong answer on test 6,15 ms,0 KB
15767935,2016-02-03 15:11:56,597A - Divisibility,MS C++,Wrong answer on test 6,15 ms,0 KB
15767765,2016-02-03 15:03:31,597A - Divisibility,MS C++,Wrong answer on test 6,15 ms,0 KB
15767636,2016-02-03 14:57:18,597A - Divisibility,MS C++,Wrong answer on test 11,15 ms,0 KB
15767454,2016-02-03 14:47:23,597A - Divisibility,MS C++,Wrong answer on test 8,0 ms,0 KB
15767423,2016-02-03 14:44:56,597A - Divisibility,MS C++,Wrong answer on test 8,15 ms,0 KB
15743692,2016-02-02 07:59:59,618C - Constellation,MS C++,Accepted,62 ms,1200 KB
15743197,2016-02-02 07:01:30,618C - Constellation,MS C++,Wrong answer on test 11,61 ms,1200 KB
15735681,2016-02-01 19:31:11,618C - Constellation,MS C++,Wrong answer on test 11,46 ms,1200 KB
15735308,2016-02-01 19:13:36,618B - Guess the Permutation,MS C++,Accepted,15 ms,200 KB
15735091,2016-02-01 19:03:52,618B - Guess the Permutation,MS C++,Wrong answer on test 3,15 ms,200 KB
15734400,2016-02-01 18:30:14,618A - Slime Combining,MS C++,Accepted,15 ms,100 KB
15724050,2016-02-01 07:13:29,621C - Wet Shark and Flowers,MS C++,Accepted,46 ms,1600 KB
15723099,2016-02-01 05:35:06,621B - Wet Shark and Bishops,MS C++,Accepted,93 ms,5100 KB
15714215,2016-01-31 19:00:57,621B - Wet Shark and Bishops,MS C++,Wrong answer on pretest 8,77 ms,5100 KB
15709515,2016-01-31 18:19:44,621B - Wet Shark and Bishops,MS C++,Wrong answer on pretest 8,46 ms,5000 KB
15699860,2016-01-31 17:20:33,621A - Wet Shark and Odd and Even,MS C++,Accepted,46 ms,800 KB
15531066,2016-01-23 19:42:58,617C - Watering Flowers,MS C++,Wrong answer on pretest 4,15 ms,0 KB
15525694,2016-01-23 19:09:36,617B - Chocolate,MS C++,Accepted,15 ms,0 KB
15523242,2016-01-23 18:56:33,617B - Chocolate,MS C++,Wrong answer on pretest 7,15 ms,0 KB
15517377,2016-01-23 18:37:37,617A - Elephant,MS C++,Accepted,15 ms,0 KB
15482849,2016-01-21 20:04:45,620C - Pearls in a Row,MS C++,Accepted,202 ms,32900 KB
15482792,2016-01-21 20:03:39,620C - Pearls in a Row,MS C++,Runtime error on test 22,46 ms,800 KB
15480909,2016-01-21 19:35:49,620B - Grandfather Dovlet’s calculator,MS C++,Accepted,31 ms,0 KB
15479766,2016-01-21 19:20:24,620A - Professor GukiZ's Robot,MS C++,Accepted,30 ms,0 KB
15479682,2016-01-21 19:19:08,620A - Professor GukiZ's Robot,MS C++,Wrong answer on test 1,0 ms,0 KB
15439677,2016-01-19 15:15:19,546A - Soldier and Bananas,MS C++,Accepted,15 ms,0 KB
15413297,2016-01-17 13:45:16,616C - The Labyrinth,MS C++,Accepted,187 ms,34300 KB
15413269,2016-01-17 13:41:28,616C - The Labyrinth,GNU C++,Accepted,171 ms,13500 KB
15413259,2016-01-17 13:40:44,616C - The Labyrinth,MS C++,Compilation error,0 ms,0 KB
15381446,2016-01-15 07:00:05,614B - Gena's Code,MS C++,Accepted,31 ms,400 KB
15381411,2016-01-15 06:56:07,614B - Gena's Code,MS C++,Wrong answer on test 9,15 ms,300 KB
15381404,2016-01-15 06:54:49,614B - Gena's Code,MS C++,Wrong answer on test 4,15 ms,0 KB
15381115,2016-01-15 06:25:45,614A - Link/Cut Tree,MS C++,Wrong answer on test 34,15 ms,0 KB
15380998,2016-01-15 06:15:55,614A - Link/Cut Tree,MS C++,Wrong answer on test 34,15 ms,0 KB
15380915,2016-01-15 06:08:04,614A - Link/Cut Tree,MS C++,Accepted,15 ms,0 KB
15380872,2016-01-15 06:04:11,614A - Link/Cut Tree,MS C++,Wrong answer on test 1,0 ms,0 KB
15367341,2016-01-14 21:01:27,614B - Gena's Code,MS C++,Wrong answer on pretest 4,15 ms,800 KB
15356339,2016-01-14 20:10:36,614B - Gena's Code,MS C++,Wrong answer on pretest 4,0 ms,0 KB
15349767,2016-01-14 19:46:42,614A - Link/Cut Tree,MS C++,Wrong answer on test 24,15 ms,0 KB
15306819,2016-01-12 06:55:19,616C - The Labyrinth,MS C++,Accepted,280 ms,60700 KB
15306788,2016-01-12 06:49:42,616C - The Labyrinth,MS C++,Wrong answer on test 2,15 ms,9000 KB
15306711,2016-01-12 06:31:13,616C - The Labyrinth,MS C++,Wrong answer on test 10,15 ms,9300 KB
15293753,2016-01-11 18:34:17,616B - Dinner with Emma,MS C++,Accepted,15 ms,2000 KB
15291969,2016-01-11 18:20:25,616A - Comparing Two Long Integers,MS C++,Accepted,31 ms,2000 KB
15289909,2016-01-11 18:08:14,616A - Comparing Two Long Integers,MS C++,Wrong answer on test 9,15 ms,2000 KB
15250619,2016-01-08 18:36:05,615B - Longtail Hedgehog,MS C++,Accepted,108 ms,7000 KB
15248396,2016-01-08 18:17:43,615B - Longtail Hedgehog,MS C++,Runtime error on pretest 8,31 ms,1600 KB
15241225,2016-01-08 17:18:46,615A - Bulbs,MS C++,Accepted,15 ms,0 KB
15118476,2015-12-30 19:37:26,611B - New Year and Old Property,MS C++,Accepted,15 ms,15700 KB
15109891,2015-12-30 18:34:20,611A - New Year and Days,MS C++,Accepted,15 ms,0 KB
14954356,2015-12-23 21:02:28,608B - Hamming Distance Sum,MS C++,Accepted,15 ms,3500 KB
14945789,2015-12-23 19:58:50,608A - Saitama Destroys Hotel,MS C++,Accepted,15 ms,800 KB
14741105,2015-12-10 12:20:27,606C - Sorting Railway Cars,MS C++,Accepted,31 ms,500 KB
14739770,2015-12-10 09:11:28,606C - Sorting Railway Cars,MS C++,Wrong answer on test 21,46 ms,1200 KB
14739666,2015-12-10 08:58:23,606B - Testing Robots,GNU C++,Accepted,30 ms,400 KB
14739474,2015-12-10 08:33:27,606B - Testing Robots,MS C++,Accepted,31 ms,400 KB
14730837,2015-12-09 20:53:45,606B - Testing Robots,MS C++,Wrong answer on pretest 4,0 ms,400 KB
14721745,2015-12-09 19:40:09,606C - Sorting Railway Cars,MS C++,Wrong answer on pretest 6,15 ms,800 KB
14718427,2015-12-09 19:20:51,606A - Magic Spheres,MS C++,Accepted,15 ms,800 KB
14612308,2015-12-02 08:01:39,604B - More Cowbell,MS C++,Accepted,31 ms,800 KB
14602034,2015-12-01 20:24:29,604B - More Cowbell,MS C++,Wrong answer on test 10,1778 ms,800 KB
14601697,2015-12-01 20:21:28,604B - More Cowbell,MS C++,Wrong answer on pretest 2,15 ms,400 KB
14596163,2015-12-01 19:35:49,604B - More Cowbell,MS C++,Wrong answer on pretest 4,15 ms,400 KB
14592176,2015-12-01 19:09:16,604A - Uncowed Forces,MS C++,Accepted,15 ms,0 KB
14487140,2015-11-26 06:35:56,602B - Approximating a Constant Range,MS C++,Accepted,124 ms,25500 KB
14487038,2015-11-26 06:15:18,602B - Approximating a Constant Range,MS C++,Wrong answer on test 1,0 ms,25400 KB
14470086,2015-11-25 16:33:47,602B - Approximating a Constant Range,MS C++,Time limit exceeded on test 22,2000 ms,4800 KB
14469571,2015-11-25 16:00:15,602B - Approximating a Constant Range,MS C++,Wrong answer on test 10,31 ms,500 KB
14469483,2015-11-25 15:54:36,602B - Approximating a Constant Range,MS C++,Wrong answer on test 10,15 ms,500 KB
14469439,2015-11-25 15:52:05,602B - Approximating a Constant Range,MS C++,Wrong answer on test 10,31 ms,500 KB
14468965,2015-11-25 15:23:10,602B - Approximating a Constant Range,MS C++,Time limit exceeded on test 22,2000 ms,125600 KB
14468936,2015-11-25 15:21:12,602B - Approximating a Constant Range,MS C++,Runtime error on test 8,31 ms,3900 KB
14468792,2015-11-25 15:11:36,602B - Approximating a Constant Range,MS C++,Time limit exceeded on test 22,2000 ms,4200 KB
14468536,2015-11-25 14:56:53,602B - Approximating a Constant Range,MS C++,Wrong answer on test 6,15 ms,400 KB
14468123,2015-11-25 14:32:22,602A - Two Bases,MS C++,Accepted,31 ms,0 KB
14390368,2015-11-21 06:09:30,599B - Spongebob and Joke,MS C++,Wrong answer on test 10,46 ms,2300 KB
14390299,2015-11-21 06:01:44,599B - Spongebob and Joke,MS C++,Wrong answer on test 4,15 ms,2300 KB
14390259,2015-11-21 05:56:49,599B - Spongebob and Joke,MS C++,Wrong answer on test 6,46 ms,2400 KB
14390145,2015-11-21 05:45:14,599B - Spongebob and Joke,MS C++,Wrong answer on test 4,15 ms,2400 KB
14390119,2015-11-21 05:42:32,599B - Spongebob and Joke,MS C++,Wrong answer on test 4,15 ms,2400 KB
14390026,2015-11-21 05:32:29,599B - Spongebob and Joke,MS C++,Wrong answer on test 1,0 ms,1600 KB
14389809,2015-11-21 04:57:26,599A - Patrick and Shopping,MS C++,Accepted,15 ms,0 KB
14389746,2015-11-21 04:46:53,599A - Patrick and Shopping,MS C++,Wrong answer on test 3,0 ms,0 KB
14280806,2015-11-15 20:26:56,596B - Wilbur and Array,MS C++,Accepted,61 ms,0 KB
14276776,2015-11-15 19:58:25,596A - Wilbur and Swimming Pool,MS C++,Accepted,30 ms,0 KB
14247300,2015-11-14 06:00:40,598B - Queries on a String,MS C++,Accepted,30 ms,100 KB
14247214,2015-11-14 05:48:31,598B - Queries on a String,MS C++,Wrong answer on test 5,15 ms,0 KB
14241019,2015-11-13 20:37:53,598B - Queries on a String,MS C++,Wrong answer on test 4,0 ms,0 KB
14238459,2015-11-13 19:48:43,598A - Tricky Sum,MS C++,Accepted,15 ms,100 KB
14164775,2015-11-09 08:25:51,595B - Pasha and Phone,MS C++,Accepted,31 ms,1600 KB
14164733,2015-11-09 08:22:45,595B - Pasha and Phone,MS C++,Wrong answer on test 6,15 ms,1600 KB
14164704,2015-11-09 08:20:15,595B - Pasha and Phone,MS C++,Wrong answer on test 4,15 ms,1600 KB
14157464,2015-11-08 21:08:11,595B - Pasha and Phone,MS C++,Time limit exceeded on pretest 6,1000 ms,1600 KB
14154506,2015-11-08 20:50:46,595B - Pasha and Phone,MS C++,Wrong answer on pretest 4,0 ms,1600 KB
14153626,2015-11-08 20:42:36,595B - Pasha and Phone,MS C++,Wrong answer on pretest 4,15 ms,800 KB
14149945,2015-11-08 20:08:54,595A - Vitaly and Night,MS C++,Accepted,15 ms,0 KB
14149060,2015-11-08 20:00:26,595A - Vitaly and Night,MS C++,Wrong answer on pretest 6,15 ms,0 KB
14148375,2015-11-08 19:53:40,595A - Vitaly and Night,MS C++,Wrong answer on pretest 2,15 ms,0 KB
14085953,2015-11-05 12:53:51,593B - Anton and Lines,MS C++,Accepted,46 ms,3100 KB
14071594,2015-11-04 21:02:28,593A - 2Char,MS C++,Accepted,15 ms,0 KB
14069439,2015-11-04 20:37:14,593A - 2Char,MS C++,Wrong answer on pretest 5,0 ms,0 KB
14069289,2015-11-04 20:35:42,593A - 2Char,MS C++,Wrong answer on pretest 1,15 ms,200 KB
14027212,2015-11-02 16:01:23,592B - The Monster and the Squirrel,MS C++,Accepted,15 ms,400 KB
14027178,2015-11-02 15:59:32,592B - The Monster and the Squirrel,MS C++,Wrong answer on test 1,0 ms,200 KB
14022772,2015-11-02 15:33:53,592A - PawnChess,MS C++,Accepted,15 ms,0 KB
14022663,2015-11-02 15:26:32,592A - PawnChess,MS C++,Wrong answer on test 26,15 ms,0 KB
13934889,2015-10-29 17:24:55,591C - Median Smoothing,MS C++,Accepted,171 ms,2000 KB
13934876,2015-10-29 17:24:17,590A - Median Smoothing,MS C++,Accepted,171 ms,2000 KB
13932989,2015-10-29 15:33:05,591C - Median Smoothing,MS C++,Time limit exceeded on test 11,2000 ms,2000 KB
13932576,2015-10-29 15:09:47,591C - Median Smoothing,MS C++,Wrong answer on test 5,15 ms,2000 KB
13932392,2015-10-29 14:58:45,591C - Median Smoothing,MS C++,Time limit exceeded on test 11,2000 ms,2000 KB
13932159,2015-10-29 14:39:54,591C - Median Smoothing,MS C++,Time limit exceeded on test 11,2000 ms,8500 KB
13932094,2015-10-29 14:35:17,591C - Median Smoothing,MS C++,Time limit exceeded on test 11,2000 ms,3900 KB
13926281,2015-10-29 06:50:56,591A - Wizards' Duel,MS C++,Accepted,30 ms,0 KB
13917914,2015-10-28 18:35:23,591A - Wizards' Duel,MS C++,Wrong answer on test 8,93 ms,0 KB
13917896,2015-10-28 18:34:32,591A - Wizards' Duel,MS C++,Wrong answer on test 8,15 ms,0 KB
13917831,2015-10-28 18:31:22,591A - Wizards' Duel,MS C++,Wrong answer on test 7,93 ms,0 KB
13917768,2015-10-28 18:28:28,591A - Wizards' Duel,MS C++,Wrong answer on test 4,15 ms,0 KB
13917728,2015-10-28 18:26:24,591A - Wizards' Duel,MS C++,Wrong answer on test 4,15 ms,0 KB
13917602,2015-10-28 18:20:43,591A - Wizards' Duel,MS C++,Wrong answer on test 5,15 ms,0 KB
13917575,2015-10-28 18:19:26,591A - Wizards' Duel,MS C++,Wrong answer on test 5,15 ms,0 KB
13917521,2015-10-28 18:16:48,591A - Wizards' Duel,MS C++,Wrong answer on test 5,15 ms,0 KB
13915565,2015-10-28 16:32:21,591B - Rebranding,MS C++,Accepted,78 ms,2200 KB
13913968,2015-10-28 15:04:54,591A - Wizards' Duel,MS C++,Wrong answer on test 4,15 ms,0 KB
13913918,2015-10-28 15:02:22,591A - Wizards' Duel,MS C++,Wrong answer on test 4,15 ms,0 KB
13660836,2015-10-16 11:26:56,588C - Duff and Weight Lifting,MS C++,Wrong answer on test 7,15 ms,3900 KB
13660803,2015-10-16 11:25:16,588C - Duff and Weight Lifting,MS C++,Wrong answer on test 6,15 ms,3900 KB
13657767,2015-10-16 08:09:04,588B - Duff in Love,MS C++,Accepted,15 ms,0 KB
13656748,2015-10-16 06:30:19,588B - Duff in Love,MS C++,Wrong answer on test 23,234 ms,3900 KB
13656589,2015-10-16 06:08:34,588B - Duff in Love,MS C++,Runtime error on test 10,218 ms,3900 KB
13656562,2015-10-16 06:05:03,588B - Duff in Love,MS C++,Wrong answer on test 4,217 ms,3900 KB
13641609,2015-10-15 20:45:20,588A - Duff and Meat,MS C++,Accepted,31 ms,1200 KB
13609652,2015-10-14 18:37:35,586B - Laurenty and Shop,MS C++,Accepted,30 ms,0 KB
13606160,2015-10-14 14:45:21,586A - Alena's Schedule,MS C++,Accepted,31 ms,0 KB
13476712,2015-10-07 16:37:42,584B - Kolya and Tanya,MS C++,Accepted,30 ms,0 KB
13476566,2015-10-07 16:31:44,584B - Kolya and Tanya,MS C++,Wrong answer on test 6,15 ms,0 KB
13474262,2015-10-07 16:07:14,584A - Olesya and Rodion,MS C++,Accepted,30 ms,0 KB
13473979,2015-10-07 16:02:45,584A - Olesya and Rodion,MS C++,Wrong answer on test 12,15 ms,0 KB
13473958,2015-10-07 16:01:30,584A - Olesya and Rodion,MS C++,Wrong answer on test 9,15 ms,0 KB
13404002,2015-10-04 17:43:07,583C - GCD Table,MS C++,Wrong answer on test 6,15 ms,0 KB
13403808,2015-10-04 17:27:49,583C - GCD Table,MS C++,Wrong answer on test 23,46 ms,0 KB
13403118,2015-10-04 16:44:30,583B - Robot's Task,MS C++,Accepted,31 ms,0 KB
13402813,2015-10-04 16:22:10,583B - Robot's Task,MS C++,Wrong answer on test 5,15 ms,0 KB
13402801,2015-10-04 16:21:24,583B - Robot's Task,MS C++,Wrong answer on test 4,0 ms,0 KB
13402772,2015-10-04 16:19:11,583B - Robot's Task,MS C++,Wrong answer on test 4,15 ms,0 KB
13392654,2015-10-04 05:51:35,583A - Asphalting Roads,MS C++,Accepted,30 ms,0 KB
13291642,2015-09-29 08:29:50,581D - Three Logos,MS C++,Accepted,31 ms,0 KB
13291625,2015-09-29 08:28:08,581D - Three Logos,MS C++,Wrong answer on test 51,31 ms,0 KB
13291593,2015-09-29 08:23:36,581D - Three Logos,MS C++,Wrong answer on test 50,15 ms,0 KB
13291565,2015-09-29 08:20:13,581D - Three Logos,MS C++,Wrong answer on test 8,31 ms,0 KB
13291435,2015-09-29 08:05:02,581D - Three Logos,MS C++,Wrong answer on test 24,15 ms,0 KB
13291395,2015-09-29 07:58:25,581D - Three Logos,MS C++,Wrong answer on test 24,31 ms,0 KB
13291311,2015-09-29 07:49:01,581D - Three Logos,MS C++,Wrong answer on test 8,15 ms,0 KB
13282260,2015-09-28 18:45:11,581C - Developing Skills,MS C++,Accepted,46 ms,2300 KB
13280492,2015-09-28 17:39:07,581B - Luxurious Houses,MS C++,Accepted,62 ms,800 KB
13280407,2015-09-28 17:36:21,581A - Vasya the Hipster,MS C++,Accepted,31 ms,0 KB
13280149,2015-09-28 17:28:25,581A - Vasya the Hipster,MS C++,Accepted,31 ms,0 KB
13220637,2015-09-25 17:54:40,580C - Kefa and Park,MS C++,Accepted,93 ms,6300 KB
13215918,2015-09-25 12:19:50,580C - Kefa and Park,MS C++,Wrong answer on test 3,15 ms,2300 KB
13215658,2015-09-25 11:58:16,580C - Kefa and Park,MS C++,Wrong answer on test 9,15 ms,2000 KB
13215624,2015-09-25 11:54:04,580C - Kefa and Park,MS C++,Wrong answer on test 8,15 ms,2000 KB
13215589,2015-09-25 11:51:03,580C - Kefa and Park,MS C++,Wrong answer on test 2,0 ms,2000 KB
13213904,2015-09-25 09:24:57,580B - Kefa and Company,MS C++,Wrong answer on test 4,0 ms,2300 KB
13213383,2015-09-25 08:29:36,580B - Kefa and Company,MS C++,Accepted,78 ms,2300 KB
13213269,2015-09-25 08:16:19,580B - Kefa and Company,MS C++,Wrong answer on test 8,15 ms,2200 KB
13168240,2015-09-22 21:23:18,580B - Kefa and Company,MS C++,Wrong answer on pretest 8,31 ms,1600 KB
13167176,2015-09-22 21:16:44,580B - Kefa and Company,MS C++,Wrong answer on pretest 4,15 ms,1600 KB
13159073,2015-09-22 20:28:03,580B - Kefa and Company,MS C++,Wrong answer on pretest 4,15 ms,1600 KB
13148468,2015-09-22 19:44:55,580A - Kefa and First Steps,MS C++,Accepted,31 ms,0 KB
13064522,2015-09-17 13:04:40,579B - Finding Team Member,MS C++,Accepted,108 ms,9700 KB
13064385,2015-09-17 12:54:58,579B - Finding Team Member,MS C++,Wrong answer on test 6,108 ms,9700 KB
13064371,2015-09-17 12:53:41,579B - Finding Team Member,MS C++,Wrong answer on test 6,109 ms,9700 KB
13064182,2015-09-17 12:40:55,579B - Finding Team Member,MS C++,Wrong answer on test 6,109 ms,9600 KB
13029793,2015-09-16 18:29:10,579A - Raising Bacteria,MS C++,Accepted,31 ms,0 KB
13028386,2015-09-16 18:23:36,579A - Raising Bacteria,MS C++,Wrong answer on pretest 3,15 ms,0 KB
13010172,2015-09-15 18:24:17,548B - Mike and Fun,MS C++,Wrong answer on test 1,0 ms,1000 KB
13010114,2015-09-15 18:19:22,548B - Mike and Fun,MS C++,Wrong answer on test 2,15 ms,1000 KB
13010036,2015-09-15 18:14:09,548B - Mike and Fun,MS C++,Time limit exceeded on test 15,2000 ms,1000 KB
13009947,2015-09-15 18:06:52,548B - Mike and Fun,MS C++,Wrong answer on test 2,15 ms,1000 KB
13009467,2015-09-15 17:32:44,548A - Mike and Fax,MS C++,Accepted,31 ms,0 KB
13009162,2015-09-15 17:09:55,548A - Mike and Fax,MS C++,Wrong answer on test 3,15 ms,0 KB
13009122,2015-09-15 17:06:34,548A - Mike and Fax,MS C++,Wrong answer on test 3,15 ms,0 KB
13008960,2015-09-15 16:56:32,548A - Mike and Fax,MS C++,Wrong answer on test 3,0 ms,0 KB
13008942,2015-09-15 16:55:19,548A - Mike and Fax,MS C++,Wrong answer on test 3,15 ms,0 KB
13008720,2015-09-15 16:39:28,548A - Mike and Fax,MS C++,Wrong answer on test 3,0 ms,0 KB
12967089,2015-09-12 05:05:02,577B - Modulo Sum,MS C++,Wrong answer on test 36,202 ms,11900 KB
12967041,2015-09-12 04:55:05,577B - Modulo Sum,MS C++,Wrong answer on test 36,202 ms,11900 KB
12957492,2015-09-11 14:18:21,577B - Modulo Sum,MS C++,Wrong answer on test 36,202 ms,15800 KB
12957436,2015-09-11 14:14:31,577B - Modulo Sum,MS C++,Runtime error on test 22,202 ms,0 KB
12957210,2015-09-11 13:58:08,577B - Modulo Sum,MS C++,Wrong answer on test 10,15 ms,0 KB
12944552,2015-09-10 21:20:38,577B - Modulo Sum,MS C++,Wrong answer on pretest 11,15 ms,0 KB
12936851,2015-09-10 20:24:13,577A - Multiplication Table,MS C++,Accepted,31 ms,0 KB
12932142,2015-09-10 19:56:31,577A - Multiplication Table,MS C++,Wrong answer on pretest 8,15 ms,0 KB
12887168,2015-09-07 19:28:35,550C - Divisibility by Eight,MS C++,Accepted,31 ms,0 KB
12887145,2015-09-07 19:26:03,550C - Divisibility by Eight,MS C++,Time limit exceeded on test 21,2000 ms,0 KB
12887114,2015-09-07 19:22:34,550C - Divisibility by Eight,MS C++,Wrong answer on test 13,15 ms,0 KB
12887064,2015-09-07 19:17:52,550C - Divisibility by Eight,MS C++,Wrong answer on test 8,15 ms,0 KB
12885825,2015-09-07 17:38:24,550B - Preparing Olympiad,MS C++,Accepted,31 ms,0 KB
12873369,2015-09-06 17:04:40,550A - Two Substrings,MS C++,Accepted,31 ms,100 KB
12873327,2015-09-06 17:02:01,550A - Two Substrings,MS C++,Wrong answer on test 4,0 ms,100 KB
12873297,2015-09-06 17:00:05,550A - Two Substrings,MS C++,Wrong answer on test 4,15 ms,100 KB
12873275,2015-09-06 16:58:07,550A - Two Substrings,MS C++,Wrong answer on test 4,0 ms,100 KB
12831151,2015-09-03 19:11:08,551B - ZgukistringZ,MS C++,Accepted,30 ms,500 KB
12830332,2015-09-03 18:09:26,551B - ZgukistringZ,MS C++,Wrong answer on test 4,15 ms,0 KB
12830316,2015-09-03 18:08:12,551B - ZgukistringZ,MS C++,Wrong answer on test 12,31 ms,300 KB
12830274,2015-09-03 18:04:55,551B - ZgukistringZ,MS C++,Wrong answer on test 12,31 ms,300 KB
12829793,2015-09-03 17:29:04,551B - ZgukistringZ,MS C++,Time limit exceeded on test 8,2000 ms,300 KB
12829033,2015-09-03 16:35:13,551A - GukiZ and Contest,MS C++,Accepted,31 ms,0 KB
12770209,2015-08-30 06:57:32,574B - Bear and Three Musketeers,MS C++,Accepted,31 ms,15700 KB
12769896,2015-08-30 06:14:15,574C - Bear and Poker,MS C++,Accepted,46 ms,3200 KB
12751054,2015-08-29 20:00:37,574A - Bear and Elections,MS C++,Accepted,15 ms,0 KB
12670937,2015-08-23 12:15:48,572B - Order Book,MS C++,Accepted,15 ms,0 KB
12670880,2015-08-23 12:09:27,572B - Order Book,MS C++,Wrong answer on test 11,15 ms,0 KB
12670527,2015-08-23 11:36:56,572B - Order Book,MS C++,Wrong answer on test 10,15 ms,0 KB
12670372,2015-08-23 11:24:46,572B - Order Book,MS C++,Wrong answer on test 10,31 ms,0 KB
12670036,2015-08-23 10:53:55,572B - Order Book,MS C++,Wrong answer on test 10,15 ms,0 KB
12669685,2015-08-23 10:23:38,572A - Arrays,MS C++,Accepted,46 ms,800 KB
12669606,2015-08-23 10:17:21,572A - Arrays,MS C++,Wrong answer on test 6,15 ms,400 KB
12669526,2015-08-23 10:10:55,572A - Arrays,MS C++,Wrong answer on test 6,30 ms,800 KB
12562887,2015-08-16 18:22:21,552B - Vanya and Books,MS C++,Accepted,31 ms,0 KB
12562800,2015-08-16 18:14:21,552B - Vanya and Books,MS C++,Wrong answer on test 5,15 ms,0 KB
12562789,2015-08-16 18:13:28,552B - Vanya and Books,MS C++,Wrong answer on test 1,15 ms,100 KB
12562575,2015-08-16 17:56:05,552B - Vanya and Books,MS C++,Wrong answer on test 5,15 ms,0 KB
12562530,2015-08-16 17:52:25,552B - Vanya and Books,MS C++,Wrong answer on test 5,15 ms,0 KB
12561841,2015-08-16 17:01:01,552A - Vanya and Table,MS C++,Accepted,15 ms,0 KB
12522697,2015-08-14 07:37:26,570C - Replacement,MS C++,Accepted,171 ms,300 KB
12512176,2015-08-13 21:05:19,570B - Simple Game,MS C++,Accepted,31 ms,0 KB
12508707,2015-08-13 20:37:11,570C - Replacement,MS C++,Time limit exceeded on pretest 7,2000 ms,900 KB
12503517,2015-08-13 20:06:49,570A - Elections,MS C++,Accepted,31 ms,0 KB
12502745,2015-08-13 20:03:19,570A - Elections,MS C++,Runtime error on pretest 9,15 ms,0 KB
12500896,2015-08-13 19:55:31,570A - Elections,MS C++,Runtime error on pretest 9,15 ms,0 KB
12463062,2015-08-11 10:56:23,569A - Music,MS C++,Accepted,15 ms,0 KB
12450208,2015-08-10 20:44:19,569B - Inventory,MS C++,Accepted,62 ms,1200 KB
12370111,2015-08-05 20:44:30,567B - Berland National Library,MS C++,Accepted,15 ms,3900 KB
12366074,2015-08-05 20:09:19,567B - Berland National Library,MS C++,Wrong answer on pretest 14,15 ms,3900 KB
12363305,2015-08-05 19:49:28,567B - Berland National Library,MS C++,Wrong answer on pretest 4,30 ms,3900 KB
12362134,2015-08-05 19:42:08,567B - Berland National Library,MS C++,Wrong answer on pretest 4,31 ms,3900 KB
12356571,2015-08-05 19:15:19,567A - Lineland Mail,MS C++,Accepted,77 ms,400 KB
12285885,2015-07-31 06:44:38,566F - Clique in the Divisibility Graph,MS C++,Accepted,217 ms,3900 KB
12285845,2015-07-31 06:40:41,566F - Clique in the Divisibility Graph,MS C++,Wrong answer on test 1,0 ms,7800 KB
12279758,2015-07-30 20:45:13,566F - Clique in the Divisibility Graph,MS C++,Time limit exceeded on pretest 6,1000 ms,7800 KB
12279621,2015-07-30 20:40:24,566F - Clique in the Divisibility Graph,MS C++,Wrong answer on pretest 1,15 ms,8000 KB
12191789,2015-07-23 04:11:04,560D - Equivalent Strings,MS C++,Accepted,62 ms,1500 KB
12191264,2015-07-23 03:23:07,560D - Equivalent Strings,MS C++,Wrong answer on test 19,15 ms,400 KB
12191211,2015-07-23 03:17:07,560B - Gerald is into Art,MS C++,Accepted,31 ms,0 KB
12191154,2015-07-23 03:07:49,560B - Gerald is into Art,MS C++,Wrong answer on test 55,31 ms,0 KB
12191119,2015-07-23 03:02:44,560B - Gerald is into Art,MS C++,Wrong answer on test 1,15 ms,0 KB
12191037,2015-07-23 02:44:46,560B - Gerald is into Art,MS C++,Wrong answer on test 55,31 ms,0 KB
12181706,2015-07-22 18:50:36,560D - Equivalent Strings,MS C++,Wrong answer on test 19,15 ms,400 KB
12177614,2015-07-22 18:18:16,560B - Gerald is into Art,MS C++,Wrong answer on test 24,31 ms,0 KB
12176909,2015-07-22 18:11:51,560B - Gerald is into Art,MS C++,Wrong answer on pretest 5,15 ms,0 KB
12175977,2015-07-22 18:05:25,560B - Gerald is into Art,MS C++,Wrong answer on pretest 5,0 ms,0 KB
12174716,2015-07-22 17:54:46,560B - Gerald is into Art,MS C++,Wrong answer on pretest 5,15 ms,0 KB
12174325,2015-07-22 17:52:02,560B - Gerald is into Art,MS C++,Wrong answer on pretest 5,15 ms,0 KB
12167039,2015-07-22 17:13:32,560A - Currency System in Geraldion,MS C++,Accepted,31 ms,0 KB
12163162,2015-07-22 14:47:04,554B - Ohana Cleans Up,MS C++,Accepted,30 ms,0 KB
12163014,2015-07-22 14:30:23,554A - Kyoya and Photobooks,MS C++,Accepted,15 ms,0 KB
12071135,2015-07-15 15:11:45,558B - Amr and The Large Array,MS C++,Accepted,46 ms,17600 KB
12071117,2015-07-15 15:09:53,558B - Amr and The Large Array,MS C++,Wrong answer on test 11,46 ms,17600 KB
12071080,2015-07-15 15:07:21,558B - Amr and The Large Array,MS C++,Wrong answer on test 11,46 ms,17600 KB
12064138,2015-07-15 05:55:51,558A - Lala Land and Apple Trees,MS C++,Accepted,31 ms,0 KB
12063987,2015-07-15 05:44:31,558A - Lala Land and Apple Trees,MS C++,Wrong answer on test 5,15 ms,0 KB
12058472,2015-07-14 20:09:46,558A - Lala Land and Apple Trees,MS C++,Wrong answer on pretest 2,31 ms,800 KB
12054192,2015-07-14 19:28:52,558A - Lala Land and Apple Trees,MS C++,Wrong answer on pretest 5,15 ms,800 KB
12045410,2015-07-14 18:26:36,558A - Lala Land and Apple Trees,MS C++,Wrong answer on pretest 5,15 ms,1600 KB
12043550,2015-07-14 17:47:57,556A - Case of the Zeros and Ones,GNU C++,Accepted,31 ms,200 KB
12043541,2015-07-14 17:46:50,556A - Case of the Zeros and Ones,GNU C++,Wrong answer on test 2,15 ms,200 KB
12043500,2015-07-14 17:43:22,556A - Case of the Zeros and Ones,GNU C++,Wrong answer on test 2,0 ms,200 KB
12043426,2015-07-14 17:38:42,556A - Case of the Zeros and Ones,GNU C++,Wrong answer on test 2,15 ms,200 KB
12041964,2015-07-14 16:15:34,556A - Case of the Zeros and Ones,MS C++,Wrong answer on test 2,15 ms,200 KB
12041914,2015-07-14 16:11:45,556A - Case of the Zeros and Ones,MS C++,Wrong answer on test 2,0 ms,200 KB
12041898,2015-07-14 16:11:01,556A - Case of the Zeros and Ones,MS C++,Wrong answer on test 2,0 ms,400 KB
12041807,2015-07-14 16:04:39,556A - Case of the Zeros and Ones,MS C++,Wrong answer on test 7,15 ms,200 KB
12041768,2015-07-14 16:02:01,556A - Case of the Zeros and Ones,MS C++,Wrong answer on test 6,15 ms,200 KB
12041749,2015-07-14 16:00:59,556A - Case of the Zeros and Ones,MS C++,Wrong answer on test 2,0 ms,400 KB
12041224,2015-07-14 15:14:12,556A - Case of the Zeros and Ones,GNU C++,Wrong answer on test 7,15 ms,200 KB
12041132,2015-07-14 15:05:53,556A - Case of the Zeros and Ones,GNU C++,Wrong answer on test 2,30 ms,200 KB
12041122,2015-07-14 15:04:48,556A - Case of the Zeros and Ones,GNU C++,Compilation error,0 ms,0 KB
