ID,Timestamp,Problem,Lang,Verdict,Time,Memory,Rank:19534
21832099,2016-10-27 21:40:32,622D - Optimal Number Permutation,GNU C++11,Accepted,233 ms,3900 KB
21831539,2016-10-27 21:20:22,622D - Optimal Number Permutation,GNU C++11,Wrong answer on test 5,15 ms,0 KB
21790865,2016-10-26 12:44:35,725B - Food on the Plane,GNU C++11,Accepted,30 ms,0 KB
21786359,2016-10-26 06:57:39,706C - Hard problem,GNU C++11,Accepted,218 ms,12600 KB
21754558,2016-10-24 19:32:21,725A - Jumping Ball,GNU C++11,Accepted,31 ms,200 KB
21591912,2016-10-19 15:23:26,727D - T-shirts Distribution,GNU C++14,Accepted,108 ms,6600 KB
21591854,2016-10-19 15:21:52,727D - T-shirts Distribution,GNU C++14,Wrong answer on test 3,15 ms,1900 KB
21582766,2016-10-19 08:20:56,727D - T-shirts Distribution,GNU C++14,Wrong answer on test 3,0 ms,1900 KB
21582247,2016-10-19 07:40:57,727C - Guess the Array,GNU C++14,Accepted,46 ms,1900 KB
21582235,2016-10-19 07:40:10,727C - Guess the Array,GNU C++14,Runtime error on test 1,0 ms,1800 KB
21574890,2016-10-18 21:24:18,732E - Sockets,GNU C++14,Accepted,624 ms,18500 KB
21574774,2016-10-18 21:18:56,732E - Sockets,GNU C++14,Wrong answer on test 5,15 ms,1900 KB
21574720,2016-10-18 21:16:24,732E - Sockets,GNU C++14,Time limit exceeded on test 5,2000 ms,1900 KB
21556900,2016-10-18 07:24:27,732D - Exams,GNU C++14,Accepted,46 ms,3900 KB
21556828,2016-10-18 07:19:15,732D - Exams,GNU C++14,Wrong answer on test 5,31 ms,3600 KB
21547037,2016-10-17 21:16:49,732C - Sanatorium,GNU C++14,Accepted,31 ms,1900 KB
21541383,2016-10-17 19:20:22,732B - Cormen --- The Best Friend Of a Man,GNU C++14,Accepted,15 ms,1900 KB
21534404,2016-10-17 18:27:04,732C - Sanatorium,GNU C++14,Wrong answer on test 43,15 ms,1900 KB
21528237,2016-10-17 17:56:37,732B - Cormen --- The Best Friend Of a Man,GNU C++14,Hacked,15 ms,1900 KB
21524786,2016-10-17 17:45:35,732A - Buy a Shovel,GNU C++14,Accepted,15 ms,1900 KB
21523669,2016-10-17 17:42:37,732A - Buy a Shovel,GNU C++14,Wrong answer on pretest 6,15 ms,1900 KB
21515795,2016-10-17 12:54:09,731F - Video Cards,GNU C++14,Accepted,93 ms,5000 KB
21515684,2016-10-17 12:47:12,731F - Video Cards,GNU C++14,Wrong answer on test 1,0 ms,5000 KB
21515586,2016-10-17 12:40:37,731F - Video Cards,GNU C++14,Wrong answer on test 7,15 ms,5000 KB
21515554,2016-10-17 12:39:01,731F - Video Cards,GNU C++14,Wrong answer on test 4,15 ms,5000 KB
21514758,2016-10-17 11:53:05,731B - Coupons and Discounts,GNU C++14,Accepted,77 ms,2600 KB
21514741,2016-10-17 11:52:07,731B - Coupons and Discounts,GNU C++14,Wrong answer on test 5,15 ms,1900 KB
21491801,2016-10-16 14:37:48,731B - Coupons and Discounts,GNU C++14,Accepted,93 ms,2600 KB
21490030,2016-10-16 14:23:51,731B - Coupons and Discounts,GNU C++14,Wrong answer on pretest 5,15 ms,1900 KB
21489130,2016-10-16 14:15:43,731B - Coupons and Discounts,GNU C++14,Wrong answer on pretest 5,15 ms,1900 KB
21488775,2016-10-16 14:12:22,731B - Coupons and Discounts,GNU C++14,Wrong answer on pretest 3,15 ms,1900 KB
21487166,2016-10-16 13:57:25,731C - Socks,GNU C++14,Accepted,421 ms,18700 KB
21477359,2016-10-16 12:54:38,731A - Night at the Museum,GNU C++14,Accepted,15 ms,1900 KB
21475638,2016-10-16 12:27:14,727C - Guess the Array,GNU C++14,Wrong answer on test 3,15 ms,1900 KB
21475600,2016-10-16 12:24:24,727C - Guess the Array,GNU C++14,Idleness limit exceeded on test 1,0 ms,0 KB
21475558,2016-10-16 12:21:44,727C - Guess the Array,GNU C++14,Idleness limit exceeded on test 1,0 ms,0 KB
21475520,2016-10-16 12:20:11,727C - Guess the Array,GNU C++11,Idleness limit exceeded on test 1,0 ms,0 KB
21474653,2016-10-16 11:30:33,727A - Transformation: from A to B,GNU C++14,Accepted,15 ms,1900 KB
21474499,2016-10-16 11:21:19,727A - Transformation: from A to B,GNU C++14,Memory limit exceeded on test 5,311 ms,262100 KB
21474418,2016-10-16 11:15:13,727A - Transformation: from A to B,GNU C++11,Memory limit exceeded on test 5,264 ms,262100 KB
21430144,2016-10-14 21:06:43,469C - 24 Game,Java 8,Accepted,670 ms,20300 KB
21430002,2016-10-14 20:59:18,469D - Two Sets,GNU C++14,Wrong answer on test 1,0 ms,2000 KB
21429409,2016-10-14 20:33:21,469C - 24 Game,GNU C++14,Accepted,31 ms,2300 KB
21429194,2016-10-14 20:24:46,469C - 24 Game,GNU C++14,Wrong answer on test 6,15 ms,1900 KB
21428588,2016-10-14 19:58:20,469C - 24 Game,GNU C++14,Wrong answer on test 6,15 ms,1900 KB
21427764,2016-10-14 19:23:22,469B - Chat Online,GNU C++14,Accepted,15 ms,1900 KB
21427540,2016-10-14 19:13:47,469B - Chat Online,GNU C++14,Wrong answer on test 3,15 ms,1900 KB
21427259,2016-10-14 19:02:53,469A - I Wanna Be the Guy,GNU C++14,Accepted,15 ms,2300 KB
21389533,2016-10-12 21:25:13,723E - One-Way Reform,GNU C++14,Accepted,46 ms,4900 KB
21389486,2016-10-12 21:22:24,723E - One-Way Reform,GNU C++14,Wrong answer on test 5,15 ms,2100 KB
21389293,2016-10-12 21:12:33,723E - One-Way Reform,GNU C++14,Wrong answer on test 11,15 ms,2100 KB
21389109,2016-10-12 21:03:43,723E - One-Way Reform,GNU C++14,Wrong answer on test 11,15 ms,2100 KB
21388871,2016-10-12 20:54:01,723E - One-Way Reform,GNU C++14,Wrong answer on test 5,15 ms,2100 KB
21388806,2016-10-12 20:50:23,723E - One-Way Reform,GNU C++14,Wrong answer on test 5,15 ms,2100 KB
21388780,2016-10-12 20:49:16,723E - One-Way Reform,GNU C++14,Wrong answer on test 5,15 ms,2100 KB
21388310,2016-10-12 20:29:44,723E - One-Way Reform,GNU C++14,Wrong answer on test 5,15 ms,2000 KB
21375935,2016-10-12 10:51:31,724D - Dense Subsequence,GNU C++14,Wrong answer on test 12,15 ms,2100 KB
21375667,2016-10-12 10:34:47,724D - Dense Subsequence,GNU C++14,Wrong answer on test 12,15 ms,2100 KB
21375421,2016-10-12 10:21:49,724D - Dense Subsequence,GNU C++14,Wrong answer on test 12,15 ms,2000 KB
21375294,2016-10-12 10:13:13,724D - Dense Subsequence,GNU C++14,Wrong answer on test 12,15 ms,2000 KB
21351666,2016-10-11 09:03:50,724D - Dense Subsequence,GNU C++14,Wrong answer on test 5,15 ms,2000 KB
21350659,2016-10-11 07:38:41,724B - Batch Sort,GNU C++14,Accepted,15 ms,1900 KB
21299431,2016-10-08 18:58:58,724B - Batch Sort,GNU C++14,Wrong answer on test 44,31 ms,1900 KB
21299360,2016-10-08 18:57:09,724B - Batch Sort,GNU C++14,Wrong answer on test 40,15 ms,1900 KB
21299301,2016-10-08 18:55:46,724B - Batch Sort,GNU C++14,Wrong answer on test 24,15 ms,1900 KB
21294672,2016-10-08 17:38:01,724A - Checking the Calendar,GNU C++14,Accepted,15 ms,1900 KB
21291305,2016-10-08 16:57:14,724B - Batch Sort,GNU C++14,Wrong answer on test 23,31 ms,1900 KB
21259099,2016-10-07 16:40:05,723A - The New Year: Meeting Friends,GNU C++14,Accepted,15 ms,1900 KB
21259067,2016-10-07 16:38:25,723B - Text Document Analysis,GNU C++14,Accepted,15 ms,1900 KB
21257923,2016-10-07 15:49:15,723C - Polycarp at the Radio,GNU C++14,Accepted,31 ms,1900 KB
21257796,2016-10-07 15:42:46,723C - Polycarp at the Radio,GNU C++14,Wrong answer on test 12,15 ms,1900 KB
21257712,2016-10-07 15:39:32,723C - Polycarp at the Radio,GNU C++14,Wrong answer on test 12,15 ms,1900 KB
21257392,2016-10-07 15:26:03,723D - Lakes in Berland,GNU C++14,Accepted,15 ms,2000 KB
21254941,2016-10-07 13:22:13,723D - Lakes in Berland,GNU C++11,Wrong answer on test 3,15 ms,2000 KB
21254933,2016-10-07 13:21:21,723D - Lakes in Berland,GNU C++11,Wrong answer on test 3,15 ms,2000 KB
21254911,2016-10-07 13:20:04,723D - Lakes in Berland,GNU C++11,Wrong answer on test 1,0 ms,2000 KB
21210894,2016-10-05 17:16:22,722D - Generating Sets,GNU C++11,Accepted,327 ms,19900 KB
21210787,2016-10-05 17:12:26,722D - Generating Sets,GNU C++,Compilation error,0 ms,0 KB
21210528,2016-10-05 17:02:45,722D - Generating Sets,GNU C++,Accepted,233 ms,20600 KB
21210444,2016-10-05 16:59:46,722D - Generating Sets,GNU C++,Wrong answer on test 10,15 ms,300 KB
21110479,2016-10-02 12:23:48,722C - Destroying Array,GNU C++,Accepted,171 ms,5500 KB
21105431,2016-10-02 07:36:32,722C - Destroying Array,GNU C++,Wrong answer on test 5,15 ms,1900 KB
21094792,2016-10-01 20:49:43,722C - Destroying Array,GNU C++,Wrong answer on test 5,15 ms,1900 KB
21094774,2016-10-01 20:48:44,722C - Destroying Array,GNU C++,Wrong answer on test 5,15 ms,2000 KB
21091409,2016-10-01 19:00:25,722C - Destroying Array,GNU C++11,Wrong answer on pretest 2,15 ms,2000 KB
21080047,2016-10-01 17:41:08,722B - Verse Pattern,GNU C++,Accepted,15 ms,0 KB
21078955,2016-10-01 17:36:10,722B - Verse Pattern,GNU C++11,Wrong answer on pretest 1,15 ms,0 KB
21077619,2016-10-01 17:30:51,722B - Verse Pattern,GNU C++11,Compilation error,0 ms,0 KB
21070268,2016-10-01 16:37:10,721C - Journey,GNU C++11,Memory limit exceeded on test 1,140 ms,262100 KB
21061764,2016-10-01 11:51:24,721C - Journey,GNU C++11,Memory limit exceeded on test 11,217 ms,262100 KB
21061406,2016-10-01 11:37:14,721C - Journey,GNU C++11,Memory limit exceeded on test 11,249 ms,262100 KB
21059895,2016-10-01 10:37:05,721B - Passwords,GNU C++11,Accepted,15 ms,0 KB
21059811,2016-10-01 10:33:03,721B - Passwords,GNU C++11,Wrong answer on test 18,15 ms,0 KB
21059531,2016-10-01 10:19:40,721B - Passwords,GNU C++11,Wrong answer on test 18,15 ms,0 KB
21059244,2016-10-01 10:05:42,721A - One-dimensional Japanese Crossword,GNU C++11,Accepted,31 ms,0 KB
20934926,2016-09-27 00:35:21,478C - Table Decorations,GNU C++11,Wrong answer on test 3,15 ms,0 KB
20934824,2016-09-27 00:24:17,478C - Table Decorations,GNU C++11,Wrong answer on test 8,15 ms,0 KB
20910097,2016-09-25 17:40:38,652C - Foe Pairs,GNU C++11,Accepted,171 ms,13800 KB
20909061,2016-09-25 16:43:33,719C - Efim and Strange Grade,GNU C++11,Accepted,30 ms,200 KB
20908993,2016-09-25 16:39:30,719C - Efim and Strange Grade,GNU C++11,Wrong answer on test 12,30 ms,200 KB
20890557,2016-09-24 17:40:50,719B - Anatoly and Cockroaches,GNU C++11,Accepted,31 ms,600 KB
20889836,2016-09-24 17:07:38,719B - Anatoly and Cockroaches,GNU C++11,Wrong answer on test 4,15 ms,0 KB
20889619,2016-09-24 16:57:58,719A - Vitya in the Countryside,GNU C++11,Accepted,31 ms,0 KB
20788599,2016-09-21 08:11:37,445C - DZY Loves Physics,GNU C++11,Accepted,951 ms,0 KB
20788567,2016-09-21 08:08:11,445C - DZY Loves Physics,GNU C++11,Compilation error,0 ms,0 KB
20724812,2016-09-18 07:40:38,716C - Plus and Square Root,GNU C++11,Accepted,61 ms,0 KB
20706413,2016-09-17 18:18:11,716C - Plus and Square Root,GNU C++11,Time limit exceeded on pretest 5,2000 ms,0 KB
20705993,2016-09-17 18:15:56,716C - Plus and Square Root,GNU C++11,Time limit exceeded on pretest 5,2000 ms,0 KB
20704957,2016-09-17 18:09:47,716C - Plus and Square Root,GNU C++11,Wrong answer on pretest 5,46 ms,0 KB
20693536,2016-09-17 17:17:51,716B - Complete the Word,GNU C++11,Accepted,30 ms,100 KB
20691885,2016-09-17 17:11:49,716B - Complete the Word,GNU C++11,Wrong answer on pretest 6,15 ms,100 KB
20690855,2016-09-17 17:08:22,716B - Complete the Word,GNU C++11,Wrong answer on pretest 6,15 ms,0 KB
20690116,2016-09-17 17:05:37,716B - Complete the Word,GNU C++11,Wrong answer on pretest 6,15 ms,100 KB
20684460,2016-09-17 16:49:49,716A - Crazy Computer,GNU C++11,Accepted,265 ms,800 KB
20683464,2016-09-17 16:47:50,716A - Crazy Computer,GNU C++11,Wrong answer on pretest 1,15 ms,0 KB
20596265,2016-09-13 21:32:23,714E - Sonya and Problem Wihtout a Legend,GNU C++11,Wrong answer on pretest 1,0 ms,0 KB
20588403,2016-09-13 20:39:43,714C - Sonya and Queries,GNU C++11,Accepted,639 ms,6100 KB
20587406,2016-09-13 20:33:54,714C - Sonya and Queries,GNU C++11,Runtime error on pretest 1,0 ms,0 KB
20581169,2016-09-13 20:06:18,714B - Filya and Homework,GNU C++11,Accepted,30 ms,1000 KB
20579081,2016-09-13 19:59:08,714B - Filya and Homework,GNU C++11,Wrong answer on pretest 3,0 ms,0 KB
20578897,2016-09-13 19:58:31,714B - Filya and Homework,GNU C++11,Wrong answer on pretest 3,15 ms,0 KB
20576448,2016-09-13 19:51:43,714B - Filya and Homework,GNU C++11,Wrong answer on pretest 3,0 ms,0 KB
20572095,2016-09-13 19:40:41,714A - Meeting of Old Friends,GNU C++11,Accepted,31 ms,0 KB
20541977,2016-09-12 04:46:34,712D - Memory and Scores,GNU C++11,Accepted,264 ms,162800 KB
20536938,2016-09-11 20:27:16,712D - Memory and Scores,GNU C++11,Runtime error on test 17,15 ms,1600 KB
20536805,2016-09-11 20:18:42,712D - Memory and Scores,GNU C++11,Wrong answer on test 15,15 ms,800 KB
20536171,2016-09-11 19:34:42,712D - Memory and Scores,GNU C++11,Wrong answer on test 7,15 ms,800 KB
20534403,2016-09-11 17:45:54,712D - Memory and Scores,GNU C++11,Time limit exceeded on test 15,2000 ms,7100 KB
20534338,2016-09-11 17:42:02,712D - Memory and Scores,GNU C++11,Time limit exceeded on test 15,2000 ms,7100 KB
20534332,2016-09-11 17:41:39,712D - Memory and Scores,GNU C++11,Wrong answer on test 1,0 ms,1600 KB
20514078,2016-09-10 21:59:59,712D - Memory and Scores,GNU C++11,Wrong answer on pretest 1,0 ms,1600 KB
20514012,2016-09-10 21:59:11,712D - Memory and Scores,GNU C++11,Wrong answer on pretest 1,15 ms,1600 KB
20513871,2016-09-10 21:57:11,712D - Memory and Scores,GNU C++11,Wrong answer on pretest 1,0 ms,1600 KB
20513617,2016-09-10 21:52:14,712D - Memory and Scores,GNU C++11,Wrong answer on pretest 1,15 ms,1600 KB
20510866,2016-09-10 21:07:24,712C - Memory and De-Evolution,GNU C++11,Accepted,31 ms,0 KB
20507711,2016-09-10 20:37:38,712B - Memory and Trident,GNU C++11,Accepted,31 ms,100 KB
20503466,2016-09-10 20:14:16,712A - Memory and Crow,GNU C++11,Accepted,311 ms,800 KB
20502878,2016-09-10 20:10:34,712A - Memory and Crow,GNU C++11,Wrong answer on pretest 1,15 ms,0 KB
20259648,2016-08-29 20:06:38,711C - Coloring Trees,GNU C++11,Wrong answer on test 5,15 ms,100 KB
20238495,2016-08-29 15:38:03,711B - Chris and Magic Square,GNU C++11,Accepted,811 ms,1900 KB
20234770,2016-08-29 15:25:31,711B - Chris and Magic Square,GNU C++11,Wrong answer on pretest 4,15 ms,0 KB
20234085,2016-08-29 15:23:19,711B - Chris and Magic Square,GNU C++11,Wrong answer on pretest 4,15 ms,0 KB
20229667,2016-08-29 15:10:46,711A - Bus to Udayland,GNU C++11,Accepted,31 ms,100 KB
20196732,2016-08-27 17:05:40,709B - Checkpoints,GNU C++11,Accepted,30 ms,3100 KB
20135678,2016-08-24 22:45:30,709B - Checkpoints,GNU C++11,Wrong answer on test 31,31 ms,3100 KB
20131095,2016-08-24 21:21:07,709C - Letters Cyclic Shift,GNU C++11,Accepted,31 ms,2300 KB
20129000,2016-08-24 21:06:04,709C - Letters Cyclic Shift,GNU C++11,Wrong answer on pretest 7,15 ms,2000 KB
20126999,2016-08-24 20:52:31,709C - Letters Cyclic Shift,GNU C++11,Wrong answer on pretest 7,15 ms,2000 KB
20125609,2016-08-24 20:43:26,709B - Checkpoints,GNU C++11,Wrong answer on test 31,15 ms,3000 KB
20123453,2016-08-24 20:30:44,709B - Checkpoints,GNU C++11,Wrong answer on pretest 5,15 ms,2000 KB
20109945,2016-08-24 19:38:58,709A - Juicer,GNU C++11,Accepted,234 ms,2000 KB
20098809,2016-08-24 08:25:21,707A - Brain's Photos,GNU C++11,Accepted,31 ms,2000 KB
20065212,2016-08-22 19:06:10,710E - Generate a String,GNU C++11,Wrong answer on test 6,15 ms,2000 KB
20061344,2016-08-22 18:34:17,710E - Generate a String,GNU C++11,Wrong answer on test 6,15 ms,2000 KB
20060348,2016-08-22 18:25:05,710C - Magic Odd Square,GNU C++11,Accepted,15 ms,2000 KB
20057221,2016-08-22 18:00:19,710C - Magic Odd Square,GNU C++11,Wrong answer on test 4,15 ms,2000 KB
20055614,2016-08-22 17:48:57,710C - Magic Odd Square,GNU C++11,Wrong answer on test 4,15 ms,2000 KB
20051436,2016-08-22 17:26:19,710B - Optimal Point on a Line,GNU C++11,Accepted,62 ms,3200 KB
20050159,2016-08-22 17:21:05,710A - King Moves,GNU C++11,Accepted,15 ms,2000 KB
20048555,2016-08-22 17:15:58,710A - King Moves,GNU C++11,Wrong answer on test 2,15 ms,2000 KB
19987525,2016-08-20 16:21:19,707B - Bakery,GNU C++11,Accepted,46 ms,5900 KB
19983693,2016-08-20 16:10:02,707A - Brain's Photos,GNU C++11,Wrong answer on test 5,15 ms,2000 KB
19982634,2016-08-20 16:08:14,707A - Brain's Photos,GNU C++11,Wrong answer on pretest 1,0 ms,2000 KB
19968789,2016-08-19 20:56:45,445C - DZY Loves Physics,GNU C++11,Wrong answer on test 5,187 ms,5200 KB
19968717,2016-08-19 20:52:48,445C - DZY Loves Physics,GNU C++11,Wrong answer on test 5,187 ms,5200 KB
19968642,2016-08-19 20:48:24,445C - DZY Loves Physics,GNU C++11,Wrong answer on test 5,171 ms,5200 KB
19967696,2016-08-19 19:49:57,445B - DZY Loves Chemistry,GNU C++11,Accepted,15 ms,2100 KB
19967645,2016-08-19 19:46:41,445B - DZY Loves Chemistry,GNU C++11,Wrong answer on test 5,0 ms,2000 KB
19967454,2016-08-19 19:35:18,445A - DZY Loves Chessboard,GNU C++11,Accepted,15 ms,2800 KB
19967425,2016-08-19 19:33:43,445A - DZY Loves Chessboard,GNU C++11,Wrong answer on test 5,0 ms,2000 KB
19893282,2016-08-15 20:45:31,443D - Andrey and Problem,GNU C++11,Wrong answer on test 4,15 ms,2000 KB
19893254,2016-08-15 20:44:15,443D - Andrey and Problem,GNU C++11,Wrong answer on test 4,15 ms,2000 KB
19892999,2016-08-15 20:29:20,443D - Andrey and Problem,GNU C++11,Wrong answer on test 5,0 ms,2000 KB
19892298,2016-08-15 19:46:46,443B - Kolya and Tandem Repeat,GNU C++11,Accepted,15 ms,2000 KB
19892235,2016-08-15 19:43:14,443B - Kolya and Tandem Repeat,GNU C++11,Wrong answer on test 7,15 ms,2000 KB
19891849,2016-08-15 19:19:53,443A - Anton and Letters,GNU C++11,Accepted,15 ms,2000 KB
19862819,2016-08-14 08:27:07,706D - Vasiliy's Multiset,GNU C++11,Accepted,530 ms,52300 KB
19862784,2016-08-14 08:23:41,706D - Vasiliy's Multiset,GNU C++11,Wrong answer on test 3,421 ms,24400 KB
19842441,2016-08-13 08:46:38,706C - Hard problem,GNU C++11,Wrong answer on test 8,46 ms,5900 KB
19842362,2016-08-13 08:42:20,706C - Hard problem,GNU C++11,Wrong answer on test 8,62 ms,5900 KB
19842299,2016-08-13 08:38:47,706C - Hard problem,GNU C++11,Wrong answer on test 3,15 ms,4400 KB
19842267,2016-08-13 08:37:04,706C - Hard problem,GNU C++11,Wrong answer on test 5,15 ms,4400 KB
19842154,2016-08-13 08:29:31,706C - Hard problem,GNU C++11,Wrong answer on test 3,15 ms,4400 KB
19800461,2016-08-11 20:27:36,706B - Interesting drink,GNU C++11,Accepted,46 ms,2800 KB
19799741,2016-08-11 20:24:13,706B - Interesting drink,GNU C++11,Wrong answer on pretest 5,15 ms,2800 KB
19797244,2016-08-11 20:11:35,706B - Interesting drink,GNU C++11,Wrong answer on pretest 5,15 ms,9800 KB
19795611,2016-08-11 20:03:12,706B - Interesting drink,GNU C++11,Wrong answer on pretest 5,15 ms,2800 KB
19793172,2016-08-11 19:53:06,706B - Interesting drink,GNU C++11,Wrong answer on pretest 5,15 ms,2400 KB
19788280,2016-08-11 19:39:19,706A - Beru-taxi,GNU C++11,Accepted,30 ms,2000 KB
19720947,2016-08-08 08:53:09,705C - Thor,GNU C++11,Accepted,373 ms,14000 KB
19720902,2016-08-08 08:50:00,705C - Thor,GNU C++11,Wrong answer on test 3,15 ms,2000 KB
19720760,2016-08-08 08:38:21,705C - Thor,GNU C++11,Wrong answer on test 3,15 ms,2000 KB
19720687,2016-08-08 08:33:05,705C - Thor,GNU C++11,Wrong answer on test 3,15 ms,2000 KB
19709546,2016-08-07 19:01:08,705C - Thor,GNU C++11,Wrong answer on pretest 3,31 ms,2000 KB
19707713,2016-08-07 18:48:55,705C - Thor,GNU C++11,Wrong answer on pretest 3,15 ms,2000 KB
19707522,2016-08-07 18:47:33,705C - Thor,GNU C++11,Wrong answer on pretest 3,15 ms,2000 KB
19706760,2016-08-07 18:42:17,705C - Thor,GNU C++11,Wrong answer on pretest 3,31 ms,2000 KB
19705767,2016-08-07 18:34:45,705C - Thor,GNU C++11,Runtime error on pretest 3,967 ms,2000 KB
19703479,2016-08-07 18:19:20,705C - Thor,GNU C++11,Runtime error on pretest 3,967 ms,2000 KB
19688641,2016-08-07 17:09:12,705A - Hulk,GNU C++11,Accepted,15 ms,2000 KB
19664735,2016-08-06 10:32:07,703D - Mishka and Interesting sum,GNU C++11,Accepted,2027 ms,101400 KB
19664669,2016-08-06 10:28:43,703D - Mishka and Interesting sum,GNU C++11,Accepted,1762 ms,101400 KB
19664565,2016-08-06 10:21:55,703D - Mishka and Interesting sum,GNU C++11,Wrong answer on test 3,15 ms,56800 KB
19628576,2016-08-04 19:31:54,703B - Mishka and trip,GNU C++11,Accepted,61 ms,5600 KB
19628210,2016-08-04 19:28:53,703B - Mishka and trip,GNU C++11,Wrong answer on pretest 4,15 ms,2000 KB
19624173,2016-08-04 18:46:07,703B - Mishka and trip,GNU C++11,Wrong answer on pretest 4,15 ms,2000 KB
19620333,2016-08-04 18:21:06,703A - Mishka and Game,GNU C++11,Accepted,31 ms,2000 KB
19585433,2016-08-02 21:53:47,433C - Ryouko's Memory Note,GNU C++11,Wrong answer on test 5,108 ms,4000 KB
19585205,2016-08-02 21:39:03,433C - Ryouko's Memory Note,GNU C++11,Wrong answer on test 5,124 ms,4000 KB
19585158,2016-08-02 21:36:40,433C - Ryouko's Memory Note,GNU C++11,Wrong answer on test 5,124 ms,4000 KB
19584722,2016-08-02 21:10:02,433C - Ryouko's Memory Note,GNU C++11,Wrong answer on test 4,15 ms,0 KB
19583981,2016-08-02 20:17:11,433C - Ryouko's Memory Note,GNU C++11,Wrong answer on test 3,31 ms,0 KB
19583927,2016-08-02 20:12:31,433C - Ryouko's Memory Note,GNU C++11,Wrong answer on test 3,0 ms,0 KB
19583386,2016-08-02 19:36:44,433B - Kuriyama Mirai's Stones,GNU C++11,Accepted,109 ms,1600 KB
19583229,2016-08-02 19:28:22,433A - Kitahara Haruki's Gift,GNU C++11,Accepted,15 ms,0 KB
19565260,2016-08-01 20:05:11,702B - Powers of Two,GNU C++11,Accepted,2105 ms,100400 KB
19565244,2016-08-01 20:04:04,702B - Powers of Two,GNU C++11,Wrong answer on test 14,1513 ms,76700 KB
19531947,2016-07-31 09:44:22,702C - Cellular Network,GNU C++11,Accepted,15 ms,800 KB
19531864,2016-07-31 09:38:01,702C - Cellular Network,GNU C++11,Wrong answer on test 2,15 ms,0 KB
19531817,2016-07-31 09:34:53,702C - Cellular Network,GNU C++11,Wrong answer on test 4,0 ms,0 KB
19531764,2016-07-31 09:32:03,702C - Cellular Network,GNU C++11,Wrong answer on test 7,15 ms,400 KB
19531645,2016-07-31 09:24:10,702C - Cellular Network,GNU C++11,Wrong answer on test 7,15 ms,400 KB
19531621,2016-07-31 09:22:50,702C - Cellular Network,GNU C++11,Wrong answer on test 7,15 ms,400 KB
19531598,2016-07-31 09:21:44,702C - Cellular Network,GNU C++11,Time limit exceeded on test 1,3000 ms,1900 KB
19530837,2016-07-31 08:31:44,702A - Maximum Increase,GNU C++11,Accepted,218 ms,400 KB
19475827,2016-07-29 11:38:36,430C - Xor-tree,GNU C++11,Accepted,93 ms,5400 KB
19467379,2016-07-28 22:26:20,430C - Xor-tree,GNU C++11,Wrong answer on test 2,0 ms,2000 KB
19467372,2016-07-28 22:25:31,430B - Balls Game,GNU C++11,Time limit exceeded on test 1,1000 ms,1900 KB
19467345,2016-07-28 22:23:12,430C - Xor-tree,GNU C++11,Wrong answer on test 2,15 ms,2000 KB
19466542,2016-07-28 21:21:40,430A - Points and Segments (easy),GNU C++11,Accepted,31 ms,0 KB
19466217,2016-07-28 20:54:58,430B - Balls Game,GNU C++11,Accepted,15 ms,0 KB
19466004,2016-07-28 20:39:40,430B - Balls Game,GNU C++11,Wrong answer on test 4,15 ms,0 KB
19465763,2016-07-28 20:20:33,430B - Balls Game,GNU C++11,Wrong answer on test 4,15 ms,0 KB
19465724,2016-07-28 20:17:59,430B - Balls Game,GNU C++11,Wrong answer on test 4,15 ms,0 KB
19465695,2016-07-28 20:16:24,430B - Balls Game,GNU C++11,Wrong answer on test 4,15 ms,0 KB
19445263,2016-07-27 19:15:40,141B - Hopscotch,GNU C++11,Accepted,92 ms,24600 KB
19444959,2016-07-27 18:53:00,141A - Amusing Joke,GNU C++11,Accepted,30 ms,0 KB
19433415,2016-07-27 07:36:58,701D - As Fast As Possible,GNU C++11,Accepted,15 ms,0 KB
19366405,2016-07-23 17:09:43,701C - They Are Everywhere,GNU C++11,Accepted,31 ms,400 KB
19364692,2016-07-23 15:24:37,701C - They Are Everywhere,GNU C++11,Runtime error on test 6,15 ms,400 KB
19347344,2016-07-22 21:34:45,701C - They Are Everywhere,GNU C++11,Runtime error on pretest 6,15 ms,3900 KB
19346937,2016-07-22 21:32:48,701C - They Are Everywhere,GNU C++11,Runtime error on pretest 6,15 ms,400 KB
19346792,2016-07-22 21:32:03,701C - They Are Everywhere,GNU C++11,Wrong answer on pretest 3,15 ms,400 KB
19346028,2016-07-22 21:25:54,701C - They Are Everywhere,GNU C++11,Runtime error on pretest 6,15 ms,400 KB
19345319,2016-07-22 21:19:32,701C - They Are Everywhere,GNU C++11,Runtime error on pretest 6,15 ms,400 KB
19344765,2016-07-22 21:14:25,701C - They Are Everywhere,GNU C++11,Runtime error on pretest 6,15 ms,400 KB
19336727,2016-07-22 20:15:17,701B - Cells Not Under Attack,GNU C++11,Accepted,46 ms,200 KB
19336265,2016-07-22 20:12:43,701B - Cells Not Under Attack,GNU C++11,Wrong answer on pretest 3,15 ms,200 KB
19336218,2016-07-22 20:12:29,701B - Cells Not Under Attack,GNU C++11,Wrong answer on pretest 3,15 ms,200 KB
19332777,2016-07-22 19:55:41,701A - Cards,GNU C++11,Accepted,15 ms,0 KB
19331177,2016-07-22 19:48:55,701A - Cards,GNU C++11,Wrong answer on pretest 7,15 ms,0 KB
19330170,2016-07-22 19:45:43,701A - Cards,GNU C++11,Wrong answer on pretest 1,0 ms,0 KB
19269168,2016-07-20 07:41:11,699A - Launch of Collider,GNU C++11,Accepted,31 ms,200 KB
19269120,2016-07-20 07:38:42,699A - Launch of Collider,GNU C++11,Wrong answer on test 8,30 ms,200 KB
19199190,2016-07-18 05:42:42,426C - Sereja and Swaps,GNU C++11,Accepted,140 ms,100 KB
19190735,2016-07-17 16:24:58,426C - Sereja and Swaps,GNU C++11,Accepted,140 ms,100 KB
19190714,2016-07-17 16:23:22,426C - Sereja and Swaps,GNU C++11,Accepted,171 ms,100 KB
19190672,2016-07-17 16:19:59,426C - Sereja and Swaps,GNU C++11,Wrong answer on test 3,15 ms,0 KB
19178406,2016-07-16 21:37:17,426C - Sereja and Swaps,GNU C++11,Wrong answer on test 4,15 ms,0 KB
19178239,2016-07-16 21:22:13,426C - Sereja and Swaps,GNU C++11,Wrong answer on test 3,15 ms,0 KB
19178217,2016-07-16 21:20:44,426C - Sereja and Swaps,GNU C++11,Wrong answer on test 3,15 ms,0 KB
19177158,2016-07-16 20:01:55,426B - Sereja and Mirroring,GNU C++11,Accepted,31 ms,0 KB
19176993,2016-07-16 19:51:43,426A - Sereja and Mugs,GNU C++11,Accepted,15 ms,0 KB
19150414,2016-07-15 13:31:30,697B - Barnicle,GNU C++11,Wrong answer on test 29,15 ms,0 KB
19150402,2016-07-15 13:30:38,697B - Barnicle,GNU C++11,Compilation error,0 ms,0 KB
19126347,2016-07-14 20:54:14,697C - Lorenzo Von Matterhorn,GNU C++11,Accepted,61 ms,6800 KB
19119160,2016-07-14 20:06:25,697B - Barnicle,GNU C++11,Hacked,15 ms,0 KB
19115540,2016-07-14 19:50:11,697A - Pineapple Incident,GNU C++11,Accepted,31 ms,0 KB
19114057,2016-07-14 19:45:36,697A - Pineapple Incident,GNU C++11,Wrong answer on pretest 7,15 ms,0 KB
19110612,2016-07-14 18:14:11,689C - Mike and Chocolate Thieves,GNU C++11,Accepted,234 ms,0 KB
19110584,2016-07-14 18:12:23,689C - Mike and Chocolate Thieves,GNU C++11,Wrong answer on test 1,62 ms,0 KB
19099521,2016-07-14 05:34:27,691D - Swaps in Permutation,GNU C++11,Wrong answer on test 8,15 ms,23500 KB
19099407,2016-07-14 05:27:22,691D - Swaps in Permutation,GNU C++11,Wrong answer on test 6,15 ms,23500 KB
18931783,2016-07-06 21:00:43,689B - Mike and Shortcuts,GNU C++11,Accepted,109 ms,8900 KB
18930897,2016-07-06 20:51:50,689B - Mike and Shortcuts,GNU C++11,Wrong answer on pretest 4,15 ms,2400 KB
18930582,2016-07-06 20:48:57,689B - Mike and Shortcuts,GNU C++11,Wrong answer on pretest 4,15 ms,2400 KB
18929565,2016-07-06 20:39:44,689B - Mike and Shortcuts,GNU C++11,Wrong answer on pretest 4,15 ms,2400 KB
18927345,2016-07-06 20:21:19,689A - Mike and Cellphone,GNU C++11,Accepted,15 ms,0 KB
18887747,2016-07-04 21:30:05,424C - Magic Formulas,GNU C++11,Accepted,77 ms,23400 KB
18887225,2016-07-04 20:43:39,424B - Megacity,GNU C++11,Accepted,15 ms,0 KB
18887186,2016-07-04 20:40:18,424B - Megacity,GNU C++11,Wrong answer on test 4,15 ms,0 KB
18887158,2016-07-04 20:37:43,424B - Megacity,GNU C++11,Wrong answer on test 4,15 ms,0 KB
18887115,2016-07-04 20:34:28,424B - Megacity,GNU C++11,Wrong answer on test 4,15 ms,0 KB
18887082,2016-07-04 20:31:27,424B - Megacity,GNU C++11,Wrong answer on test 4,15 ms,0 KB
18887049,2016-07-04 20:29:05,424B - Megacity,GNU C++11,Wrong answer on test 1,0 ms,0 KB
18886837,2016-07-04 20:10:36,424A - Squats,GNU C++11,Accepted,15 ms,0 KB
18858495,2016-07-02 21:54:33,416C - Booking System,GNU C++11,Accepted,15 ms,12300 KB
18858346,2016-07-02 21:37:58,416C - Booking System,GNU C++11,Wrong answer on test 7,15 ms,0 KB
18858339,2016-07-02 21:37:29,416C - Booking System,GNU C++11,Wrong answer on test 7,15 ms,0 KB
18858333,2016-07-02 21:36:41,416C - Booking System,GNU C++11,Wrong answer on test 7,15 ms,0 KB
18857521,2016-07-02 20:11:54,416B - Art Union,GNU C++11,Accepted,46 ms,1900 KB
18857366,2016-07-02 19:57:14,416A - Guess a number!,GNU C++11,Accepted,78 ms,0 KB
18836241,2016-07-01 10:33:40,687B - Remainders Game,GNU C++11,Accepted,187 ms,0 KB
18836176,2016-07-01 10:28:18,687B - Remainders Game,GNU C++11,Wrong answer on test 11,15 ms,0 KB
18836041,2016-07-01 10:15:35,687B - Remainders Game,GNU C++11,Time limit exceeded on test 11,1000 ms,8900 KB
18834320,2016-07-01 07:23:28,687A - NP-Hard Problem,GNU C++11,Accepted,78 ms,6100 KB
18791748,2016-06-29 20:22:38,688B - Lovely Palindromes,GNU C++11,Accepted,31 ms,200 KB
18787446,2016-06-29 20:10:54,688A - Opponents,GNU C++11,Accepted,31 ms,0 KB
18779262,2016-06-29 10:54:05,415D - Mashmokh and ACM,GNU C++11,Accepted,327 ms,31500 KB
18772069,2016-06-28 21:34:36,415C - Mashmokh and Numbers,GNU C++11,Accepted,61 ms,0 KB
18771989,2016-06-28 21:29:09,415C - Mashmokh and Numbers,GNU C++11,Wrong answer on test 4,15 ms,0 KB
18771923,2016-06-28 21:23:32,415C - Mashmokh and Numbers,GNU C++11,Wrong answer on test 2,0 ms,0 KB
18771526,2016-06-28 20:51:39,415B - Mashmokh and Tokens,GNU C++11,Accepted,327 ms,800 KB
18771395,2016-06-28 20:42:26,415B - Mashmokh and Tokens,GNU C++11,Wrong answer on test 4,186 ms,500 KB
18771153,2016-06-28 20:22:07,415A - Mashmokh and Lights,GNU C++11,Accepted,15 ms,0 KB
18747492,2016-06-27 09:35:59,652C - Foe Pairs,GNU C++11,Wrong answer on test 5,0 ms,0 KB
18747232,2016-06-27 09:02:37,678D - Iterated Linear Function,GNU C++11,Accepted,15 ms,0 KB
18747206,2016-06-27 08:58:26,678D - Iterated Linear Function,GNU C++11,Wrong answer on test 14,15 ms,0 KB
18746992,2016-06-27 08:25:11,678D - Iterated Linear Function,GNU C++11,Wrong answer on test 6,15 ms,0 KB
18746864,2016-06-27 08:10:34,678C - Joty and Chocolate,GNU C++11,Accepted,15 ms,0 KB
18746770,2016-06-27 07:55:28,678B - The Same Calendar,GNU C++11,Accepted,15 ms,0 KB
18746729,2016-06-27 07:48:33,678D - Iterated Linear Function,GNU C++11,Runtime error on test 4,15 ms,0 KB
18746721,2016-06-27 07:48:00,678C - Joty and Chocolate,GNU C++11,Wrong answer on test 18,15 ms,0 KB
18746716,2016-06-27 07:47:24,678B - The Same Calendar,GNU C++11,Wrong answer on test 4,15 ms,0 KB
18746713,2016-06-27 07:46:31,678A - Johny Likes Numbers,GNU C++11,Accepted,15 ms,0 KB
18686967,2016-06-23 22:36:05,686C - Robbers' watch,GNU C++11,Accepted,374 ms,0 KB
18686926,2016-06-23 22:34:51,686C - Robbers' watch,GNU C++11,Wrong answer on test 25,374 ms,0 KB
18686856,2016-06-23 22:32:55,686C - Robbers' watch,GNU C++11,Accepted,389 ms,0 KB
18675537,2016-06-23 20:06:43,686B - Little Robber Girl's Zoo,GNU C++11,Accepted,30 ms,100 KB
18668133,2016-06-23 19:40:00,686A - Free Ice Cream,GNU C++11,Accepted,15 ms,0 KB
18564362,2016-06-17 21:34:24,682C - Alyona and the Tree,GNU C++11,Accepted,46 ms,3100 KB
18563815,2016-06-17 21:30:28,682C - Alyona and the Tree,GNU C++11,Wrong answer on pretest 4,15 ms,1600 KB
18560180,2016-06-17 20:54:22,682C - Alyona and the Tree,GNU C++11,Wrong answer on pretest 4,15 ms,1700 KB
18554037,2016-06-17 20:08:40,682B - Alyona and Mex,GNU C++11,Accepted,31 ms,400 KB
18550643,2016-06-17 19:52:50,682A - Alyona and Numbers,GNU C++11,Accepted,15 ms,0 KB
18548570,2016-06-17 19:44:24,682A - Alyona and Numbers,GNU C++11,Wrong answer on pretest 11,15 ms,0 KB
18538357,2016-06-17 10:39:05,681C - Heap Operations,GNU C++11,Accepted,936 ms,20000 KB
18538249,2016-06-17 10:33:04,681C - Heap Operations,GNU C++11,Wrong answer on test 27,951 ms,20000 KB
18538206,2016-06-17 10:30:14,681C - Heap Operations,GNU C++11,Wrong answer on test 5,0 ms,0 KB
18538168,2016-06-17 10:27:27,681C - Heap Operations,GNU C++11,Runtime error on test 4,30 ms,0 KB
18537203,2016-06-17 09:31:20,681B - Economy Game,GNU C++11,Accepted,15 ms,0 KB
18537183,2016-06-17 09:29:41,681B - Economy Game,GNU C++11,Wrong answer on test 28,15 ms,0 KB
18536741,2016-06-17 08:54:07,681A - A Good Contest,GNU C++11,Accepted,15 ms,0 KB
18327670,2016-06-08 21:34:58,680D - Bear and Tower of Cubes,GNU C++11,Wrong answer on pretest 4,15 ms,2800 KB
18326647,2016-06-08 21:30:38,680D - Bear and Tower of Cubes,GNU C++11,Wrong answer on pretest 4,15 ms,3000 KB
18325834,2016-06-08 21:25:41,680D - Bear and Tower of Cubes,GNU C++11,Runtime error on pretest 1,0 ms,2800 KB
18316808,2016-06-08 20:30:09,680C - Bear and Prime 100,GNU C++11,Accepted,15 ms,2200 KB
18316049,2016-06-08 20:26:13,680C - Bear and Prime 100,GNU C++11,Wrong answer on pretest 2,0 ms,2000 KB
18315451,2016-06-08 20:23:32,680C - Bear and Prime 100,GNU C++11,Wrong answer on pretest 2,0 ms,2000 KB
18309875,2016-06-08 20:00:34,680B - Bear and Finding Criminals,GNU C++11,Accepted,15 ms,2200 KB
18305579,2016-06-08 19:47:08,680A - Bear and Five Cards,GNU C++11,Accepted,15 ms,2200 KB
18299773,2016-06-08 17:47:14,610C - Harmony Analysis,GNU C++11,Accepted,15 ms,2500 KB
18298354,2016-06-08 15:56:25,610C - Harmony Analysis,GNU C++11,Wrong answer on test 3,15 ms,2000 KB
18298239,2016-06-08 15:45:52,610C - Harmony Analysis,GNU C++11,Wrong answer on test 3,0 ms,2000 KB
18297483,2016-06-08 14:44:48,610B - Vika and Squares,GNU C++11,Accepted,31 ms,3700 KB
18297451,2016-06-08 14:42:20,610B - Vika and Squares,GNU C++11,Wrong answer on test 2,0 ms,2000 KB
18295107,2016-06-08 11:26:09,558E - A Simple Task,GNU C++11,Time limit exceeded on test 9,5000 ms,104000 KB
18290126,2016-06-07 23:29:28,558D - Guess Your Way Out! II,GNU C++11,Accepted,46 ms,5200 KB
18290075,2016-06-07 23:24:05,558D - Guess Your Way Out! II,GNU C++11,Wrong answer on test 13,46 ms,5100 KB
18290027,2016-06-07 23:18:51,558D - Guess Your Way Out! II,GNU C++11,Wrong answer on test 13,31 ms,5100 KB
18289989,2016-06-07 23:15:37,558D - Guess Your Way Out! II,GNU C++11,Wrong answer on test 6,31 ms,3600 KB
18284095,2016-06-07 15:28:37,677D - Vanya and Treasure,GNU C++11,Accepted,452 ms,7000 KB
18273207,2016-06-06 19:47:37,677E - Vanya and Balloons,GNU C++11,Wrong answer on test 10,124 ms,5900 KB
18273181,2016-06-06 19:44:49,677E - Vanya and Balloons,GNU C++11,Wrong answer on test 10,124 ms,5900 KB
18273103,2016-06-06 19:37:30,677E - Vanya and Balloons,GNU C++11,Wrong answer on test 10,78 ms,5900 KB
18272969,2016-06-06 19:25:18,677E - Vanya and Balloons,GNU C++11,Wrong answer on test 10,109 ms,5900 KB
18266898,2016-06-06 10:57:17,677D - Vanya and Treasure,GNU C++11,Accepted,374 ms,7000 KB
18266712,2016-06-06 10:39:30,677D - Vanya and Treasure,GNU C++11,Wrong answer on test 49,312 ms,7000 KB
18266557,2016-06-06 10:19:10,677D - Vanya and Treasure,GNU C++11,Wrong answer on test 49,296 ms,7000 KB
18266527,2016-06-06 10:15:58,677D - Vanya and Treasure,GNU C++11,Runtime error on test 21,280 ms,7000 KB
18266395,2016-06-06 10:01:02,677D - Vanya and Treasure,GNU C++11,Wrong answer on test 49,295 ms,7000 KB
18265835,2016-06-06 08:59:23,677D - Vanya and Treasure,GNU C++11,Wrong answer on test 49,312 ms,7000 KB
18262869,2016-06-06 01:08:44,677D - Vanya and Treasure,GNU C++11,Wrong answer on test 10,15 ms,4300 KB
18221272,2016-06-02 20:49:16,347C - Alice and Bob,GNU C++11,Accepted,30 ms,2200 KB
18221256,2016-06-02 20:48:14,347C - Alice and Bob,GNU C++11,Compilation error,0 ms,0 KB
18220971,2016-06-02 20:25:24,347C - Alice and Bob,GNU C++11,Wrong answer on test 15,30 ms,2000 KB
18220452,2016-06-02 19:46:30,347B - Fixed Points,GNU C++11,Accepted,156 ms,10300 KB
18220408,2016-06-02 19:42:58,347B - Fixed Points,GNU C++11,Wrong answer on test 6,92 ms,8500 KB
18220393,2016-06-02 19:42:09,347B - Fixed Points,GNU C++11,Wrong answer on test 11,124 ms,10300 KB
18220385,2016-06-02 19:41:26,347B - Fixed Points,GNU C++11,Wrong answer on test 2,30 ms,2200 KB
18220333,2016-06-02 19:37:39,347B - Fixed Points,GNU C++11,Wrong answer on test 11,124 ms,10300 KB
18220214,2016-06-02 19:28:20,347A - Difference Row,GNU C++11,Accepted,30 ms,2200 KB
18216360,2016-06-02 15:26:05,677C - Vanya and Label,GNU C++11,Accepted,31 ms,2300 KB
18206946,2016-06-02 01:53:44,677C - Vanya and Label,GNU C++11,Wrong answer on test 4,0 ms,2300 KB
18203476,2016-06-01 21:34:59,677C - Vanya and Label,GNU C++11,Wrong answer on pretest 3,0 ms,2100 KB
18195215,2016-06-01 20:27:07,677B - Vanya and Food Processor,GNU C++11,Accepted,31 ms,2600 KB
18189617,2016-06-01 19:50:52,677B - Vanya and Food Processor,GNU C++11,Time limit exceeded on pretest 8,1000 ms,2000 KB
18185671,2016-06-01 19:37:37,677A - Vanya and Fence,GNU C++11,Accepted,15 ms,2200 KB
18171606,2016-05-31 19:27:08,670E - Correct Bracket Sequence Editor,GNU C++11,Accepted,93 ms,11300 KB
18170730,2016-05-31 18:22:54,670E - Correct Bracket Sequence Editor,GNU C++11,Runtime error on test 11,15 ms,10300 KB
18170697,2016-05-31 18:19:40,670E - Correct Bracket Sequence Editor,GNU C++11,Runtime error on test 11,15 ms,10300 KB
18170232,2016-05-31 17:38:06,670E - Correct Bracket Sequence Editor,GNU C++11,Wrong answer on test 11,46 ms,10300 KB
18170137,2016-05-31 17:30:39,670E - Correct Bracket Sequence Editor,GNU C++11,Wrong answer on test 11,31 ms,10300 KB
18170092,2016-05-31 17:27:39,670E - Correct Bracket Sequence Editor,GNU C++11,Wrong answer on test 1,15 ms,2500 KB
18161235,2016-05-30 23:25:49,675C - Money Transfers,GNU C++11,Accepted,46 ms,6000 KB
18161216,2016-05-30 23:22:33,675C - Money Transfers,GNU C++11,Wrong answer on test 5,15 ms,2200 KB
18161202,2016-05-30 23:20:38,675C - Money Transfers,GNU C++11,Wrong answer on test 5,15 ms,2000 KB
18161056,2016-05-30 23:04:05,675D - Tree Construction,GNU C++11,Accepted,124 ms,11600 KB
18159674,2016-05-30 20:17:32,675B - Restoring Painting,GNU C++11,Accepted,15 ms,2200 KB
18159536,2016-05-30 19:58:19,675B - Restoring Painting,GNU C++11,Wrong answer on test 6,15 ms,2000 KB
18159465,2016-05-30 19:47:23,675B - Restoring Painting,GNU C++11,Wrong answer on test 4,15 ms,2200 KB
18159261,2016-05-30 19:25:36,675A - Infinite Sequence,GNU C++11,Accepted,15 ms,2200 KB
18159251,2016-05-30 19:23:28,675A - Infinite Sequence,GNU C++11,Runtime error on test 6,15 ms,2000 KB
18159205,2016-05-30 19:18:17,675A - Infinite Sequence,GNU C++11,Runtime error on test 6,15 ms,2000 KB
18148436,2016-05-29 18:00:06,676C - Vasya and String,GNU C++11,Accepted,15 ms,2300 KB
18148359,2016-05-29 17:50:05,676C - Vasya and String,GNU C++11,Wrong answer on test 12,15 ms,2100 KB
18147326,2016-05-29 16:15:11,676C - Vasya and String,GNU C++11,Wrong answer on test 10,15 ms,2000 KB
18147279,2016-05-29 16:11:16,676C - Vasya and String,GNU C++11,Wrong answer on test 8,15 ms,2000 KB
18147244,2016-05-29 16:07:33,676C - Vasya and String,GNU C++11,Wrong answer on test 3,15 ms,2000 KB
18142545,2016-05-29 10:32:33,676B - Pyramid of Glasses,GNU C++11,Accepted,15 ms,2200 KB
18142512,2016-05-29 10:30:13,676B - Pyramid of Glasses,GNU C++11,Compilation error,0 ms,0 KB
18142448,2016-05-29 10:25:05,676B - Pyramid of Glasses,GNU C++11,Wrong answer on test 83,15 ms,2200 KB
18141962,2016-05-29 09:43:34,676B - Pyramid of Glasses,GNU C++11,Wrong answer on test 94,15 ms,2200 KB
18141933,2016-05-29 09:40:08,676B - Pyramid of Glasses,GNU C++11,Wrong answer on test 2,15 ms,2000 KB
18141826,2016-05-29 09:30:23,676B - Pyramid of Glasses,GNU C++11,Wrong answer on test 41,15 ms,2200 KB
18134916,2016-05-28 20:29:50,676B - Pyramid of Glasses,GNU C++11,Wrong answer on test 31,15 ms,2200 KB
18134055,2016-05-28 19:04:48,676A - Nicholas and Permutation,GNU C++11,Accepted,15 ms,2200 KB
18132866,2016-05-28 17:35:55,672C - Recycling Bottles,GNU C++11,Wrong answer on test 4,15 ms,2000 KB
18132614,2016-05-28 17:12:44,672C - Recycling Bottles,GNU C++11,Wrong answer on test 3,0 ms,2000 KB
18126839,2016-05-28 09:37:27,672A - Summer Camp,GNU C++11,Accepted,31 ms,2200 KB
18126771,2016-05-28 09:31:11,672B - Different is Good,GNU C++11,Accepted,15 ms,2200 KB
18099884,2016-05-26 10:32:06,670C - Cinema,GNU C++11,Accepted,358 ms,23200 KB
18099575,2016-05-26 10:09:40,670B - Game of Robots,GNU C++11,Accepted,296 ms,3700 KB
18099547,2016-05-26 10:08:11,670B - Game of Robots,GNU C++11,Runtime error on test 13,234 ms,3100 KB
18099499,2016-05-26 10:04:30,670B - Game of Robots,GNU C++11,Wrong answer on test 3,15 ms,2000 KB
18072694,2016-05-25 17:09:32,670A - Holidays,GNU C++11,Accepted,15 ms,2200 KB
18072678,2016-05-25 17:08:29,670A - Holidays,GNU C++11,Wrong answer on test 3,15 ms,2000 KB
17694859,2016-05-03 07:33:07,478C - Table Decorations,GNU C++11,Wrong answer on test 5,15 ms,2200 KB
17692735,2016-05-02 20:17:45,455A - Boredom,GNU C++11,Accepted,31 ms,2600 KB
17692605,2016-05-02 20:01:41,455A - Boredom,GNU C++11,Wrong answer on test 46,15 ms,2600 KB
17692549,2016-05-02 19:55:29,455A - Boredom,GNU C++11,Wrong answer on test 46,202 ms,2600 KB
17692503,2016-05-02 19:50:31,455A - Boredom,GNU C++11,Wrong answer on test 46,218 ms,2600 KB
17692473,2016-05-02 19:46:41,455A - Boredom,GNU C++11,Wrong answer on test 1,0 ms,2400 KB
17692423,2016-05-02 19:39:44,455A - Boredom,GNU C++11,Wrong answer on test 42,171 ms,2600 KB
17692369,2016-05-02 19:33:29,455A - Boredom,GNU C++11,Wrong answer on test 42,187 ms,2600 KB
17692263,2016-05-02 19:20:54,455A - Boredom,GNU C++11,Wrong answer on test 4,0 ms,2400 KB
17609965,2016-05-01 18:58:22,479C - Exams,GNU C++11,Accepted,15 ms,2200 KB
17609951,2016-05-01 18:56:44,479C - Exams,GNU C++11,Wrong answer on test 12,15 ms,2100 KB
17604053,2016-05-01 10:03:49,401C - Team,GNU C++11,Accepted,249 ms,13700 KB
17603510,2016-05-01 09:14:08,508B - Anton and currency you all know,GNU C++11,Accepted,15 ms,2300 KB
17594923,2016-04-30 15:29:04,466C - Number of Ways,GNU C++11,Accepted,62 ms,8000 KB
17594862,2016-04-30 15:24:11,466C - Number of Ways,GNU C++11,Wrong answer on test 4,15 ms,2200 KB
17594802,2016-04-30 15:18:57,466C - Number of Ways,GNU C++11,Wrong answer on test 17,15 ms,8000 KB
17582258,2016-04-29 21:22:36,667C - Reberland Linguistics,GNU C++11,Wrong answer on pretest 6,15 ms,2000 KB
17578919,2016-04-29 20:47:37,667B - Coat of Anticubism,GNU C++11,Accepted,31 ms,2400 KB
17572974,2016-04-29 19:58:39,667A - Pouring Rain,GNU C++11,Accepted,15 ms,2200 KB
17572746,2016-04-29 19:57:15,667A - Pouring Rain,GNU C++11,Wrong answer on pretest 2,15 ms,2000 KB
17552156,2016-04-28 14:17:19,557A - Ilya and Diplomas,GNU C++11,Accepted,15 ms,2100 KB
17546972,2016-04-28 00:36:45,344D - Alternating Current,GNU C++11,Accepted,62 ms,2600 KB
17546675,2016-04-27 23:54:19,344C - Rational Resistance,GNU C++11,Accepted,30 ms,2200 KB
17545545,2016-04-27 21:59:13,344B - Simple Molecules,GNU C++11,Accepted,30 ms,2200 KB
17545278,2016-04-27 21:32:40,344A - Magnets,GNU C++11,Accepted,218 ms,2200 KB
17531457,2016-04-27 09:32:00,558C - Amr and Chemistry,GNU C++11,Accepted,390 ms,13900 KB
17525757,2016-04-26 20:49:37,558C - Amr and Chemistry,GNU C++11,Wrong answer on test 3,15 ms,2200 KB
17525251,2016-04-26 20:07:32,558B - Amr and The Large Array,GNU C++11,Accepted,202 ms,13900 KB
17525089,2016-04-26 19:52:16,558A - Lala Land and Apple Trees,GNU C++11,Accepted,15 ms,2200 KB
17519754,2016-04-26 12:49:26,437B - The Child and Set,GNU C++11,Accepted,15 ms,2800 KB
17519707,2016-04-26 12:45:22,437B - The Child and Set,GNU C++11,Wrong answer on test 5,15 ms,2100 KB
17519365,2016-04-26 12:08:01,437A - The Child and Homework,GNU C++11,Accepted,15 ms,2200 KB
17507769,2016-04-25 14:31:34,432B - Football Kit,GNU C++11,Accepted,327 ms,4100 KB
17507712,2016-04-25 14:27:18,432B - Football Kit,GNU C++11,Wrong answer on test 6,15 ms,2400 KB
17507531,2016-04-25 14:15:00,432A - Choosing Teams,GNU C++11,Accepted,15 ms,2200 KB
17506470,2016-04-25 12:53:25,400B - Inna and New Matrix of Candies,GNU C++11,Accepted,31 ms,2000 KB
17506461,2016-04-25 12:52:48,400B - Inna and New Matrix of Candies,GNU C++11,Wrong answer on test 1,0 ms,2000 KB
17506422,2016-04-25 12:50:12,400B - Inna and New Matrix of Candies,GNU C++11,Wrong answer on test 3,15 ms,2000 KB
17506284,2016-04-25 12:39:40,400B - Inna and New Matrix of Candies,GNU C++11,Wrong answer on test 3,15 ms,2000 KB
17506210,2016-04-25 12:34:33,400B - Inna and New Matrix of Candies,GNU C++11,Wrong answer on test 3,0 ms,2200 KB
17505967,2016-04-25 12:15:41,400A - Inna and Choose Options,GNU C++11,Accepted,15 ms,2200 KB
17505931,2016-04-25 12:13:25,400A - Inna and Choose Options,GNU C++11,Wrong answer on test 1,15 ms,2000 KB
17496168,2016-04-24 21:22:23,669C - Little Artem and Matrix,GNU C++11,Wrong answer on pretest 6,15 ms,2200 KB
17496124,2016-04-24 21:22:01,669C - Little Artem and Matrix,GNU C++11,Wrong answer on pretest 1,0 ms,2000 KB
17494791,2016-04-24 21:09:26,669C - Little Artem and Matrix,GNU C++11,Wrong answer on pretest 6,15 ms,2100 KB
17493822,2016-04-24 20:59:57,669C - Little Artem and Matrix,GNU C++11,Wrong answer on pretest 6,15 ms,2100 KB
17492902,2016-04-24 20:51:04,669C - Little Artem and Matrix,GNU C++11,Wrong answer on pretest 6,15 ms,2100 KB
17491625,2016-04-24 20:39:27,669C - Little Artem and Matrix,GNU C++11,Wrong answer on pretest 6,15 ms,2100 KB
17491455,2016-04-24 20:38:06,669C - Little Artem and Matrix,GNU C++11,Wrong answer on pretest 6,15 ms,2100 KB
17487632,2016-04-24 20:07:07,669B - Little Artem and Grasshopper,GNU C++11,Accepted,31 ms,2800 KB
17484826,2016-04-24 19:50:01,669A - Little Artem and Presents,GNU C++11,Accepted,15 ms,2200 KB
17404667,2016-04-20 18:52:14,665C - Simple Strings,GNU C++11,Wrong answer on test 6,15 ms,2200 KB
17404375,2016-04-20 18:48:17,665C - Simple Strings,GNU C++11,Wrong answer on test 6,15 ms,2400 KB
17403884,2016-04-20 18:41:07,665C - Simple Strings,GNU C++11,Wrong answer on test 1,0 ms,2200 KB
17403591,2016-04-20 18:37:21,665C - Simple Strings,GNU C++11,Wrong answer on test 6,15 ms,2200 KB
17403135,2016-04-20 18:31:20,665C - Simple Strings,GNU C++11,Wrong answer on test 6,15 ms,2200 KB
17402196,2016-04-20 18:19:03,665A - Buses Between Cities,GNU C++11,Wrong answer on test 5,15 ms,2000 KB
17396029,2016-04-20 10:41:59,632B - Alice, Bob, Two Teams,GNU C++11,Accepted,1309 ms,5900 KB
17388202,2016-04-19 17:05:53,427C - Checkposts,GNU C++11,Accepted,124 ms,13400 KB
17387379,2016-04-19 16:09:08,427B - Prison Transfer,GNU C++11,Accepted,62 ms,2800 KB
17387362,2016-04-19 16:07:38,427B - Prison Transfer,GNU C++11,Accepted,31 ms,3000 KB
17387125,2016-04-19 15:46:36,427C - Checkposts,GNU C++11,Wrong answer on test 71,78 ms,8000 KB
17387077,2016-04-19 15:40:54,427C - Checkposts,GNU C++11,Wrong answer on test 71,78 ms,8100 KB
17386056,2016-04-19 14:13:55,427B - Prison Transfer,GNU C++11,Accepted,546 ms,3000 KB
17385894,2016-04-19 13:54:07,427A - Police Recruits,GNU C++11,Accepted,124 ms,2200 KB
17385566,2016-04-19 13:20:19,363B - Fence,GNU C++11,Wrong answer on test 4,15 ms,2000 KB
17385514,2016-04-19 13:14:54,363B - Fence,GNU C++11,Wrong answer on test 1,15 ms,2000 KB
17385485,2016-04-19 13:11:26,363B - Fence,GNU C++11,Wrong answer on test 3,15 ms,2000 KB
17377633,2016-04-18 17:50:22,441A - Valera and Antique Items,GNU C++11,Accepted,15 ms,2200 KB
17374249,2016-04-18 13:34:08,664C - International Olympiad,GNU C++11,Wrong answer on test 4,30 ms,2000 KB
17374223,2016-04-18 13:31:42,664C - International Olympiad,GNU C++11,Wrong answer on test 4,31 ms,2000 KB
17374014,2016-04-18 13:13:02,664C - International Olympiad,GNU C++11,Runtime error on test 4,15 ms,2000 KB
17373977,2016-04-18 13:08:15,664C - International Olympiad,GNU C++11,Wrong answer on test 4,30 ms,2200 KB
17373777,2016-04-18 12:39:30,664C - International Olympiad,GNU C++11,Memory limit exceeded on test 4,249 ms,262100 KB
17373737,2016-04-18 12:34:38,664C - International Olympiad,GNU C++11,Wrong answer on test 2,15 ms,2000 KB
17373699,2016-04-18 12:30:37,664C - International Olympiad,GNU C++11,Memory limit exceeded on test 4,233 ms,262100 KB
17347566,2016-04-16 20:18:03,664B - Rebus,GNU C++11,Wrong answer on pretest 5,0 ms,0 KB
17344002,2016-04-16 19:40:26,664A - Complicated GCD,GNU C++11,Accepted,15 ms,0 KB
17332088,2016-04-15 23:41:16,230B - T-primes,GNU C++11,Accepted,748 ms,3800 KB
17332065,2016-04-15 23:39:22,230B - T-primes,GNU C++11,Wrong answer on test 16,716 ms,3800 KB
17332056,2016-04-15 23:37:44,230B - T-primes,GNU C++11,Wrong answer on test 5,156 ms,3000 KB
17332047,2016-04-15 23:36:18,230B - T-primes,GNU C++11,Wrong answer on test 1,156 ms,3000 KB
17331945,2016-04-15 23:22:18,230B - T-primes,GNU C++11,Wrong answer on test 5,156 ms,3000 KB
17331917,2016-04-15 23:19:26,230B - T-primes,GNU C++11,Wrong answer on test 4,374 ms,3000 KB
17331903,2016-04-15 23:18:23,230B - T-primes,GNU C++11,Wrong answer on test 3,374 ms,3000 KB
17331656,2016-04-15 22:52:58,499B - Lecture,GNU C++11,Accepted,31 ms,400 KB
17331649,2016-04-15 22:52:08,499B - Lecture,GNU C++11,Wrong answer on test 1,0 ms,0 KB
17330550,2016-04-15 21:20:34,451B - Sort the Array,GNU C++11,Accepted,249 ms,400 KB
17318612,2016-04-14 21:15:27,489C - Given Length and Sum of Digits...,GNU C++11,Wrong answer on test 16,15 ms,0 KB
17318605,2016-04-14 21:14:43,489C - Given Length and Sum of Digits...,GNU C++11,Wrong answer on test 6,15 ms,0 KB
17318443,2016-04-14 21:02:56,489C - Given Length and Sum of Digits...,GNU C++11,Wrong answer on test 1,0 ms,0 KB
17318213,2016-04-14 20:46:58,489C - Given Length and Sum of Digits...,GNU C++11,Accepted,15 ms,0 KB
17318190,2016-04-14 20:44:59,489C - Given Length and Sum of Digits...,GNU C++11,Wrong answer on test 4,15 ms,0 KB
17318165,2016-04-14 20:41:40,489C - Given Length and Sum of Digits...,GNU C++11,Wrong answer on test 3,15 ms,0 KB
17317943,2016-04-14 20:25:00,492B - Vanya and Lanterns,GNU C++11,Accepted,15 ms,0 KB
17316902,2016-04-14 19:08:57,122A - Lucky Division,GNU C++11,Accepted,30 ms,0 KB
17316836,2016-04-14 19:02:26,478B - Random Teams,GNU C++11,Accepted,15 ms,0 KB
17316532,2016-04-14 18:39:01,467B - Fedor and New Game,GNU C++11,Accepted,15 ms,0 KB
17316194,2016-04-14 18:14:46,58A - Chat room,GNU C++11,Accepted,30 ms,0 KB
17311182,2016-04-14 10:33:48,160A - Twins,GNU C++11,Accepted,30 ms,0 KB
17311100,2016-04-14 10:26:12,339B - Xenia and Ringroad,GNU C++11,Accepted,372 ms,0 KB
17310984,2016-04-14 10:13:25,266B - Queue at the School,GNU C++11,Accepted,30 ms,0 KB
17310915,2016-04-14 10:04:55,339A - Helpful Maths,GNU C++11,Accepted,30 ms,0 KB
17310856,2016-04-14 09:56:59,112A - Petya and Strings,GNU C++11,Accepted,30 ms,0 KB
17310848,2016-04-14 09:55:07,112A - Petya and Strings,GNU C++11,Compilation error,0 ms,0 KB
17310774,2016-04-14 09:45:19,118A - String Task,GNU C++11,Accepted,30 ms,0 KB
17310764,2016-04-14 09:44:51,118A - String Task,GNU C++11,Compilation error,0 ms,0 KB
17310756,2016-04-14 09:43:06,118A - String Task,GNU C++11,Wrong answer on test 28,62 ms,0 KB
17310743,2016-04-14 09:42:03,118A - String Task,GNU C++11,Compilation error,0 ms,0 KB
17310257,2016-04-14 08:43:38,71A - Way Too Long Words,GNU C++11,Accepted,30 ms,0 KB
17310245,2016-04-14 08:42:07,71A - Way Too Long Words,GNU C++11,Wrong answer on test 1,0 ms,0 KB
17310218,2016-04-14 08:37:50,4A - Watermelon,GNU C++11,Accepted,30 ms,0 KB
17285549,2016-04-12 07:26:32,660C - Hard Process,GNU C++11,Accepted,62 ms,6600 KB
17285445,2016-04-12 07:06:34,660C - Hard Process,GNU C++11,Time limit exceeded on test 6,1000 ms,9100 KB
17279710,2016-04-11 18:04:21,660A - Co-prime Array,GNU C++11,Accepted,15 ms,0 KB
17153357,2016-04-04 08:08:45,549A - Face Detection,GNU C++11,Accepted,15 ms,2200 KB
17153340,2016-04-04 08:04:04,549A - Face Detection,GNU C++11,Wrong answer on test 12,15 ms,2200 KB
17153248,2016-04-04 07:49:24,549A - Face Detection,GNU C++11,Wrong answer on test 10,15 ms,2000 KB
17123883,2016-04-02 09:15:40,658D - Bear and Polynomials,GNU C++11,Wrong answer on test 8,30 ms,9700 KB
17123803,2016-04-02 09:10:21,658D - Bear and Polynomials,GNU C++11,Wrong answer on test 8,15 ms,5900 KB
17112738,2016-04-01 20:34:52,656D - Rosetta Problem,GNU C++11,Wrong answer on test 5,15 ms,2000 KB
17101725,2016-04-01 19:31:10,656G - You're a Professional,GNU C++11,Wrong answer on test 3,15 ms,2000 KB
17098993,2016-04-01 19:17:01,656A - Da Vinci Powers,GNU C++11,Wrong answer on test 3,15 ms,2000 KB
17098116,2016-04-01 19:13:03,656A - Da Vinci Powers,GNU C++11,Wrong answer on test 3,15 ms,2000 KB
17094816,2016-04-01 19:02:43,656A - Da Vinci Powers,GNU C++11,Wrong answer on test 3,15 ms,2000 KB
17094036,2016-04-01 19:01:20,656A - Da Vinci Powers,GNU C++11,Wrong answer on test 3,0 ms,2000 KB
17089374,2016-04-01 14:53:35,658D - Bear and Polynomials,GNU C++11,Wrong answer on test 5,15 ms,2200 KB
17089192,2016-04-01 14:41:07,658D - Bear and Polynomials,GNU C++11,Wrong answer on test 4,15 ms,2000 KB
17066600,2016-03-31 08:03:26,659E - New Reform,GNU C++11,Accepted,46 ms,7000 KB
17066590,2016-03-31 08:02:49,659E - New Reform,GNU C++11,Wrong answer on test 1,15 ms,3600 KB
17066373,2016-03-31 07:44:55,659E - New Reform,GNU C++11,Wrong answer on test 5,15 ms,3300 KB
17066344,2016-03-31 07:41:43,659E - New Reform,GNU C++11,Wrong answer on test 1,15 ms,3300 KB
17066031,2016-03-31 07:13:20,659E - New Reform,GNU C++11,Wrong answer on test 5,15 ms,3300 KB
17061662,2016-03-30 23:41:16,659D - Bicycle Race,GNU C++11,Accepted,15 ms,2200 KB
17058537,2016-03-30 21:34:36,659B - Qualifying Contest,GNU C++11,Accepted,545 ms,2800 KB
17052605,2016-03-30 20:37:26,659C - Tanya and Toys,GNU C++11,Accepted,62 ms,6900 KB
17049822,2016-03-30 20:13:55,659B - Qualifying Contest,GNU C++11,Hacked,436 ms,2000 KB
17042336,2016-03-30 19:29:14,659A - Round House,GNU C++11,Hacked,15 ms,2200 KB
17012987,2016-03-29 05:48:22,658C - Bear and Forgotten Tree 3,GNU C++11,Accepted,61 ms,4800 KB
17012982,2016-03-29 05:47:25,658C - Bear and Forgotten Tree 3,GNU C++11,Wrong answer on test 10,31 ms,4200 KB
17007239,2016-03-28 21:34:15,658C - Bear and Forgotten Tree 3,GNU C++11,Wrong answer on pretest 5,30 ms,3200 KB
17003907,2016-03-28 21:08:57,658C - Bear and Forgotten Tree 3,GNU C++11,Wrong answer on pretest 5,15 ms,3200 KB
16998923,2016-03-28 20:30:41,658B - Bear and Displayed Friends,GNU C++11,Accepted,280 ms,2600 KB
16991692,2016-03-28 19:46:15,658A - Bear and Reverse Radewoosh,GNU C++11,Accepted,15 ms,2300 KB
16991326,2016-03-28 19:44:43,658A - Bear and Reverse Radewoosh,GNU C++11,Wrong answer on pretest 2,0 ms,2000 KB
16826794,2016-03-19 23:07:00,613A - Peter and Snow Blower,GNU C++11,Accepted,46 ms,3700 KB
16814025,2016-03-19 13:22:25,653B - Bear and Compressing,GNU C++11,Accepted,15 ms,2200 KB
16812096,2016-03-19 12:50:30,653B - Bear and Compressing,GNU C++11,Wrong answer on pretest 7,15 ms,2000 KB
16811541,2016-03-19 12:41:00,653B - Bear and Compressing,GNU C++11,Wrong answer on pretest 6,15 ms,2000 KB
16807001,2016-03-19 11:44:08,653A - Bear and Three Balls,GNU C++11,Accepted,15 ms,2200 KB
16806216,2016-03-19 11:40:22,653A - Bear and Three Balls,GNU C++11,Wrong answer on pretest 5,15 ms,2000 KB
16760251,2016-03-17 12:03:58,535B - Tavas and SaDDas,GNU C++11,Accepted,15 ms,0 KB
16756004,2016-03-17 03:21:10,520B - Two Buttons,GNU C++11,Wrong answer on test 7,15 ms,0 KB
16755955,2016-03-17 03:10:27,520B - Two Buttons,GNU C++11,Wrong answer on test 5,15 ms,0 KB
16731708,2016-03-15 20:23:21,637A - Voting for Photos,GNU C++11,Accepted,15 ms,0 KB
16730491,2016-03-15 18:57:59,535B - Tavas and SaDDas,GNU C++11,Accepted,15 ms,0 KB
16716564,2016-03-14 18:07:11,535B - Tavas and SaDDas,GNU C++11,Time limit exceeded on test 5,1000 ms,49200 KB
16716548,2016-03-14 18:06:27,535B - Tavas and SaDDas,GNU C++11,Wrong answer on test 2,15 ms,0 KB
16715032,2016-03-14 16:48:33,534C - Polycarpus' Dice,GNU C++11,Accepted,77 ms,800 KB
16715014,2016-03-14 16:47:43,534C - Polycarpus' Dice,GNU C++11,Wrong answer on test 1,0 ms,0 KB
16714882,2016-03-14 16:41:21,534C - Polycarpus' Dice,GNU C++11,Accepted,171 ms,800 KB
16714849,2016-03-14 16:39:33,534C - Polycarpus' Dice,GNU C++11,Wrong answer on test 50,124 ms,800 KB
16674251,2016-03-12 16:05:16,651C - Watchmen,GNU C++11,Accepted,1325 ms,17100 KB
16664968,2016-03-12 07:44:47,534B - Covered Path,GNU C++11,Accepted,15 ms,0 KB
16632009,2016-03-10 15:17:23,534A - Exam,GNU C++11,Accepted,30 ms,0 KB
16631625,2016-03-10 14:51:23,650C - Table Compression,GNU C++11,Wrong answer on test 14,311 ms,28500 KB
16631480,2016-03-10 14:40:11,650C - Table Compression,GNU C++11,Wrong answer on test 14,280 ms,22400 KB
16628943,2016-03-10 11:02:31,650C - Table Compression,GNU C++11,Wrong answer on test 14,265 ms,28500 KB
16628276,2016-03-10 09:46:45,650C - Table Compression,GNU C++11,Wrong answer on test 14,249 ms,28500 KB
16610645,2016-03-09 05:40:37,650A - Watchmen,GNU C++11,Accepted,1325 ms,17100 KB
16589381,2016-03-07 20:45:28,651C - Watchmen,GNU C++11,Wrong answer on test 3,15 ms,0 KB
16587597,2016-03-07 19:12:07,651B - Beautiful Paintings,GNU C++11,Accepted,15 ms,0 KB
16585570,2016-03-07 17:50:21,651A - Joysticks,GNU C++11,Accepted,15 ms,0 KB
16585503,2016-03-07 17:47:41,651A - Joysticks,GNU C++11,Wrong answer on test 7,15 ms,0 KB
16585440,2016-03-07 17:46:05,651A - Joysticks,GNU C++11,Wrong answer on test 3,15 ms,0 KB
16457240,2016-03-02 07:26:13,632A - Grandma Laura and Apples,GNU C++11,Accepted,15 ms,0 KB
16435271,2016-03-01 07:07:23,633A - Ebony and Ivory,GNU C++11,Wrong answer on test 4,15 ms,0 KB
16434824,2016-03-01 05:46:48,633A - Ebony and Ivory,GNU C++11,Wrong answer on test 23,15 ms,0 KB
16434807,2016-03-01 05:43:19,633A - Ebony and Ivory,GNU C++11,Runtime error on test 5,15 ms,0 KB
16426916,2016-02-29 16:45:55,629C - Famil Door and Brackets,GNU C++11,Accepted,78 ms,32200 KB
16426842,2016-02-29 16:40:45,629C - Famil Door and Brackets,GNU C++11,Wrong answer on test 4,62 ms,97700 KB
16426659,2016-02-29 16:29:28,629C - Famil Door and Brackets,GNU C++11,Wrong answer on test 4,15 ms,15700 KB
16426606,2016-02-29 16:25:37,629C - Famil Door and Brackets,GNU C++11,Wrong answer on test 4,31 ms,15700 KB
16426406,2016-02-29 16:13:40,629C - Famil Door and Brackets,GNU C++11,Wrong answer on test 4,15 ms,15700 KB
16383572,2016-02-27 16:29:47,633A - Ebony and Ivory,GNU C++11,Accepted,15 ms,0 KB
16383475,2016-02-27 16:25:58,633C - Spy Syndrome 2,GNU C++11,Wrong answer on test 28,31 ms,2800 KB
16362397,2016-02-26 21:30:43,633B - A Trivial Problem,GNU C++11,Accepted,61 ms,0 KB
16362205,2016-02-26 21:28:56,633B - A Trivial Problem,GNU C++11,Wrong answer on pretest 1,0 ms,0 KB
16359293,2016-02-26 21:02:19,633C - Spy Syndrome 2,GNU C++11,Wrong answer on test 28,46 ms,2800 KB
16352580,2016-02-26 20:20:58,633A - Ebony and Ivory,GNU C++11,Wrong answer on test 65,15 ms,0 KB
16340232,2016-02-26 07:54:29,616D - Longest k-Good Segment,GNU C++11,Wrong answer on test 6,15 ms,3900 KB
16340060,2016-02-26 07:22:15,616D - Longest k-Good Segment,GNU C++11,Runtime error on test 5,15 ms,3900 KB
16335776,2016-02-25 21:15:22,616D - Longest k-Good Segment,GNU C++11,Wrong answer on test 6,15 ms,5900 KB
16335694,2016-02-25 21:08:41,616D - Longest k-Good Segment,GNU C++11,Wrong answer on test 5,15 ms,5900 KB
16335660,2016-02-25 21:06:23,616D - Longest k-Good Segment,GNU C++11,Compilation error,0 ms,0 KB
16334175,2016-02-25 19:31:42,630J - Divisibility,GNU C++11,Accepted,15 ms,0 KB
16334113,2016-02-25 19:28:12,630K - Indivisibility,GNU C++11,Wrong answer on test 1,0 ms,0 KB
16283159,2016-02-22 22:45:28,614C - Peter and Snow Blower,GNU C++11,Wrong answer on test 1,0 ms,0 KB
16282980,2016-02-22 22:28:50,614C - Peter and Snow Blower,GNU C++11,Wrong answer on test 3,0 ms,0 KB
16282361,2016-02-22 21:41:56,614B - Gena's Code,GNU C++11,Accepted,93 ms,200 KB
16282172,2016-02-22 21:28:37,614B - Gena's Code,GNU C++11,Wrong answer on test 9,15 ms,200 KB
16282157,2016-02-22 21:27:40,614B - Gena's Code,GNU C++11,Wrong answer on test 9,30 ms,200 KB
16282138,2016-02-22 21:26:04,614B - Gena's Code,GNU C++11,Wrong answer on test 9,15 ms,200 KB
16282105,2016-02-22 21:23:19,614B - Gena's Code,GNU C++11,Wrong answer on test 2,0 ms,200 KB
16281886,2016-02-22 21:06:03,614B - Gena's Code,GNU C++11,Wrong answer on test 5,15 ms,0 KB
16281776,2016-02-22 20:59:09,614B - Gena's Code,GNU C++11,Wrong answer on test 4,15 ms,0 KB
16281585,2016-02-22 20:46:23,614A - Link/Cut Tree,GNU C++11,Accepted,15 ms,0 KB
16281411,2016-02-22 20:32:13,614A - Link/Cut Tree,GNU C++11,Wrong answer on test 24,15 ms,0 KB
16281239,2016-02-22 20:22:12,614A - Link/Cut Tree,GNU C++11,Wrong answer on test 4,15 ms,0 KB
16254825,2016-02-21 08:55:23,629B - Far Relative’s Problem,GNU C++11,Wrong answer on test 4,15 ms,0 KB
16241436,2016-02-20 20:32:01,629B - Far Relative’s Problem,GNU C++11,Accepted,30 ms,0 KB
16240782,2016-02-20 20:25:17,629B - Far Relative’s Problem,GNU C++11,Wrong answer on pretest 3,15 ms,0 KB
16240110,2016-02-20 20:18:15,629B - Far Relative’s Problem,GNU C++11,Wrong answer on pretest 3,0 ms,0 KB
16239980,2016-02-20 20:17:11,629B - Far Relative’s Problem,GNU C++11,Wrong answer on pretest 3,15 ms,0 KB
16236597,2016-02-20 19:54:47,629A - Far Relative’s Birthday Cake,GNU C++11,Accepted,15 ms,0 KB
16210630,2016-02-19 19:40:58,628C - Bear and String Distance,GNU C++11,Accepted,15 ms,100 KB
16209073,2016-02-19 19:14:10,628C - Bear and String Distance,GNU C++11,Wrong answer on test 4,15 ms,100 KB
16208200,2016-02-19 19:01:09,628C - Bear and String Distance,GNU C++11,Wrong answer on test 1,15 ms,100 KB
16206347,2016-02-19 18:37:24,628B - New Skateboard,GNU C++11,Accepted,15 ms,300 KB
16206158,2016-02-19 18:35:32,628B - New Skateboard,GNU C++11,Wrong answer on test 13,15 ms,300 KB
16204795,2016-02-19 18:21:47,628A - Tennis Tournament,GNU C++11,Accepted,15 ms,0 KB
16204150,2016-02-19 18:16:13,628A - Tennis Tournament,GNU C++11,Wrong answer on test 3,15 ms,0 KB
16188250,2016-02-19 01:31:16,630A - Again Twenty Five!,GNU C++11,Accepted,15 ms,0 KB
16136739,2016-02-18 08:50:48,620A - Professor GukiZ's Robot,GNU C++11,Wrong answer on test 8,15 ms,0 KB
16064508,2016-02-17 05:06:52,527A - Playing with Paper,GNU C11,Accepted,15 ms,0 KB
16057321,2016-02-16 17:20:40,622C - Not Equal on a Segment,GNU C++,Accepted,108 ms,1600 KB
16045325,2016-02-16 07:43:00,527A - Playing with Paper,GNU C++,Accepted,15 ms,0 KB
16036898,2016-02-15 19:56:10,626C - Block Towers,GNU C++,Accepted,30 ms,0 KB
16036856,2016-02-15 19:53:37,626C - Block Towers,GNU C++,Wrong answer on test 2,15 ms,0 KB
16036829,2016-02-15 19:52:16,626C - Block Towers,GNU C++,Wrong answer on test 1,0 ms,0 KB
16022675,2016-02-14 21:54:50,626C - Block Towers,GNU C++,Wrong answer on test 7,15 ms,0 KB
16022654,2016-02-14 21:53:19,626C - Block Towers,GNU C++,Compilation error,0 ms,0 KB
16021911,2016-02-14 21:00:01,608A - Saitama Destroys Hotel,GNU C++,Wrong answer on test 5,0 ms,0 KB
16021878,2016-02-14 20:57:51,608A - Saitama Destroys Hotel,GNU C++,Compilation error,0 ms,0 KB
16008490,2016-02-13 23:28:40,626B - Cards,GNU C++,Accepted,15 ms,0 KB
16006879,2016-02-13 22:57:03,626C - Block Towers,GNU C++11,Hacked,15 ms,0 KB
16001718,2016-02-13 21:57:50,626B - Cards,GNU C++11,Wrong answer on pretest 1,0 ms,0 KB
16001121,2016-02-13 21:51:28,626B - Cards,GNU C++,Wrong answer on pretest 1,0 ms,0 KB
15997688,2016-02-13 21:21:34,626A - Robot Sequence,GNU C++,Accepted,15 ms,0 KB
15945625,2016-02-10 21:18:26,622B - The Time,GNU C++,Accepted,15 ms,0 KB
15945311,2016-02-10 21:01:08,622A - Infinite Sequence,GNU C++,Accepted,15 ms,0 KB
15920756,2016-02-09 22:47:02,603A - Alternative Thinking,GNU C++,Wrong answer on test 28,15 ms,300 KB
15905664,2016-02-09 08:22:01,560B - Gerald is into Art,GNU C++,Accepted,15 ms,0 KB
15905514,2016-02-09 08:03:14,560B - Gerald is into Art,GNU C++,Wrong answer on test 73,15 ms,0 KB
15901571,2016-02-08 22:35:38,560A - Currency System in Geraldion,GNU C++,Accepted,15 ms,0 KB
15901557,2016-02-08 22:34:58,560A - Currency System in Geraldion,GNU C++,Compilation error,0 ms,0 KB
15901538,2016-02-08 22:33:57,560A - Currency System in Geraldion,GNU C++,Compilation error,0 ms,0 KB
15883971,2016-02-07 21:10:40,625C - K-special Tables,GNU C++,Accepted,77 ms,1000 KB
15882343,2016-02-07 19:51:05,625B - War of the Corporations,GNU C++,Accepted,31 ms,200 KB
15879547,2016-02-07 18:32:13,625B - War of the Corporations,GNU C++,Wrong answer on test 54,31 ms,200 KB
15878989,2016-02-07 18:07:26,625B - War of the Corporations,GNU C++,Wrong answer on test 4,15 ms,0 KB
15878941,2016-02-07 18:05:05,625B - War of the Corporations,GNU C++,Wrong answer on test 5,15 ms,0 KB
15878560,2016-02-07 17:48:02,625A - Guest From the Past,GNU C++,Accepted,15 ms,0 KB
15878535,2016-02-07 17:47:19,625A - Guest From the Past,GNU C++,Wrong answer on test 1,0 ms,0 KB
15878466,2016-02-07 17:43:55,625A - Guest From the Past,GNU C++,Wrong answer on test 61,15 ms,0 KB
15878387,2016-02-07 17:40:36,625A - Guest From the Past,GNU C++,Wrong answer on test 59,15 ms,0 KB
15878256,2016-02-07 17:35:24,625A - Guest From the Past,GNU C++,Wrong answer on test 12,15 ms,0 KB
15878104,2016-02-07 17:28:23,625A - Guest From the Past,GNU C++,Wrong answer on test 11,15 ms,0 KB
15878052,2016-02-07 17:25:24,625A - Guest From the Past,GNU C++,Wrong answer on test 9,15 ms,0 KB
15838052,2016-02-06 10:08:58,538C - Tourist's Notes,GNU C++,Accepted,15 ms,800 KB
15837621,2016-02-06 09:29:58,538C - Tourist's Notes,GNU C++,Wrong answer on test 22,31 ms,800 KB
15837516,2016-02-06 09:18:40,538C - Tourist's Notes,GNU C++,Wrong answer on test 9,15 ms,800 KB
15837488,2016-02-06 09:14:38,538C - Tourist's Notes,GNU C++,Wrong answer on test 9,15 ms,800 KB
15837440,2016-02-06 09:07:35,538C - Tourist's Notes,GNU C++,Wrong answer on test 3,15 ms,0 KB
15827181,2016-02-05 17:27:52,538A - Cutting Banner,GNU C++,Wrong answer on test 29,15 ms,0 KB
15827148,2016-02-05 17:26:28,538A - Cutting Banner,GNU C++,Wrong answer on test 2,0 ms,0 KB
15826158,2016-02-05 16:38:24,538A - Cutting Banner,GNU C++,Wrong answer on test 12,15 ms,0 KB
15826126,2016-02-05 16:36:54,538A - Cutting Banner,GNU C++,Wrong answer on test 2,15 ms,0 KB
15825888,2016-02-05 16:24:56,538B - Quasi Binary,GNU C++11,Accepted,15 ms,0 KB
15825579,2016-02-05 16:08:25,538B - Quasi Binary,GNU C++,Wrong answer on test 4,15 ms,0 KB
15825541,2016-02-05 16:06:34,538B - Quasi Binary,GNU C++11,Wrong answer on test 4,15 ms,0 KB
15824726,2016-02-05 15:26:00,538B - Quasi Binary,GNU C++11,Wrong answer on test 4,15 ms,0 KB
15824667,2016-02-05 15:23:01,538B - Quasi Binary,GNU C++11,Wrong answer on test 1,15 ms,0 KB
15824036,2016-02-05 14:40:28,623A - Graph and String,GNU C++,Accepted,15 ms,200 KB
15823976,2016-02-05 14:37:36,623A - Graph and String,GNU C++,Accepted,358 ms,200 KB
15823908,2016-02-05 14:33:12,623A - Graph and String,GNU C++,Wrong answer on test 16,343 ms,200 KB
15823622,2016-02-05 14:12:20,623A - Graph and String,GNU C++,Wrong answer on test 3,15 ms,200 KB
15823541,2016-02-05 14:06:50,623A - Graph and String,GNU C++,Wrong answer on test 5,15 ms,200 KB
15800795,2016-02-04 20:41:09,624B - Making a String,GNU C++,Accepted,15 ms,0 KB
15795661,2016-02-04 20:18:47,624A - Save Luke,GNU C++,Accepted,15 ms,0 KB
15768526,2016-02-03 15:46:31,540B - School Marks,GNU C++,Accepted,15 ms,0 KB
15768372,2016-02-03 15:38:18,540B - School Marks,GNU C++,Wrong answer on test 41,15 ms,0 KB
15689473,2016-01-31 08:28:07,544A - Set of Strings,GNU C++,Accepted,15 ms,0 KB
15689455,2016-01-31 08:26:24,544A - Set of Strings,GNU C++,Runtime error on test 3,15 ms,0 KB
15689449,2016-01-31 08:25:09,544A - Set of Strings,GNU C++,Wrong answer on test 1,0 ms,0 KB
15665201,2016-01-29 21:58:57,618B - Guess the Permutation,GNU C++,Accepted,15 ms,0 KB
15663549,2016-01-29 21:43:49,618B - Guess the Permutation,GNU C++,Wrong answer on pretest 3,15 ms,0 KB
15662139,2016-01-29 21:31:06,618B - Guess the Permutation,GNU C++,Wrong answer on pretest 3,15 ms,0 KB
15654547,2016-01-29 20:34:38,618A - Slime Combining,GNU C++,Accepted,15 ms,400 KB
15628887,2016-01-28 15:39:52,617B - Chocolate,GNU C++,Accepted,15 ms,0 KB
15628868,2016-01-28 15:38:46,617B - Chocolate,GNU C++,Wrong answer on test 8,15 ms,0 KB
15628837,2016-01-28 15:36:40,617B - Chocolate,GNU C++,Wrong answer on test 7,15 ms,0 KB
15400325,2016-01-16 11:35:21,616B - Dinner with Emma,GNU C++,Accepted,15 ms,0 KB
15400305,2016-01-16 11:33:41,616B - Dinner with Emma,GNU C++,Accepted,31 ms,0 KB
15399972,2016-01-16 11:10:24,616B - Dinner with Emma,GNU C++,Accepted,15 ms,0 KB
15330167,2016-01-13 14:51:02,545B - Equidistant String,GNU C++,Accepted,46 ms,200 KB
15325011,2016-01-13 05:16:59,545A - Toy Cars,GNU C++,Accepted,31 ms,0 KB
15316985,2016-01-12 17:26:08,545A - Toy Cars,GNU C++,Wrong answer on test 4,15 ms,0 KB
15316913,2016-01-12 17:22:06,545A - Toy Cars,GNU C++,Wrong answer on test 1,0 ms,0 KB
15288134,2016-01-11 16:26:19,546B - Soldier and Badges,GNU C++,Accepted,15 ms,0 KB
15288077,2016-01-11 16:21:35,546B - Soldier and Badges,GNU C++,Accepted,46 ms,0 KB
15288031,2016-01-11 16:18:36,546B - Soldier and Badges,GNU C++,Wrong answer on test 6,30 ms,0 KB
15287644,2016-01-11 15:45:20,546A - Soldier and Bananas,GNU C++,Accepted,15 ms,0 KB
15287622,2016-01-11 15:43:32,546A - Soldier and Bananas,GNU C++,Wrong answer on test 2,0 ms,0 KB
15264450,2016-01-09 09:04:22,615C - Running Track,GNU C++11,Wrong answer on test 8,15 ms,0 KB
15264224,2016-01-09 08:48:21,615C - Running Track,GNU C++11,Wrong answer on test 1,15 ms,0 KB
15240926,2016-01-08 17:16:55,615A - Bulbs,GNU C++,Accepted,31 ms,0 KB
15240852,2016-01-08 17:16:30,548B - Mike and Fun,GNU C++,Wrong answer on test 1,0 ms,0 KB
15237319,2016-01-08 16:27:50,548A - Mike and Fax,GNU C++,Accepted,15 ms,0 KB
15237311,2016-01-08 16:26:50,548A - Mike and Fax,GNU C++,Runtime error on test 8,15 ms,0 KB
15227814,2016-01-07 20:05:45,550B - Preparing Olympiad,GNU C++11,Accepted,15 ms,0 KB
15227498,2016-01-07 19:33:32,550B - Preparing Olympiad,GNU C++11,Wrong answer on test 1,0 ms,0 KB
15204701,2016-01-06 16:47:44,550A - Two Substrings,GNU C,Accepted,15 ms,100 KB
15204613,2016-01-06 16:40:54,550A - Two Substrings,GNU C,Time limit exceeded on test 8,2000 ms,100 KB
15204566,2016-01-06 16:37:38,550A - Two Substrings,GNU C,Wrong answer on test 1,0 ms,100 KB
15204266,2016-01-06 16:13:08,550A - Two Substrings,GNU C,Wrong answer on test 17,15 ms,100 KB
15204212,2016-01-06 16:07:22,550A - Two Substrings,GNU C,Wrong answer on test 4,0 ms,100 KB
15204167,2016-01-06 16:03:27,550A - Two Substrings,GNU C,Wrong answer on test 4,0 ms,100 KB
15168978,2016-01-03 16:51:26,602B - Approximating a Constant Range,GNU C,Accepted,31 ms,400 KB
15132391,2015-12-31 07:53:23,610A - Pasha and Stick,GNU C,Accepted,15 ms,0 KB
15132374,2015-12-31 07:51:49,610A - Pasha and Stick,GNU C,Wrong answer on test 16,15 ms,0 KB
15132340,2015-12-31 07:47:08,610A - Pasha and Stick,GNU C,Wrong answer on test 3,15 ms,0 KB
