ID,Timestamp,Problem,Lang,Verdict,Time,Memory,Rank:4027
21557983,2016-10-18 08:40:48,732A - Buy a Shovel,GNU C++11,Accepted,15 ms,2000 KB
21261395,2016-10-07 18:31:14,716D - Complete The Graph,GNU C++11,Time limit exceeded on test 13,4000 ms,120200 KB
21261034,2016-10-07 18:14:07,716D - Complete The Graph,GNU C++11,Time limit exceeded on test 13,4000 ms,120200 KB
21260818,2016-10-07 18:04:09,716D - Complete The Graph,GNU C++11,Memory limit exceeded on test 1,15 ms,262100 KB
21258842,2016-10-07 16:28:33,716B - Complete the Word,GNU C++11,Accepted,31 ms,2200 KB
21258401,2016-10-07 16:09:28,716A - Crazy Computer,GNU C++11,Accepted,46 ms,2400 KB
21257974,2016-10-07 15:51:17,719B - Anatoly and Cockroaches,GNU C++11,Accepted,31 ms,2300 KB
21257776,2016-10-07 15:42:03,719A - Vitya in the Countryside,GNU C++11,Accepted,15 ms,2000 KB
21257760,2016-10-07 15:41:24,719A - Vitya in the Countryside,GNU C++11,Wrong answer on test 33,15 ms,2000 KB
21253994,2016-10-07 12:28:13,721C - Journey,GNU C++11,Accepted,1325 ms,198300 KB
21253826,2016-10-07 12:18:26,721C - Journey,GNU C++11,Wrong answer on test 13,343 ms,100200 KB
21253319,2016-10-07 11:44:29,721A - One-dimensional Japanese Crossword,GNU C++11,Accepted,15 ms,2000 KB
21252020,2016-10-07 10:16:05,722D - Generating Sets,GNU C++11,Accepted,421 ms,4300 KB
21250573,2016-10-07 08:42:49,722C - Destroying Array,GNU C++11,Accepted,108 ms,6900 KB
21250102,2016-10-07 08:13:44,722B - Verse Pattern,GNU C++11,Accepted,15 ms,2000 KB
21249985,2016-10-07 08:05:01,722A - Broken Clock,GNU C++11,Accepted,31 ms,2000 KB
21249981,2016-10-07 08:04:28,722A - Broken Clock,GNU C++11,Wrong answer on test 37,15 ms,2000 KB
21249963,2016-10-07 08:03:00,722A - Broken Clock,GNU C++11,Wrong answer on test 22,15 ms,2000 KB
21239478,2016-10-06 18:43:28,723F - st-Spanning Tree,GNU C++11,Accepted,233 ms,12700 KB
21238420,2016-10-06 17:59:37,723F - st-Spanning Tree,GNU C++11,Wrong answer on test 68,311 ms,6200 KB
21238334,2016-10-06 17:56:55,723F - st-Spanning Tree,GNU C++11,Wrong answer on test 10,155 ms,6200 KB
21238277,2016-10-06 17:55:03,723F - st-Spanning Tree,GNU C++11,Wrong answer on test 5,155 ms,6200 KB
21238099,2016-10-06 17:48:22,723F - st-Spanning Tree,GNU C++11,Wrong answer on test 1,0 ms,5500 KB
21237797,2016-10-06 17:37:00,723F - st-Spanning Tree,GNU C++11,Wrong answer on test 48,748 ms,20100 KB
21225199,2016-10-06 06:26:15,723B - Text Document Analysis,GNU C++11,Accepted,31 ms,0 KB
21225094,2016-10-06 06:15:28,723A - The New Year: Meeting Friends,GNU C++11,Accepted,30 ms,0 KB
21225043,2016-10-06 06:11:30,723A - The New Year: Meeting Friends,GNU C++11,Wrong answer on test 3,15 ms,0 KB
20630456,2016-09-15 05:42:38,714B - Filya and Homework,GNU C++11,Accepted,46 ms,800 KB
20630319,2016-09-15 05:27:13,714A - Meeting of Old Friends,GNU C++11,Accepted,31 ms,0 KB
20532389,2016-09-11 16:20:05,712B - Memory and Trident,GNU C++11,Accepted,46 ms,200 KB
20532379,2016-09-11 16:19:33,712B - Memory and Trident,GNU C++11,Wrong answer on test 4,15 ms,0 KB
20532216,2016-09-11 16:13:29,712A - Memory and Crow,GNU C++11,Accepted,78 ms,800 KB
20376653,2016-09-04 10:27:44,414B - Mashmokh and ACM,GNU C++11,Accepted,62 ms,15700 KB
20342123,2016-09-02 16:56:31,676A - Nicholas and Permutation,GNU C++11,Accepted,31 ms,0 KB
20342061,2016-09-02 16:53:25,676A - Nicholas and Permutation,GNU C++11,Wrong answer on test 1,15 ms,0 KB
20282143,2016-08-30 17:15:58,711B - Chris and Magic Square,GNU C++11,Accepted,108 ms,2000 KB
20282123,2016-08-30 17:14:54,711B - Chris and Magic Square,GNU C++11,Wrong answer on test 7,15 ms,2000 KB
20282106,2016-08-30 17:14:13,711B - Chris and Magic Square,GNU C++11,Wrong answer on test 4,15 ms,2000 KB
20281910,2016-08-30 17:05:58,711A - Bus to Udayland,GNU C++11,Accepted,31 ms,0 KB
20281568,2016-08-30 16:53:21,711A - Bus to Udayland,GNU C++11,Wrong answer on test 1,0 ms,0 KB
20228027,2016-08-29 14:05:20,431C - k-Tree,GNU C++11,Accepted,15 ms,0 KB
20214704,2016-08-28 18:53:37,707B - Bakery,GNU C++11,Accepted,78 ms,7300 KB
20214600,2016-08-28 18:47:11,707B - Bakery,GNU C++11,Wrong answer on test 10,15 ms,4100 KB
20214331,2016-08-28 18:26:41,707A - Brain's Photos,GNU C++11,Accepted,15 ms,2000 KB
20214298,2016-08-28 18:24:55,707A - Brain's Photos,GNU C++11,Wrong answer on test 5,15 ms,2000 KB
20204740,2016-08-28 06:37:19,709A - Juicer,GNU C++11,Accepted,31 ms,2000 KB
19726767,2016-08-08 14:23:55,602C - The Two Routes,GNU C++11,Accepted,187 ms,3300 KB
19726755,2016-08-08 14:23:06,602C - The Two Routes,GNU C++11,Runtime error on test 15,15 ms,2400 KB
19725956,2016-08-08 13:34:24,602B - Approximating a Constant Range,GNU C++11,Accepted,46 ms,3300 KB
19725854,2016-08-08 13:26:32,602A - Two Bases,GNU C++11,Accepted,15 ms,2000 KB
19724466,2016-08-08 12:07:01,276B - Little Girl and Game,GNU C++11,Accepted,30 ms,2000 KB
19724423,2016-08-08 12:04:32,276B - Little Girl and Game,GNU C++11,Wrong answer on test 6,30 ms,2000 KB
19702023,2016-08-07 18:09:39,705B - Spider Man,GNU C++11,Accepted,46 ms,2000 KB
19698877,2016-08-07 17:50:24,705C - Thor,GNU C++11,Accepted,217 ms,10700 KB
19698087,2016-08-07 17:45:31,705C - Thor,GNU C++11,Wrong answer on pretest 3,15 ms,7900 KB
19697967,2016-08-07 17:44:46,705C - Thor,GNU C++11,Wrong answer on pretest 3,0 ms,7000 KB
19687934,2016-08-07 17:07:20,705A - Hulk,GNU C++11,Accepted,15 ms,2000 KB
19653186,2016-08-05 17:02:32,550B - Preparing Olympiad,GNU C++11,Accepted,15 ms,2000 KB
19646142,2016-08-05 10:17:50,339D - Xenia and Bit Operations,GNU C++11,Wrong answer on test 7,186 ms,4600 KB
19646032,2016-08-05 10:12:51,339D - Xenia and Bit Operations,GNU C++11,Wrong answer on test 7,156 ms,4600 KB
19646005,2016-08-05 10:11:22,339D - Xenia and Bit Operations,GNU C++11,Wrong answer on test 7,124 ms,3600 KB
19645438,2016-08-05 09:41:59,545D - Queue,GNU C++11,Accepted,31 ms,2400 KB
19645214,2016-08-05 09:28:14,474D - Flowers,GNU C++11,Accepted,108 ms,2800 KB
19643772,2016-08-05 08:00:21,703D - Mishka and Interesting sum,GNU C++11,Accepted,623 ms,41200 KB
19643737,2016-08-05 07:57:13,703D - Mishka and Interesting sum,GNU C++11,Accepted,826 ms,41200 KB
19630561,2016-08-04 19:45:05,703D - Mishka and Interesting sum,GNU C++11,Time limit exceeded on pretest 14,3500 ms,32200 KB
19628260,2016-08-04 19:29:16,703D - Mishka and Interesting sum,GNU C++11,Time limit exceeded on pretest 12,3500 ms,8200 KB
19623150,2016-08-04 18:41:09,703B - Mishka and trip,GNU C++11,Accepted,31 ms,2900 KB
19618129,2016-08-04 18:18:11,703A - Mishka and Game,GNU C++11,Accepted,15 ms,2000 KB
19506303,2016-07-30 04:35:17,702E - Analysis of Pathes in Functional Graph,GNU C++11,Accepted,389 ms,53200 KB
19505934,2016-07-30 04:08:40,702D - Road to Post Office,GNU C++11,Accepted,15 ms,0 KB
19505733,2016-07-30 03:44:47,702C - Cellular Network,GNU C++11,Accepted,311 ms,1600 KB
19505641,2016-07-30 03:33:49,702C - Cellular Network,GNU C++11,Wrong answer on test 5,15 ms,1600 KB
19505608,2016-07-30 03:28:42,702C - Cellular Network,GNU C++11,Wrong answer on test 4,15 ms,1600 KB
19491398,2016-07-29 18:56:29,702D - Road to Post Office,GNU C++11,Wrong answer on test 15,15 ms,0 KB
19491303,2016-07-29 18:55:48,702D - Road to Post Office,GNU C++11,Wrong answer on test 15,15 ms,0 KB
19486398,2016-07-29 18:23:56,702C - Cellular Network,GNU C++11,Wrong answer on test 3,15 ms,1600 KB
19483484,2016-07-29 18:08:01,702B - Powers of Two,GNU C++11,Accepted,187 ms,3600 KB
19482293,2016-07-29 18:02:17,702A - Maximum Increase,GNU C++11,Accepted,31 ms,400 KB
19478368,2016-07-29 14:14:06,427B - Prison Transfer,GNU C++11,Accepted,46 ms,800 KB
19477905,2016-07-29 13:42:13,368B - Sereja and Suffixes,GNU C++11,Accepted,77 ms,900 KB
19477721,2016-07-29 13:28:57,514B - Han Solo and Lazer Gun,GNU C++11,Accepted,15 ms,100 KB
19477653,2016-07-29 13:23:11,514B - Han Solo and Lazer Gun,GNU C++11,Wrong answer on test 3,0 ms,0 KB
19477510,2016-07-29 13:11:16,519B - A and B and Compilation Errors,GNU C++11,Accepted,31 ms,0 KB
19445023,2016-07-27 18:57:29,295A - Greg and Array,GNU C++11,Accepted,109 ms,3500 KB
19407996,2016-07-25 20:18:43,189A - Cut Ribbon,GNU C++11,Accepted,15 ms,0 KB
19379443,2016-07-24 11:02:49,47A - Triangular numbers,GNU C++11,Accepted,30 ms,0 KB
19366386,2016-07-23 17:08:31,595A - Vitaly and Night,GNU C++11,Accepted,15 ms,0 KB
19366310,2016-07-23 17:04:06,279B - Books,GNU C++11,Accepted,92 ms,800 KB
19364918,2016-07-23 15:39:17,701D - As Fast As Possible,GNU C++11,Accepted,31 ms,0 KB
19364889,2016-07-23 15:37:50,701D - As Fast As Possible,GNU C++11,Wrong answer on test 10,15 ms,0 KB
19364814,2016-07-23 15:33:27,701D - As Fast As Possible,GNU C++11,Time limit exceeded on test 9,1000 ms,0 KB
19339723,2016-07-22 20:33:40,701A - Cards,GNU C++11,Accepted,15 ms,0 KB
19338990,2016-07-22 20:28:52,701C - They Are Everywhere,GNU C++11,Accepted,31 ms,200 KB
19334318,2016-07-22 20:02:51,701B - Cells Not Under Attack,GNU C++11,Accepted,623 ms,0 KB
19331299,2016-07-22 19:49:24,701A - Cards,GNU C++11,Wrong answer on pretest 5,15 ms,0 KB
19300626,2016-07-21 14:20:43,270A - Fancy Fence,GNU C++11,Accepted,0 ms,0 KB
19257853,2016-07-19 20:06:24,699B - One Bomb,GNU C++11,Accepted,171 ms,2000 KB
19244077,2016-07-19 16:59:48,699D - Fix a Tree,GNU C++11,Accepted,171 ms,3100 KB
19238518,2016-07-19 16:33:24,699C - Vacations,GNU C++11,Accepted,30 ms,0 KB
19236225,2016-07-19 16:24:01,699B - One Bomb,GNU C++11,Time limit exceeded on test 66,1000 ms,6300 KB
19233340,2016-07-19 16:14:17,699A - Launch of Collider,GNU C++11,Accepted,561 ms,1300 KB
19156046,2016-07-15 17:51:53,372C - Watching Fireworks is Fun,GNU C++11,Accepted,592 ms,3900 KB
19155860,2016-07-15 17:41:22,372C - Watching Fireworks is Fun,GNU C++11,Time limit exceeded on test 9,4000 ms,9400 KB
19155731,2016-07-15 17:34:43,372C - Watching Fireworks is Fun,GNU C++11,Runtime error on test 9,3354 ms,9400 KB
19142350,2016-07-15 07:46:00,691E - Xor-sequences,GNU C++11,Accepted,2870 ms,4800 KB
19142294,2016-07-15 07:42:58,691E - Xor-sequences,GNU C++11,Time limit exceeded on test 7,3000 ms,5100 KB
19142249,2016-07-15 07:41:17,691E - Xor-sequences,GNU C++11,Time limit exceeded on test 8,3000 ms,5100 KB
19141628,2016-07-15 07:04:50,691E - Xor-sequences,GNU C++11,Time limit exceeded on test 7,3000 ms,5000 KB
19140928,2016-07-15 06:22:07,691E - Xor-sequences,GNU C++11,Wrong answer on test 5,15 ms,0 KB
19121861,2016-07-14 20:21:31,697C - Lorenzo Von Matterhorn,GNU C++11,Accepted,31 ms,2100 KB
19118851,2016-07-14 20:04:53,697B - Barnicle,GNU C++11,Accepted,15 ms,0 KB
19112418,2016-07-14 19:41:10,697A - Pineapple Incident,GNU C++11,Accepted,15 ms,0 KB
19112041,2016-07-14 19:39:25,697A - Pineapple Incident,GNU C++11,Wrong answer on pretest 1,0 ms,0 KB
19109670,2016-07-14 17:22:18,691D - Swaps in Permutation,GNU C++11,Hacked,1154 ms,34700 KB
19099395,2016-07-14 05:26:56,691B - s-palindrome,GNU C++11,Accepted,31 ms,0 KB
19092919,2016-07-13 21:05:51,691E - Xor-sequences,GNU C++11,Wrong answer on test 4,15 ms,0 KB
19089274,2016-07-13 20:24:18,691D - Swaps in Permutation,GNU C++11,Accepted,1434 ms,34800 KB
19087651,2016-07-13 20:11:16,691B - s-palindrome,GNU C++11,Wrong answer on test 11,15 ms,0 KB
19086641,2016-07-13 20:03:34,691C - Exponential notation,GNU C++11,Accepted,202 ms,6000 KB
19085365,2016-07-13 19:53:45,691B - s-palindrome,GNU C++11,Wrong answer on test 11,15 ms,0 KB
19084364,2016-07-13 19:45:56,691A - Fashion in Berland,GNU C++11,Accepted,15 ms,0 KB
19083872,2016-07-13 19:42:16,691C - Exponential notation,GNU C++11,Wrong answer on test 17,171 ms,6800 KB
19080481,2016-07-13 19:20:08,691A - Fashion in Berland,GNU C++11,Wrong answer on test 13,15 ms,0 KB
19079877,2016-07-13 19:17:09,691B - s-palindrome,GNU C++11,Wrong answer on test 11,15 ms,0 KB
18947941,2016-07-07 12:25:13,689C - Mike and Chocolate Thieves,GNU C++11,Wrong answer on test 15,15 ms,200 KB
18947406,2016-07-07 11:58:51,689C - Mike and Chocolate Thieves,GNU C++11,Wrong answer on test 12,93 ms,800 KB
18947372,2016-07-07 11:57:04,689C - Mike and Chocolate Thieves,GNU C++11,Wrong answer on test 13,93 ms,800 KB
18929855,2016-07-06 20:42:29,689B - Mike and Shortcuts,GNU C++11,Accepted,109 ms,1600 KB
18922069,2016-07-06 19:44:31,689A - Mike and Cellphone,GNU C++11,Accepted,15 ms,0 KB
18817739,2016-06-30 09:27:07,677B - Vanya and Food Processor,GNU C++11,Accepted,31 ms,400 KB
18817732,2016-06-30 09:26:30,677B - Vanya and Food Processor,GNU C++11,Wrong answer on test 14,31 ms,400 KB
18817704,2016-06-30 09:24:16,677B - Vanya and Food Processor,GNU C++11,Wrong answer on test 1,15 ms,0 KB
18817506,2016-06-30 09:08:05,677A - Vanya and Fence,GNU C++11,Accepted,15 ms,0 KB
18800261,2016-06-29 21:06:19,688E - The Values You Can Make,GNU C++11,Accepted,296 ms,0 KB
18794516,2016-06-29 20:34:15,688C - NP-Hard Problem,GNU C++11,Accepted,77 ms,5600 KB
18788715,2016-06-29 20:13:58,688B - Lovely Palindromes,GNU C++11,Accepted,30 ms,400 KB
18786925,2016-06-29 20:09:14,688A - Opponents,GNU C++11,Accepted,30 ms,0 KB
18784948,2016-06-29 17:52:28,680D - Bear and Tower of Cubes,GNU C++11,Accepted,31 ms,800 KB
18783567,2016-06-29 16:04:17,680D - Bear and Tower of Cubes,GNU C++11,Runtime error on test 36,31 ms,800 KB
18781328,2016-06-29 13:21:37,680D - Bear and Tower of Cubes,GNU C++11,Wrong answer on test 4,0 ms,800 KB
18781315,2016-06-29 13:20:53,680D - Bear and Tower of Cubes,GNU C++11,Wrong answer on test 1,15 ms,800 KB
18778403,2016-06-29 09:45:33,680C - Bear and Prime 100,GNU C++,Accepted,15 ms,0 KB
18778391,2016-06-29 09:44:19,680C - Bear and Prime 100,GNU C++,Wrong answer on test 2,15 ms,0 KB
18778218,2016-06-29 09:26:36,680B - Bear and Finding Criminals,GNU C++,Accepted,15 ms,0 KB
18778142,2016-06-29 09:17:10,680A - Bear and Five Cards,GNU C++,Accepted,15 ms,0 KB
18778135,2016-06-29 09:15:49,680A - Bear and Five Cards,GNU C++,Wrong answer on test 1,0 ms,200 KB
18692114,2016-06-24 04:59:34,686C - Robbers' watch,GNU C++,Accepted,15 ms,0 KB
18692107,2016-06-24 04:59:09,686C - Robbers' watch,GNU C++,Wrong answer on test 2,15 ms,0 KB
18692098,2016-06-24 04:58:08,686C - Robbers' watch,GNU C++,Wrong answer on test 3,0 ms,0 KB
18692010,2016-06-24 04:48:39,686B - Little Robber Girl's Zoo,GNU C++,Accepted,15 ms,100 KB
18692001,2016-06-24 04:47:39,686B - Little Robber Girl's Zoo,GNU C++,Wrong answer on test 1,0 ms,0 KB
18680352,2016-06-23 20:43:30,686C - Robbers' watch,GNU C++,Wrong answer on pretest 11,15 ms,0 KB
18674551,2016-06-23 20:01:28,686B - Little Robber Girl's Zoo,GNU C++,Wrong answer on test 24,15 ms,100 KB
18667868,2016-06-23 19:39:23,686A - Free Ice Cream,GNU C++,Accepted,15 ms,0 KB
18664968,2016-06-23 17:02:33,682C - Alyona and the Tree,GNU C++,Accepted,77 ms,13300 KB
18664466,2016-06-23 16:28:12,682C - Alyona and the Tree,GNU C++,Wrong answer on test 3,15 ms,3500 KB
18662855,2016-06-23 14:47:53,682B - Alyona and Mex,GNU C++,Accepted,46 ms,400 KB
18662853,2016-06-23 14:47:42,682B - Alyona and Mex,GNU C++,Wrong answer on test 1,0 ms,0 KB
18662668,2016-06-23 14:38:26,682A - Alyona and Numbers,GNU C++,Accepted,15 ms,0 KB
18662653,2016-06-23 14:37:51,682A - Alyona and Numbers,GNU C++,Wrong answer on test 11,15 ms,0 KB
18654919,2016-06-23 04:10:23,115A - Party,GNU C++,Accepted,30 ms,100 KB
18492854,2016-06-15 12:20:51,681C - Heap Operations,GNU C++,Accepted,592 ms,31000 KB
18492807,2016-06-15 12:18:47,681C - Heap Operations,GNU C++,Time limit exceeded on test 11,1000 ms,31000 KB
18491913,2016-06-15 11:42:10,681B - Economy Game,GNU C++,Accepted,62 ms,2200 KB
18491806,2016-06-15 11:36:59,681A - A Good Contest,GNU C++,Accepted,15 ms,2200 KB
17946581,2016-05-16 20:29:52,675C - Money Transfers,GNU C++,Wrong answer on pretest 5,15 ms,2200 KB
17942173,2016-05-16 20:03:46,675B - Restoring Painting,GNU C++,Accepted,15 ms,2200 KB
17938566,2016-05-16 19:49:21,675A - Infinite Sequence,GNU C++,Accepted,15 ms,2200 KB
17858072,2016-05-11 20:53:31,672C - Recycling Bottles,GNU C++,Accepted,61 ms,10100 KB
17851880,2016-05-11 20:00:41,672B - Different is Good,GNU C++,Accepted,31 ms,2300 KB
17851232,2016-05-11 19:56:57,672A - Summer Camp,GNU C++11,Wrong answer on pretest 7,15 ms,2200 KB
17851173,2016-05-11 19:56:39,672A - Summer Camp,GNU C++,Compilation error,0 ms,0 KB
17817611,2016-05-09 12:22:54,409H - A + B Strikes Back,GNU C++,Accepted,15 ms,2000 KB
17817609,2016-05-09 12:22:45,409H - A + B Strikes Back,GNU C++,Wrong answer on test 1,0 ms,0 KB
17817603,2016-05-09 12:22:31,409H - A + B Strikes Back,GNU C++,Wrong answer on test 1,0 ms,0 KB
17817600,2016-05-09 12:22:17,409H - A + B Strikes Back,GNU C++,Wrong answer on test 1,0 ms,0 KB
17817597,2016-05-09 12:21:58,409H - A + B Strikes Back,GNU C++,Wrong answer on test 1,0 ms,0 KB
17597727,2016-04-30 19:00:18,467D - Fedor and Essay,GNU C++,Runtime error on test 34,139 ms,4700 KB
17597674,2016-04-30 18:56:46,467D - Fedor and Essay,GNU C++,Accepted,452 ms,9500 KB
17597668,2016-04-30 18:56:14,467D - Fedor and Essay,GNU C++,Compilation error,0 ms,0 KB
17597654,2016-04-30 18:54:43,467D - Fedor and Essay,GNU C++,Wrong answer on test 61,483 ms,9500 KB
17597079,2016-04-30 18:10:46,467D - Fedor and Essay,GNU C++,Runtime error on test 34,140 ms,4700 KB
17596970,2016-04-30 18:02:52,467D - Fedor and Essay,GNU C++,Runtime error on test 8,15 ms,2000 KB
17594751,2016-04-30 15:14:42,525E - Anya and Cubes,GNU C++,Accepted,748 ms,48300 KB
17593519,2016-04-30 13:46:44,525E - Anya and Cubes,GNU C++,Time limit exceeded on test 4,2000 ms,2100 KB
17593506,2016-04-30 13:45:59,525E - Anya and Cubes,GNU C++,Memory limit exceeded on test 4,233 ms,262100 KB
17592901,2016-04-30 13:01:00,466C - Number of Ways,GNU C++,Accepted,405 ms,25600 KB
17592307,2016-04-30 12:18:06,660C - Hard Process,GNU C++,Accepted,108 ms,3200 KB
17592231,2016-04-30 12:10:28,660B - Seating On Bus,GNU C++,Accepted,15 ms,2000 KB
17592040,2016-04-30 11:56:30,660A - Co-prime Array,GNU C++,Accepted,31 ms,2200 KB
17591999,2016-04-30 11:52:50,660A - Co-prime Array,GNU C++,Wrong answer on test 1,0 ms,2200 KB
17356026,2016-04-17 02:27:47,664A - Complicated GCD,GNU C++,Accepted,15 ms,2000 KB
17140760,2016-04-03 09:25:17,656A - Da Vinci Powers,GNU C++,Accepted,15 ms,2200 KB
17140713,2016-04-03 09:20:40,656A - Da Vinci Powers,GNU C++,Wrong answer on test 3,0 ms,2000 KB
17140621,2016-04-03 09:11:56,659C - Tanya and Toys,GNU C++,Accepted,46 ms,2800 KB
17140514,2016-04-03 09:03:34,659B - Qualifying Contest,GNU C++,Accepted,624 ms,104000 KB
17140329,2016-04-03 08:48:22,659A - Round House,GNU C++,Accepted,15 ms,2200 KB
16941952,2016-03-26 03:57:45,652C - Foe Pairs,GNU C++,Accepted,156 ms,5500 KB
16941711,2016-03-26 03:17:01,652B - z-sort,GNU C++,Accepted,15 ms,2000 KB
16880044,2016-03-23 05:58:21,546D - Soldier and Number Game,GNU C++,Accepted,904 ms,41800 KB
16880043,2016-03-23 05:58:02,546D - Soldier and Number Game,GNU C++,Wrong answer on test 1,15 ms,2000 KB
16879869,2016-03-23 05:20:09,546C - Soldier and Cards,GNU C++,Accepted,15 ms,2300 KB
16879794,2016-03-23 05:06:25,546B - Soldier and Badges,GNU C++,Accepted,30 ms,2200 KB
16879754,2016-03-23 04:58:52,546A - Soldier and Bananas,GNU C++,Accepted,15 ms,2200 KB
16879719,2016-03-23 04:51:14,540C - Ice Cave,GNU C++,Accepted,61 ms,2600 KB
16879705,2016-03-23 04:48:51,540C - Ice Cave,GNU C++,Wrong answer on test 23,46 ms,2700 KB
16879694,2016-03-23 04:46:36,540C - Ice Cave,GNU C++,Wrong answer on test 1,15 ms,2000 KB
16879641,2016-03-23 04:38:17,540C - Ice Cave,GNU C++,Wrong answer on test 23,46 ms,2600 KB
16879277,2016-03-23 03:31:21,540C - Ice Cave,GNU C++,Time limit exceeded on test 14,2000 ms,10400 KB
16879139,2016-03-23 03:00:25,540A - Combination Lock,GNU C++,Accepted,15 ms,2200 KB
16873900,2016-03-22 19:01:30,644B - Processing Queries,GNU C++,Wrong answer on test 37,140 ms,4400 KB
16873883,2016-03-22 19:00:26,644B - Processing Queries,GNU C++,Wrong answer on test 4,15 ms,2200 KB
16873556,2016-03-22 18:42:09,644A - Parliament of Berland,GNU C++,Accepted,15 ms,2200 KB
16823361,2016-03-19 19:18:00,598B - Queries on a String,GNU C++,Accepted,30 ms,2100 KB
16815914,2016-03-19 14:11:00,609E - Minimum spanning tree for each edge,GNU C++,Accepted,623 ms,63100 KB
16815151,2016-03-19 13:51:12,609E - Minimum spanning tree for each edge,GNU C++,Runtime error on test 3,15 ms,2000 KB
16801223,2016-03-19 07:46:59,609C - Load Balancing,GNU C++,Accepted,46 ms,400 KB
16801049,2016-03-19 07:35:50,609B - The Best Gift,GNU C++,Accepted,31 ms,0 KB
16800921,2016-03-19 07:25:33,609A - USB Flash Drives,GNU C++,Accepted,15 ms,0 KB
16800754,2016-03-19 07:15:58,600D - Area of Two Circles' Intersection,GNU C++,Wrong answer on test 8,15 ms,0 KB
16800737,2016-03-19 07:15:09,600D - Area of Two Circles' Intersection,GNU C++,Wrong answer on test 6,15 ms,0 KB
16800455,2016-03-19 06:47:38,600C - Make Palindrome,GNU C++,Accepted,46 ms,500 KB
16800232,2016-03-19 06:24:51,600B - Queries about less or equal elements,GNU C++,Accepted,171 ms,800 KB
16800227,2016-03-19 06:24:29,600B - Queries about less or equal elements,GNU C++,Wrong answer on test 1,15 ms,0 KB
16800197,2016-03-19 06:21:01,600A - Extract Numbers,GNU C++,Accepted,31 ms,400 KB
16800180,2016-03-19 06:19:19,600A - Extract Numbers,GNU C++,Wrong answer on test 20,31 ms,400 KB
16800021,2016-03-19 06:00:47,612D - The Union of k-Segments,GNU C++,Accepted,1294 ms,28700 KB
16799252,2016-03-19 04:46:52,612C - Replace To Make Regular Bracket Sequence,GNU C++,Accepted,280 ms,3900 KB
16799249,2016-03-19 04:46:42,612C - Replace To Make Regular Bracket Sequence,GNU C++,Wrong answer on test 1,30 ms,0 KB
16799078,2016-03-19 04:29:03,612B - HDD is Outdated Technology,GNU C++,Accepted,46 ms,800 KB
16799071,2016-03-19 04:28:19,612B - HDD is Outdated Technology,GNU C++,Wrong answer on test 18,30 ms,400 KB
16799006,2016-03-19 04:19:50,612A - The Text Splitting,GNU C++,Accepted,15 ms,0 KB
16798997,2016-03-19 04:18:18,612A - The Text Splitting,GNU C++,Wrong answer on test 1,0 ms,0 KB
16775255,2016-03-18 07:19:06,608B - Hamming Distance Sum,GNU C++,Accepted,93 ms,700 KB
16775252,2016-03-18 07:18:41,608B - Hamming Distance Sum,GNU C++,Wrong answer on test 9,46 ms,600 KB
16775073,2016-03-18 07:00:47,608A - Saitama Destroys Hotel,GNU C++,Accepted,15 ms,0 KB
16774522,2016-03-18 05:40:32,610A - Pasha and Stick,GNU C++,Accepted,15 ms,0 KB
16765505,2016-03-17 17:32:54,651C - Watchmen,GNU C++,Accepted,499 ms,17100 KB
16765126,2016-03-17 17:11:05,651B - Beautiful Paintings,GNU C++,Accepted,15 ms,0 KB
16765100,2016-03-17 17:09:49,651B - Beautiful Paintings,GNU C++,Runtime error on test 1,0 ms,0 KB
16764804,2016-03-17 16:53:26,651A - Joysticks,GNU C++,Accepted,15 ms,100 KB
16764759,2016-03-17 16:51:11,651A - Joysticks,GNU C++,Wrong answer on test 7,15 ms,100 KB
16764669,2016-03-17 16:45:28,651A - Joysticks,GNU C++,Wrong answer on test 3,0 ms,0 KB
16764286,2016-03-17 16:26:05,651A - Joysticks,GNU C++,Runtime error on test 3,15 ms,0 KB
16716331,2016-03-14 17:55:07,615B - Longtail Hedgehog,GNU C++,Accepted,139 ms,6000 KB
16716117,2016-03-14 17:44:47,615B - Longtail Hedgehog,GNU C++,Wrong answer on test 3,0 ms,0 KB
16715428,2016-03-14 17:08:09,615A - Bulbs,GNU C++,Accepted,15 ms,0 KB
16713414,2016-03-14 15:14:28,631C - Report,GNU C++,Accepted,171 ms,3300 KB
16712797,2016-03-14 14:39:03,631B - Print Check,GNU C++,Accepted,93 ms,4200 KB
16712168,2016-03-14 14:04:23,631B - Print Check,GNU C++,Time limit exceeded on test 27,1000 ms,600 KB
16712095,2016-03-14 14:00:08,631A - Interview,GNU C++,Accepted,15 ms,0 KB
16711097,2016-03-14 12:51:55,632D - Longest Subsequence,GNU C++,Accepted,467 ms,17900 KB
16710939,2016-03-14 12:38:00,632D - Longest Subsequence,GNU C++,Time limit exceeded on test 14,2000 ms,14000 KB
16710699,2016-03-14 12:18:32,632D - Longest Subsequence,GNU C++,Memory limit exceeded on test 22,1497 ms,262100 KB
16710629,2016-03-14 12:12:28,632D - Longest Subsequence,GNU C++,Memory limit exceeded on test 14,1231 ms,262100 KB
16710622,2016-03-14 12:11:34,632D - Longest Subsequence,GNU C++,Wrong answer on test 11,966 ms,55100 KB
16709698,2016-03-14 11:04:45,632C - The Smallest String Concatenation,GNU C++,Accepted,327 ms,1200 KB
16709557,2016-03-14 10:49:00,632B - Alice, Bob, Two Teams,GNU C++,Accepted,171 ms,3900 KB
16709545,2016-03-14 10:47:53,632B - Alice, Bob, Two Teams,GNU C++,Runtime error on test 1,15 ms,0 KB
16709301,2016-03-14 10:30:35,632A - Grandma Laura and Apples,GNU C++,Accepted,15 ms,0 KB
16397437,2016-02-28 09:10:34,624B - Making a String,GNU C++,Accepted,15 ms,0 KB
16397427,2016-02-28 09:09:47,624B - Making a String,GNU C++,Wrong answer on test 5,15 ms,0 KB
16396132,2016-02-28 06:28:37,624A - Save Luke,GNU C++,Accepted,15 ms,0 KB
16379524,2016-02-27 13:36:56,629B - Far Relative’s Problem,GNU C++,Accepted,31 ms,0 KB
16379493,2016-02-27 13:35:44,629B - Far Relative’s Problem,GNU C++11,Runtime error on test 3,15 ms,0 KB
16261615,2016-02-21 18:39:46,622B - The Time,GNU C++11,Accepted,15 ms,0 KB
16261604,2016-02-21 18:38:38,622B - The Time,GNU C++11,Wrong answer on test 2,15 ms,0 KB
16261309,2016-02-21 18:19:31,622A - Infinite Sequence,GNU C++,Accepted,31 ms,0 KB
16251999,2016-02-21 02:46:33,628D - Magic Numbers,GNU C++,Accepted,1060 ms,33800 KB
16251980,2016-02-21 02:43:32,628D - Magic Numbers,GNU C++,Accepted,1013 ms,65900 KB
16251950,2016-02-21 02:38:00,628D - Magic Numbers,GNU C++,Wrong answer on test 21,826 ms,59000 KB
16251928,2016-02-21 02:34:49,628D - Magic Numbers,GNU C++,Wrong answer on test 21,390 ms,29500 KB
16226234,2016-02-20 12:33:50,628C - Bear and String Distance,GNU C++,Accepted,30 ms,200 KB
16226097,2016-02-20 12:24:49,628B - New Skateboard,GNU C++,Accepted,61 ms,1000 KB
16226087,2016-02-20 12:23:51,628B - New Skateboard,GNU C++,Wrong answer on test 13,31 ms,500 KB
16225995,2016-02-20 12:18:13,628B - New Skateboard,GNU C++,Wrong answer on test 13,15 ms,500 KB
16225868,2016-02-20 12:10:36,628A - Tennis Tournament,GNU C++,Accepted,15 ms,0 KB
16225676,2016-02-20 11:58:53,625A - Guest From the Past,GNU C++,Accepted,15 ms,0 KB
16225672,2016-02-20 11:58:40,625A - Guest From the Past,GNU C++,Compilation error,0 ms,0 KB
16225658,2016-02-20 11:56:55,625A - Guest From the Past,GNU C++,Wrong answer on test 53,15 ms,0 KB
16225641,2016-02-20 11:55:25,625B - War of the Corporations,GNU C++,Accepted,31 ms,200 KB
16225626,2016-02-20 11:54:11,625B - War of the Corporations,GNU C++,Runtime error on test 7,15 ms,0 KB
16225500,2016-02-20 11:44:54,625B - War of the Corporations,GNU C++,Wrong answer on test 26,31 ms,200 KB
16225435,2016-02-20 11:40:12,625B - War of the Corporations,GNU C++,Wrong answer on test 20,30 ms,200 KB
16219416,2016-02-20 05:52:40,625B - War of the Corporations,GNU C++,Wrong answer on test 5,15 ms,0 KB
16219270,2016-02-20 05:38:51,625A - Guest From the Past,GNU C++,Wrong answer on test 12,15 ms,0 KB
15731864,2016-02-01 16:28:07,621B - Wet Shark and Bishops,GNU C++,Runtime error on test 8,46 ms,100 KB
15729916,2016-02-01 14:46:26,621B - Wet Shark and Bishops,GNU C++,Runtime error on test 8,62 ms,100 KB
15729681,2016-02-01 14:32:01,621A - Wet Shark and Odd and Even,GNU C++,Accepted,46 ms,400 KB
15490967,2016-01-22 08:18:11,620D - Professor GukiZ and Two Arrays,GNU C++,Accepted,1918 ms,78400 KB
15490880,2016-01-22 08:12:23,620D - Professor GukiZ and Two Arrays,GNU C++,Runtime error on test 2,0 ms,0 KB
15489454,2016-01-22 05:45:50,620D - Professor GukiZ and Two Arrays,GNU C++,Wrong answer on test 10,312 ms,19600 KB
15489378,2016-01-22 05:38:04,620D - Professor GukiZ and Two Arrays,GNU C++,Wrong answer on test 10,249 ms,19700 KB
15474313,2016-01-21 18:23:39,620C - Pearls in a Row,GNU C++,Accepted,218 ms,10600 KB
15471487,2016-01-21 18:07:27,620B - Grandfather Dovlet’s calculator,GNU C++,Accepted,15 ms,0 KB
15470626,2016-01-21 18:03:28,620A - Professor GukiZ's Robot,GNU C++,Accepted,15 ms,0 KB
15380239,2016-01-15 04:57:20,614A - Link/Cut Tree,GNU C++,Accepted,15 ms,0 KB
15380231,2016-01-15 04:56:04,614A - Link/Cut Tree,GNU C++,Wrong answer on test 1,0 ms,0 KB
15380192,2016-01-15 04:50:46,614A - Link/Cut Tree,GNU C++,Wrong answer on test 24,15 ms,0 KB
15360019,2016-01-14 20:25:17,614C - Peter and Snow Blower,GNU C++,Wrong answer on pretest 3,0 ms,0 KB
15358543,2016-01-14 20:18:53,614C - Peter and Snow Blower,GNU C++,Wrong answer on pretest 3,0 ms,0 KB
15354785,2016-01-14 20:04:58,614A - Link/Cut Tree,GNU C++,Hacked,15 ms,0 KB
15353630,2016-01-14 20:00:20,614C - Peter and Snow Blower,GNU C++,Wrong answer on pretest 3,15 ms,0 KB
15352526,2016-01-14 19:56:02,614C - Peter and Snow Blower,GNU C++,Wrong answer on pretest 3,15 ms,0 KB
15349916,2016-01-14 19:47:16,614B - Gena's Code,GNU C++,Accepted,93 ms,200 KB
15347036,2016-01-14 19:38:37,614A - Link/Cut Tree,GNU C++,Hacked,15 ms,0 KB
15310696,2016-01-12 13:14:53,219A - k-String,GNU C++,Accepted,30 ms,0 KB
15296068,2016-01-11 18:57:29,616D - Longest k-Good Segment,GNU C++,Accepted,109 ms,5900 KB
15295355,2016-01-11 18:49:57,616C - The Labyrinth,GNU C++,Accepted,998 ms,22200 KB
15292682,2016-01-11 18:25:28,616B - Dinner with Emma,GNU C++,Accepted,15 ms,0 KB
15292135,2016-01-11 18:21:36,616A - Comparing Two Long Integers,GNU C++,Accepted,327 ms,5800 KB
15289044,2016-01-11 17:49:53,545C - Woodcutters,GNU C++,Wrong answer on test 8,46 ms,1200 KB
15288452,2016-01-11 16:54:53,285C - Building Permutation,GNU C++,Accepted,218 ms,2300 KB
15288362,2016-01-11 16:46:37,363B - Fence,GNU C++,Accepted,46 ms,600 KB
15288323,2016-01-11 16:43:13,363B - Fence,GNU C++,Wrong answer on test 1,0 ms,0 KB
15220958,2016-01-07 08:40:54,611D - New Year and Ancient Prophecy,GNU C++,Accepted,1450 ms,489200 KB
15220682,2016-01-07 07:42:19,611D - New Year and Ancient Prophecy,GNU C++,Runtime error on test 7,296 ms,262100 KB
15220666,2016-01-07 07:39:43,611D - New Year and Ancient Prophecy,GNU C++11,Runtime error on test 7,296 ms,262100 KB
15220654,2016-01-07 07:37:01,611D - New Year and Ancient Prophecy,GNU C++11,Wrong answer on test 6,15 ms,0 KB
15219260,2016-01-07 01:33:26,611C - New Year and Domino,GNU C++11,Accepted,140 ms,2500 KB
15218130,2016-01-07 00:28:26,611B - New Year and Old Property,GNU C++11,Accepted,15 ms,0 KB
15218124,2016-01-07 00:27:38,611B - New Year and Old Property,GNU C++,Compilation error,0 ms,0 KB
15218007,2016-01-07 00:07:01,611A - New Year and Days,GNU C++,Accepted,15 ms,0 KB
14358960,2015-11-20 15:39:56,596B - Wilbur and Array,GNU C++,Accepted,62 ms,0 KB
14266405,2015-11-15 12:47:41,598B - Queries on a String,GNU C++,Wrong answer on test 5,0 ms,0 KB
14266193,2015-11-15 12:36:46,598B - Queries on a String,GNU C++,Time limit exceeded on test 4,2000 ms,0 KB
14265862,2015-11-15 12:18:10,598A - Tricky Sum,GNU C++,Accepted,15 ms,0 KB
14016488,2015-11-02 03:54:23,592B - The Monster and the Squirrel,GNU C++,Accepted,15 ms,0 KB
14016448,2015-11-02 03:46:07,592A - PawnChess,GNU C++,Accepted,15 ms,0 KB
14016416,2015-11-02 03:39:27,592A - PawnChess,GNU C++,Wrong answer on test 40,15 ms,0 KB
14016408,2015-11-02 03:38:15,592A - PawnChess,GNU C++,Wrong answer on test 6,15 ms,0 KB
14016372,2015-11-02 03:30:21,592A - PawnChess,GNU C++,Wrong answer on test 4,15 ms,0 KB
14016369,2015-11-02 03:29:48,592A - PawnChess,GNU C++,Wrong answer on test 1,0 ms,0 KB
14016363,2015-11-02 03:28:18,592A - PawnChess,GNU C++,Wrong answer on test 3,0 ms,0 KB
13655367,2015-10-16 03:05:51,588B - Duff in Love,GNU C++,Accepted,31 ms,1200 KB
13630054,2015-10-15 19:44:07,588B - Duff in Love,GNU C++,Wrong answer on test 32,31 ms,1200 KB
13628009,2015-10-15 19:37:08,588A - Duff and Meat,GNU C++,Accepted,46 ms,800 KB
13467084,2015-10-07 09:13:36,584D - Dima and Lisa,GNU C++,Accepted,31 ms,1200 KB
13467030,2015-10-07 09:09:42,584D - Dima and Lisa,GNU C++,Wrong answer on test 14,31 ms,1200 KB
13467014,2015-10-07 09:08:48,584D - Dima and Lisa,GNU C++,Wrong answer on test 2,15 ms,1100 KB
13454113,2015-10-06 21:00:57,584D - Dima and Lisa,GNU C++,Wrong answer on pretest 1,15 ms,1200 KB
13453829,2015-10-06 20:59:11,584D - Dima and Lisa,GNU C++,Time limit exceeded on pretest 1,1000 ms,62000 KB
13442416,2015-10-06 19:55:36,584B - Kolya and Tanya,GNU C++,Accepted,31 ms,0 KB
13439016,2015-10-06 19:42:21,584A - Olesya and Rodion,GNU C++,Accepted,31 ms,0 KB
13340400,2015-10-02 11:06:02,471A - MUH and Sticks,GNU C++,Wrong answer on test 4,15 ms,0 KB
13319773,2015-09-30 20:21:37,572A - Arrays,GNU C++,Accepted,62 ms,800 KB
13285214,2015-09-28 20:48:57,581C - Developing Skills,GNU C++,Accepted,46 ms,400 KB
13285117,2015-09-28 20:44:51,581C - Developing Skills,GNU C++,Wrong answer on test 4,15 ms,0 KB
13284914,2015-09-28 20:36:13,581B - Luxurious Houses,GNU C++,Accepted,62 ms,1100 KB
13284886,2015-09-28 20:35:13,581B - Luxurious Houses,GNU C++,Wrong answer on test 3,15 ms,0 KB
13284729,2015-09-28 20:28:17,581A - Vasya the Hipster,GNU C++,Accepted,15 ms,0 KB
13203191,2015-09-24 14:34:25,579D - "Or" Game,GNU C++,Wrong answer on test 23,93 ms,0 KB
13203120,2015-09-24 14:29:14,579D - "Or" Game,GNU C++,Wrong answer on test 23,93 ms,0 KB
13203002,2015-09-24 14:20:17,579D - "Or" Game,GNU C++,Wrong answer on test 6,0 ms,0 KB
13202926,2015-09-24 14:13:46,579D - "Or" Game,GNU C++,Wrong answer on test 6,15 ms,0 KB
13202604,2015-09-24 13:46:24,579B - Finding Team Member,GNU C++,Accepted,109 ms,9200 KB
13202448,2015-09-24 13:33:06,579A - Raising Bacteria,GNU C++,Accepted,31 ms,0 KB
13190339,2015-09-23 18:26:04,580D - Kefa and Dishes,GNU C++,Accepted,390 ms,42500 KB
13190268,2015-09-23 18:22:55,580D - Kefa and Dishes,GNU C++,Wrong answer on test 9,15 ms,100 KB
13189231,2015-09-23 17:46:42,580D - Kefa and Dishes,GNU C++,Wrong answer on test 5,15 ms,0 KB
13188327,2015-09-23 17:16:20,580C - Kefa and Park,GNU C++,Accepted,78 ms,4100 KB
13188249,2015-09-23 17:12:57,580C - Kefa and Park,GNU C++,Wrong answer on test 8,15 ms,0 KB
13187020,2015-09-23 16:28:46,580B - Kefa and Company,GNU C++11,Accepted,62 ms,1600 KB
13186935,2015-09-23 16:25:38,580B - Kefa and Company,GNU C++11,Wrong answer on test 9,15 ms,0 KB
13186678,2015-09-23 16:14:20,580B - Kefa and Company,GNU C++11,Wrong answer on test 8,15 ms,0 KB
13186164,2015-09-23 15:53:46,580A - Kefa and First Steps,GNU C++11,Accepted,46 ms,0 KB
13115556,2015-09-20 17:29:47,569B - Inventory,GNU C++,Wrong answer on test 7,15 ms,0 KB
13109357,2015-09-20 06:20:51,570B - Simple Game,GNU C++,Accepted,31 ms,0 KB
13109355,2015-09-20 06:19:38,570B - Simple Game,GNU C++,Wrong answer on test 4,0 ms,0 KB
13109281,2015-09-20 06:00:39,570B - Simple Game,GNU C++,Wrong answer on test 5,15 ms,0 KB
13109272,2015-09-20 05:57:44,570C - Replacement,GNU C++11,Accepted,234 ms,1000 KB
13108888,2015-09-20 04:35:42,570C - Replacement,GNU C++,Wrong answer on test 3,15 ms,0 KB
13108809,2015-09-20 04:13:26,570B - Simple Game,GNU C++,Wrong answer on test 4,15 ms,0 KB
13108776,2015-09-20 04:02:12,570A - Elections,GNU C++,Accepted,31 ms,0 KB
12967914,2015-09-12 07:30:37,550C - Divisibility by Eight,GNU C++,Accepted,31 ms,0 KB
12952374,2015-09-11 07:32:38,577B - Modulo Sum,GNU C++,Accepted,30 ms,0 KB
12952174,2015-09-11 07:10:02,577B - Modulo Sum,GNU C++,Time limit exceeded on test 18,2000 ms,0 KB
12952117,2015-09-11 07:03:06,577B - Modulo Sum,GNU C++,Wrong answer on test 10,31 ms,0 KB
12930822,2015-09-10 19:49:51,577B - Modulo Sum,GNU C++,Wrong answer on pretest 5,15 ms,0 KB
12929641,2015-09-10 19:44:57,577B - Modulo Sum,GNU C++,Wrong answer on pretest 5,15 ms,0 KB
11914711,2015-07-03 21:34:56,166A - Rank List,GNU C++,Accepted,30 ms,0 KB
11914688,2015-07-03 21:31:42,166A - Rank List,GNU C++,Wrong answer on test 4,30 ms,0 KB
11446794,2015-06-05 15:46:52,445B - DZY Loves Chemistry,GNU C++,Accepted,31 ms,0 KB
11440140,2015-06-05 07:12:44,445A - DZY Loves Chessboard,GNU C++,Accepted,15 ms,0 KB
11440084,2015-06-05 07:07:12,445A - DZY Loves Chessboard,GNU C++,Wrong answer on test 5,15 ms,0 KB
11440075,2015-06-05 07:06:03,445A - DZY Loves Chessboard,GNU C++,Runtime error on test 1,15 ms,0 KB
11412162,2015-06-04 13:22:58,160C - Find Pair,GNU C++,Runtime error on test 63,92 ms,2600 KB
11412131,2015-06-04 13:19:56,160C - Find Pair,GNU C++,Wrong answer on test 8,62 ms,2600 KB
11411870,2015-06-04 12:46:54,160C - Find Pair,GNU C++,Wrong answer on test 3,0 ms,0 KB
11411863,2015-06-04 12:46:01,160C - Find Pair,GNU C++,Runtime error on test 1,30 ms,200 KB
11411719,2015-06-04 12:28:01,445B - DZY Loves Chemistry,GNU C++,Wrong answer on test 5,15 ms,0 KB
11411608,2015-06-04 12:14:53,445A - DZY Loves Chessboard,GNU C++,Wrong answer on test 5,15 ms,0 KB
11411487,2015-06-04 12:00:27,544B - Sea and Islands,GNU C++,Accepted,15 ms,0 KB
11411477,2015-06-04 11:59:38,544B - Sea and Islands,GNU C++,Wrong answer on test 13,15 ms,0 KB
11411454,2015-06-04 11:57:32,544B - Sea and Islands,GNU C++,Wrong answer on test 4,0 ms,0 KB
11411448,2015-06-04 11:56:53,544B - Sea and Islands,GNU C++,Wrong answer on test 1,0 ms,0 KB
11411246,2015-06-04 11:34:54,544D - Destroying Roads,GNU C++,Accepted,327 ms,37100 KB
11411150,2015-06-04 11:27:18,544D - Destroying Roads,GNU C++,Wrong answer on test 11,280 ms,37100 KB
11410620,2015-06-04 10:37:41,5C - Longest Regular Bracket Sequence,GNU C++,Accepted,342 ms,9100 KB
11410516,2015-06-04 10:23:28,5C - Longest Regular Bracket Sequence,GNU C++,Wrong answer on test 6,30 ms,3900 KB
11410475,2015-06-04 10:18:10,5C - Longest Regular Bracket Sequence,GNU C++,Wrong answer on test 4,30 ms,3900 KB
11410455,2015-06-04 10:15:54,5C - Longest Regular Bracket Sequence,GNU C++,Wrong answer on test 3,30 ms,3900 KB
11410349,2015-06-04 10:03:38,26B - Regular Bracket Sequence,GNU C++,Accepted,342 ms,2100 KB
11398952,2015-06-03 11:55:49,159A - Friends or Not,GNU C++,Wrong answer on test 14,30 ms,100 KB
11398930,2015-06-03 11:53:47,159A - Friends or Not,GNU C++,Wrong answer on test 3,30 ms,0 KB
11398730,2015-06-03 11:34:43,218B - Airport,GNU C++,Accepted,60 ms,0 KB
11398544,2015-06-03 11:14:53,81A - Plug-in,GNU C++,Accepted,92 ms,1000 KB
11381020,2015-06-01 18:59:16,466A - Cheap Travel,GNU C++,Accepted,31 ms,0 KB
11380967,2015-06-01 18:55:06,466A - Cheap Travel,GNU C++,Wrong answer on test 3,15 ms,0 KB
11380462,2015-06-01 18:03:03,443A - Anton and Letters,GNU C++,Accepted,15 ms,0 KB
11362827,2015-05-31 07:44:30,189A - Cut Ribbon,GNU C++,Accepted,60 ms,0 KB
11362825,2015-05-31 07:43:57,189A - Cut Ribbon,GNU C++,Wrong answer on test 1,30 ms,0 KB
11362782,2015-05-31 07:30:05,455A - Boredom,GNU C++,Accepted,46 ms,1600 KB
11362780,2015-05-31 07:28:26,455A - Boredom,GNU C++,Wrong answer on test 12,31 ms,1600 KB
11220877,2015-05-22 20:59:36,8B - Obsession with Robots,GNU C++,Accepted,62 ms,0 KB
11220444,2015-05-22 20:55:02,8B - Obsession with Robots,GNU C++,Wrong answer on test 14,60 ms,0 KB
11218988,2015-05-22 20:40:52,8A - Train and Peter,GNU C++,Accepted,62 ms,300 KB
11023351,2015-05-07 19:42:58,544A - Set of Strings,GNU C++,Accepted,31 ms,0 KB
10983754,2015-05-03 15:56:18,535E - Tavas and Pashmaks,GNU C++,Wrong answer on test 3,124 ms,19600 KB
10983703,2015-05-03 15:51:10,535E - Tavas and Pashmaks,GNU C++,Wrong answer on test 3,109 ms,19600 KB
10851051,2015-04-24 21:11:14,372A - Counting Kangaroos is Fun,GNU C++,Wrong answer on test 6,30 ms,2000 KB
10850732,2015-04-24 20:49:15,372A - Counting Kangaroos is Fun,GNU C++,Wrong answer on test 6,15 ms,2000 KB
10849313,2015-04-24 18:54:25,493C - Vasya and Basketball,GNU C++,Accepted,93 ms,3600 KB
10849138,2015-04-24 18:42:54,493C - Vasya and Basketball,GNU C++,Wrong answer on test 11,46 ms,2400 KB
10849117,2015-04-24 18:40:44,493C - Vasya and Basketball,GNU C++,Wrong answer on test 3,0 ms,2000 KB
10758765,2015-04-17 21:10:32,381A - Sereja and Dima,GNU C++,Accepted,15 ms,0 KB
10758449,2015-04-17 21:02:58,200B - Drinks,GNU C++,Accepted,30 ms,0 KB
10757834,2015-04-17 20:46:34,344A - Magnets,GNU C++,Accepted,280 ms,0 KB
10757825,2015-04-17 20:46:22,344A - Magnets,GNU C++,Time limit exceeded on test 1,1000 ms,200 KB
10757793,2015-04-17 20:45:32,344A - Magnets,GNU C++,Wrong answer on test 1,30 ms,0 KB
10752877,2015-04-17 18:51:20,515B - Drazil and His Happy Friends,GNU C++,Accepted,31 ms,0 KB
10752724,2015-04-17 18:36:55,75C - Modified GCD,GNU C++,Accepted,30 ms,0 KB
10752338,2015-04-17 17:59:27,134A - Average Numbers,GNU C++,Accepted,93 ms,2900 KB
10752245,2015-04-17 17:52:17,370B - Berland Bingo,GNU C++,Accepted,15 ms,100 KB
10752073,2015-04-17 17:36:05,409H - A + B Strikes Back,GNU C++,Wrong answer on test 1,0 ms,0 KB
10752037,2015-04-17 17:32:56,104A - Blackjack,GNU C++,Accepted,62 ms,0 KB
10751155,2015-04-17 16:04:40,527B - Error Correct System,GNU C++,Accepted,78 ms,800 KB
10750567,2015-04-17 15:00:57,527A - Playing with Paper,GNU C++,Accepted,31 ms,0 KB
10741792,2015-04-16 17:02:27,535E - Tavas and Pashmaks,GNU C++,Wrong answer on test 43,108 ms,3900 KB
10741781,2015-04-16 17:01:16,535E - Tavas and Pashmaks,GNU C++,Wrong answer on test 3,93 ms,3900 KB
10734435,2015-04-15 20:33:03,535E - Tavas and Pashmaks,GNU C++,Wrong answer on test 43,93 ms,3900 KB
10734383,2015-04-15 20:28:01,535E - Tavas and Pashmaks,GNU C++,Wrong answer on test 41,93 ms,3900 KB
10727630,2015-04-15 10:34:36,535E - Tavas and Pashmaks,GNU C++,Wrong answer on test 3,78 ms,3100 KB
10727611,2015-04-15 10:32:57,535E - Tavas and Pashmaks,GNU C++,Wrong answer on test 1,15 ms,0 KB
10727525,2015-04-15 10:21:17,535E - Tavas and Pashmaks,GNU C++,Wrong answer on test 3,78 ms,3100 KB
10727509,2015-04-15 10:19:39,535E - Tavas and Pashmaks,GNU C++,Wrong answer on test 2,15 ms,0 KB
10727490,2015-04-15 10:17:46,535E - Tavas and Pashmaks,GNU C++,Wrong answer on test 3,93 ms,3100 KB
10718626,2015-04-14 21:16:38,535B - Tavas and SaDDas,GNU C++,Accepted,31 ms,0 KB
10717146,2015-04-14 20:59:03,535E - Tavas and Pashmaks,GNU C++,Wrong answer on pretest 3,108 ms,1600 KB
10716766,2015-04-14 20:54:08,535E - Tavas and Pashmaks,GNU C++,Wrong answer on pretest 3,109 ms,1600 KB
10715657,2015-04-14 20:41:26,535E - Tavas and Pashmaks,GNU C++,Wrong answer on pretest 3,93 ms,1500 KB
10706861,2015-04-14 19:45:17,535A - Tavas and Nafas,GNU C++,Accepted,31 ms,0 KB
10496646,2015-03-28 08:51:48,525D - Arthur and Walls,GNU C++,Wrong answer on test 12,1013 ms,8300 KB
10488702,2015-03-27 14:55:36,4C - Registration System,GNU C++,Accepted,1684 ms,800 KB
10475498,2015-03-26 21:28:28,525D - Arthur and Walls,GNU C++,Wrong answer on pretest 12,1107 ms,8300 KB
10472386,2015-03-26 21:02:14,525E - Anya and Cubes,GNU C++,Wrong answer on test 18,15 ms,600 KB
10466837,2015-03-26 20:17:37,525C - Ilya and Sticks,GNU C++,Wrong answer on pretest 4,31 ms,3900 KB
10465637,2015-03-26 20:09:33,525C - Ilya and Sticks,GNU C++,Wrong answer on pretest 4,15 ms,3900 KB
10463217,2015-03-26 19:54:29,525B - Pasha and String,GNU C++,Accepted,77 ms,1300 KB
10460279,2015-03-26 19:39:21,525A - Vitaliy and Pie,GNU C++,Accepted,31 ms,0 KB
9858804,2015-02-15 15:13:53,337A - Puzzles,GNU C++,Accepted,30 ms,0 KB
9777368,2015-02-09 09:26:36,236A - Boy or Girl,GNU C++,Accepted,60 ms,100 KB
9777351,2015-02-09 09:22:35,339A - Helpful Maths,GNU C++,Accepted,62 ms,0 KB
9524132,2015-01-23 20:05:04,507A - Amr and Music,GNU C++,Time limit exceeded on pretest 7,1000 ms,2300 KB
9369457,2015-01-06 06:27:17,281A - Word Capitalization,GNU C++,Accepted,30 ms,0 KB
8673058,2014-11-12 18:08:11,486B - OR in Matrix,GNU C++,Accepted,31 ms,100 KB
8673026,2014-11-12 18:05:56,486B - OR in Matrix,GNU C++,Wrong answer on test 6,31 ms,100 KB
8672914,2014-11-12 17:57:36,486B - OR in Matrix,GNU C++,Compilation error,0 ms,0 KB
8665855,2014-11-12 02:38:47,486B - OR in Matrix,GNU C++,Wrong answer on test 6,15 ms,100 KB
8665847,2014-11-12 02:36:05,486B - OR in Matrix,GNU C++,Wrong answer on test 6,15 ms,100 KB
8659711,2014-11-11 19:32:47,486B - OR in Matrix,GNU C++,Wrong answer on pretest 6,31 ms,100 KB
8659249,2014-11-11 19:27:20,486B - OR in Matrix,GNU C++,Wrong answer on pretest 6,31 ms,100 KB
8658891,2014-11-11 19:22:37,486B - OR in Matrix,GNU C++,Wrong answer on pretest 6,31 ms,100 KB
8658717,2014-11-11 19:20:29,486B - OR in Matrix,GNU C++,Wrong answer on pretest 6,15 ms,100 KB
8656375,2014-11-11 18:51:55,486B - OR in Matrix,GNU C++,Wrong answer on pretest 6,15 ms,100 KB
8656143,2014-11-11 18:49:12,486B - OR in Matrix,GNU C++,Wrong answer on pretest 6,15 ms,100 KB
8651692,2014-11-11 18:09:44,486A - Calculating Function,GNU C++,Accepted,31 ms,0 KB
8291607,2014-10-18 13:10:22,478B - Random Teams,GNU C++,Accepted,31 ms,0 KB
8291520,2014-10-18 13:01:36,478B - Random Teams,GNU C++,Time limit exceeded on test 17,1000 ms,0 KB
8291494,2014-10-18 12:58:07,478B - Random Teams,GNU C++,Time limit exceeded on test 10,1000 ms,0 KB
8291464,2014-10-18 12:56:04,478B - Random Teams,GNU C++,Wrong answer on test 1,15 ms,0 KB
8291344,2014-10-18 12:44:38,478B - Random Teams,GNU C++,Runtime error on test 7,31 ms,5100 KB
8284342,2014-10-17 19:55:41,478B - Random Teams,GNU C++,Time limit exceeded on test 7,1000 ms,0 KB
8284044,2014-10-17 19:36:31,478B - Random Teams,GNU C++,Wrong answer on test 6,62 ms,0 KB
8283596,2014-10-17 19:04:58,478B - Random Teams,GNU C++,Wrong answer on test 4,15 ms,0 KB
8282836,2014-10-17 18:16:49,478A - Initial Bet,GNU C++,Accepted,343 ms,0 KB
8282813,2014-10-17 18:15:56,478A - Initial Bet,GNU C++,Wrong answer on test 3,312 ms,0 KB
7947779,2014-09-25 18:34:03,467D - Fedor and Essay,GNU C++,Wrong answer on test 25,78 ms,3000 KB
7947717,2014-09-25 18:29:47,467D - Fedor and Essay,GNU C++,Wrong answer on test 25,93 ms,3000 KB
7947503,2014-09-25 18:15:27,467D - Fedor and Essay,GNU C++,Wrong answer on test 8,15 ms,100 KB
7939052,2014-09-24 21:09:56,467D - Fedor and Essay,GNU C++,Memory limit exceeded on test 8,405 ms,262100 KB
7938609,2014-09-24 20:26:27,467C - George and Job,GNU C++,Accepted,233 ms,196500 KB
7938033,2014-09-24 19:31:52,467C - George and Job,GNU C++,Wrong answer on test 5,15 ms,0 KB
7937803,2014-09-24 19:09:48,467B - Fedor and New Game,GNU C++,Accepted,15 ms,0 KB
7937697,2014-09-24 19:01:04,467A - George and Accommodation,GNU C++,Accepted,15 ms,0 KB
7908039,2014-09-22 16:49:49,327A - Flipping Game,GNU C++,Accepted,62 ms,0 KB
7899518,2014-09-21 21:22:39,277A - Learning Languages,GNU C++,Accepted,60 ms,300 KB
7899444,2014-09-21 21:13:38,277A - Learning Languages,GNU C++,Wrong answer on test 4,30 ms,0 KB
7898950,2014-09-21 20:11:45,107A - Dorm Water Supply,GNU C++,Accepted,30 ms,0 KB
7898618,2014-09-21 19:36:59,96A - Football,GNU C++,Accepted,30 ms,0 KB
5096582,2013-11-14 15:14:43,233A - Perfect Permutation,GNU C++,Accepted,30 ms,0 KB
5096484,2013-11-14 14:59:04,285A - Slightly Decreasing Permutations,GNU C++,Accepted,30 ms,0 KB
5096357,2013-11-14 14:43:06,339B - Xenia and Ringroad,GNU C++,Accepted,30 ms,0 KB
5096253,2013-11-14 14:30:06,69A - Young Physicist,GNU C++,Accepted,30 ms,0 KB
5093787,2013-11-14 06:08:49,230B - T-primes,GNU C++,Accepted,404 ms,3900 KB
5093783,2013-11-14 06:08:08,230B - T-primes,GNU C++,Wrong answer on test 1,0 ms,3900 KB
4959056,2013-11-02 04:00:26,236B - Easy Number Challenge,GNU C++,Accepted,748 ms,0 KB
4950168,2013-11-01 14:15:01,236B - Easy Number Challenge,GNU C++,Wrong answer on test 3,30 ms,0 KB
4946114,2013-10-31 19:57:23,230B - T-primes,GNU C++,Wrong answer on test 4,30 ms,0 KB
4946105,2013-10-31 19:55:38,230B - T-primes,GNU C++,Wrong answer on test 3,0 ms,0 KB
4946016,2013-10-31 19:40:06,133B - Unary,GNU C++,Accepted,30 ms,0 KB
4946014,2013-10-31 19:39:44,96A - Football,GNU C++,Wrong answer on test 41,30 ms,0 KB
4946011,2013-10-31 19:39:21,133B - Unary,GNU C++,Wrong answer on test 1,0 ms,0 KB
4945881,2013-10-31 19:17:31,133A - HQ9+,GNU C++,Accepted,30 ms,0 KB
4945829,2013-10-31 19:09:10,133A - HQ9+,GNU C++,Wrong answer on test 3,30 ms,0 KB
4945790,2013-10-31 19:04:18,112A - Petya and Strings,GNU C++,Accepted,30 ms,0 KB
4945765,2013-10-31 18:59:08,282A - Bit++,GNU C++,Accepted,30 ms,0 KB
4945726,2013-10-31 18:54:04,119A - Epic Game,GNU C++,Accepted,30 ms,0 KB
4330947,2013-08-24 09:01:59,131A - cAPS lOCK,GNU C++,Accepted,30 ms,0 KB
4330936,2013-08-24 08:53:25,131A - cAPS lOCK,GNU C++,Wrong answer on test 3,30 ms,0 KB
4285031,2013-08-16 08:45:32,313B - Ilya and Queries,GNU C++,Accepted,156 ms,600 KB
4284510,2013-08-16 06:18:36,266A - Stones on the Table,GNU C++,Accepted,30 ms,0 KB
4280381,2013-08-15 09:12:46,246A - Buggy Sorting,GNU C++,Accepted,30 ms,0 KB
4280356,2013-08-15 08:57:47,230A - Dragons,GNU C++,Accepted,62 ms,200 KB
4278740,2013-08-14 20:49:46,230A - Dragons,GNU C++,Wrong answer on test 10,30 ms,200 KB
4278696,2013-08-14 20:32:26,149A - Business trip,GNU C++,Accepted,30 ms,0 KB
4276260,2013-08-14 11:10:31,160A - Twins,GNU C++,Accepted,30 ms,0 KB
4276089,2013-08-14 10:28:19,231A - Team,GNU C++,Accepted,30 ms,0 KB
4276081,2013-08-14 10:26:56,231A - Team,GNU C++,Runtime error on test 1,0 ms,0 KB
4276038,2013-08-14 10:13:42,116A - Tram,GNU C++,Accepted,62 ms,0 KB
4275894,2013-08-14 09:09:24,50A - Domino piling,GNU C++,Accepted,30 ms,0 KB
4275835,2013-08-14 08:39:59,82A - Double Cola,GNU C++,Accepted,30 ms,0 KB
4275778,2013-08-14 08:11:27,118A - String Task,GNU C++,Accepted,30 ms,0 KB
4275663,2013-08-14 07:21:55,158B - Taxi,GNU C++,Accepted,62 ms,0 KB
4275616,2013-08-14 07:06:11,158B - Taxi,GNU C++,Wrong answer on test 5,0 ms,0 KB
4268140,2013-08-12 10:46:59,335B - Palindrome,GNU C++,Accepted,716 ms,7600 KB
4268132,2013-08-12 10:45:07,335B - Palindrome,GNU C++,Wrong answer on test 12,124 ms,7100 KB
4268071,2013-08-12 10:16:01,335B - Palindrome,GNU C++,Wrong answer on test 12,124 ms,7100 KB
4267914,2013-08-12 08:23:51,4A - Watermelon,GNU C++,Accepted,62 ms,0 KB
4265737,2013-08-11 16:19:12,335B - Palindrome,GNU C++,Time limit exceeded on test 5,2000 ms,171800 KB
4265718,2013-08-11 16:15:06,335B - Palindrome,GNU C++,Wrong answer on test 4,156 ms,6100 KB
4265715,2013-08-11 16:13:24,335B - Palindrome,GNU C++,Wrong answer on test 1,0 ms,100 KB
4265712,2013-08-11 16:12:14,335B - Palindrome,GNU C++,Wrong answer on test 1,0 ms,0 KB
3735160,2013-05-19 05:47:43,158A - Next Round,GNU C++,Accepted,15 ms,0 KB
2453749,2012-10-27 23:11:42,230B - T-primes,GNU C++,Runtime error on test 5,78 ms,3900 KB
2453719,2012-10-27 23:00:53,230B - T-primes,GNU C++0x,Wrong answer on test 5,46 ms,3900 KB
2453568,2012-10-27 22:03:53,148A - Insomnia cure,GNU C++0x,Accepted,31 ms,400 KB
2453354,2012-10-27 20:52:34,148A - Insomnia cure,GNU C++0x,Wrong answer on test 26,31 ms,400 KB
2421136,2012-10-24 15:35:25,122A - Lucky Division,GNU C++0x,Accepted,31 ms,0 KB
636833,2011-08-24 15:17:56,61A - Ultra-Fast Mathematician,FPC,Accepted,30 ms,1000 KB
636829,2011-08-24 15:13:12,107A - Dorm Water Supply,FPC,Wrong answer on test 11,30 ms,1000 KB
407376,2011-04-25 13:55:43,63A - Sinking Ship,FPC,Accepted,30 ms,1100 KB
407228,2011-04-25 07:14:35,41A - Translation,FPC,Accepted,30 ms,1000 KB
406836,2011-04-24 09:14:08,58A - Chat room,FPC,Accepted,30 ms,1000 KB
405568,2011-04-22 17:27:58,1A - Theatre Square,FPC,Accepted,30 ms,1000 KB
405563,2011-04-22 17:18:29,71A - Way Too Long Words,FPC,Accepted,30 ms,1000 KB
405551,2011-04-22 16:58:35,1A - Theatre Square,FPC,Wrong answer on test 16,30 ms,1000 KB
405519,2011-04-22 16:11:55,80A - Panoramix's Prediction,FPC,Accepted,30 ms,1000 KB
405455,2011-04-22 15:25:05,80B - Depression,FPC,Accepted,30 ms,1000 KB
