ID,Timestamp,Problem,Lang,Verdict,Time,Memory,Rank:2607
21939415,2016-10-31 18:43:29,526F - Pudding Monsters,GNU C++11,Runtime error on test 3,15 ms,7800 KB
21938969,2016-10-31 18:39:53,526F - Pudding Monsters,GNU C++11,Runtime error on test 3,0 ms,7800 KB
21918872,2016-10-31 16:49:40,526F - Pudding Monsters,GNU C++11,Wrong answer on test 1,15 ms,7800 KB
21918208,2016-10-31 16:21:59,526F - Pudding Monsters,GNU C++11,Wrong answer on test 3,15 ms,7800 KB
21897737,2016-10-30 21:26:01,292E - Copying Data,GNU C++11,Accepted,810 ms,35200 KB
21897634,2016-10-30 21:19:17,292E - Copying Data,GNU C++11,Wrong answer on test 1,30 ms,35200 KB
21786744,2016-10-26 07:32:31,444C - DZY Loves Colors,GNU C++11,Accepted,1185 ms,39100 KB
21786731,2016-10-26 07:31:31,444C - DZY Loves Colors,GNU C++11,Time limit exceeded on test 24,2000 ms,39100 KB
21777236,2016-10-25 20:30:37,444C - DZY Loves Colors,GNU C++11,Wrong answer on test 14,1793 ms,39100 KB
21777105,2016-10-25 20:24:21,444C - DZY Loves Colors,GNU C++11,Wrong answer on test 14,1700 ms,3900 KB
21777053,2016-10-25 20:21:45,444C - DZY Loves Colors,GNU C++11,Time limit exceeded on test 7,2000 ms,3900 KB
21776986,2016-10-25 20:18:35,444C - DZY Loves Colors,GNU C++11,Wrong answer on test 14,873 ms,3900 KB
21776886,2016-10-25 20:14:12,444C - DZY Loves Colors,GNU C++11,Wrong answer on test 14,1715 ms,3900 KB
21776863,2016-10-25 20:13:15,444C - DZY Loves Colors,GNU C++11,Wrong answer on test 7,171 ms,2000 KB
21750465,2016-10-24 17:51:49,377D - Developing Game,GNU C++11,Accepted,483 ms,30200 KB
21746898,2016-10-24 17:35:04,377D - Developing Game,GNU C++11,Wrong answer on test 14,420 ms,12500 KB
21718009,2016-10-23 20:16:52,438D - The Child and Sequence,GNU C++11,Accepted,3712 ms,10200 KB
21717969,2016-10-23 20:14:40,438D - The Child and Sequence,GNU C++11,Wrong answer on test 3,233 ms,5100 KB
21717715,2016-10-23 19:59:16,438D - The Child and Sequence,GNU C++11,Runtime error on test 1,0 ms,1500 KB
21705218,2016-10-23 12:30:04,730G - Car Repair Shop,GNU C++14,Accepted,15 ms,200 KB
21704633,2016-10-23 12:17:53,730B - Minimum and Maximum,GNU C++14,Accepted,343 ms,0 KB
21704444,2016-10-23 12:14:16,730B - Minimum and Maximum,GNU C++14,Wrong answer on test 1,15 ms,0 KB
21704101,2016-10-23 12:07:09,730B - Minimum and Maximum,GNU C++,Compilation error,0 ms,0 KB
21702707,2016-10-23 11:40:09,730H - Delete Them,GNU C++,Accepted,31 ms,0 KB
21596449,2016-10-19 17:40:14,338E - Optimize!,GNU C++11,Accepted,249 ms,13800 KB
21596017,2016-10-19 17:25:12,338E - Optimize!,GNU C++11,Wrong answer on test 4,249 ms,5900 KB
21595911,2016-10-19 17:22:11,338E - Optimize!,GNU C++11,Wrong answer on test 4,186 ms,5900 KB
21595904,2016-10-19 17:21:38,338E - Optimize!,GNU C++11,Wrong answer on test 1,0 ms,5900 KB
21595332,2016-10-19 17:01:38,338E - Optimize!,GNU C++11,Wrong answer on test 7,171 ms,5900 KB
21595279,2016-10-19 16:59:38,338E - Optimize!,GNU C++11,Wrong answer on test 4,249 ms,6000 KB
21595256,2016-10-19 16:58:52,338E - Optimize!,GNU C++11,Wrong answer on test 4,187 ms,5900 KB
21594806,2016-10-19 16:42:27,338E - Optimize!,GNU C++11,Wrong answer on test 4,187 ms,5900 KB
21537174,2016-10-17 18:45:37,732C - Sanatorium,GNU C++11,Accepted,15 ms,9900 KB
21536938,2016-10-17 18:43:42,732C - Sanatorium,GNU C++11,Wrong answer on pretest 3,31 ms,9900 KB
21535970,2016-10-17 18:36:49,732C - Sanatorium,GNU C++11,Wrong answer on pretest 5,15 ms,2000 KB
21533206,2016-10-17 18:20:17,732B - Cormen --- The Best Friend Of a Man,GNU C++11,Accepted,31 ms,9900 KB
21531937,2016-10-17 18:13:09,732A - Buy a Shovel,GNU C++11,Accepted,31 ms,2000 KB
21530329,2016-10-17 18:05:17,732F - Tourist Reform,GNU C++11,Accepted,2620 ms,77000 KB
21501607,2016-10-16 19:21:14,351D - Jeff and Removing Periods,GNU C++11,Accepted,358 ms,8800 KB
21501315,2016-10-16 19:08:08,351D - Jeff and Removing Periods,GNU C++11,Wrong answer on test 8,15 ms,7100 KB
21500539,2016-10-16 18:32:50,351D - Jeff and Removing Periods,GNU C++11,Wrong answer on test 8,15 ms,7100 KB
21431729,2016-10-14 22:26:55,369E - Valera and Queries,GNU C++11,Accepted,1513 ms,109900 KB
21431681,2016-10-14 22:24:53,369E - Valera and Queries,GNU C++11,Time limit exceeded on test 45,2000 ms,109600 KB
21400659,2016-10-13 13:40:51,242E - XOR on Segment,GNU C++11,Accepted,3992 ms,90900 KB
21400632,2016-10-13 13:39:21,242E - XOR on Segment,GNU C++11,Wrong answer on test 15,1154 ms,51400 KB
21400600,2016-10-13 13:37:27,242E - XOR on Segment,GNU C++11,Wrong answer on test 1,60 ms,70900 KB
21400570,2016-10-13 13:34:13,242E - XOR on Segment,GNU C++11,Wrong answer on test 15,1432 ms,41600 KB
21400554,2016-10-13 13:33:13,242E - XOR on Segment,GNU C++11,Memory limit exceeded on test 1,466 ms,262100 KB
21321083,2016-10-09 17:50:27,643F - Bears and Juice,GNU C++11,Accepted,733 ms,2000 KB
21321019,2016-10-09 17:46:53,643F - Bears and Juice,GNU C++11,Runtime error on test 10,15 ms,2000 KB
21169495,2016-10-03 20:48:31,272E - Dima and Horses,GNU C++11,Runtime error on test 1,0 ms,20500 KB
21169070,2016-10-03 20:34:40,272E - Dima and Horses,GNU C++11,Time limit exceeded on test 41,2000 ms,39800 KB
21169015,2016-10-03 20:33:19,272E - Dima and Horses,GNU C++11,Time limit exceeded on test 13,2000 ms,36900 KB
21049775,2016-09-30 22:54:42,721D - Maxim and Array,GNU C++11,Wrong answer on test 6,546 ms,15700 KB
21049760,2016-09-30 22:53:44,721D - Maxim and Array,GNU C++11,Wrong answer on test 6,498 ms,10200 KB
21013338,2016-09-30 14:35:40,577E - Points on Plane,GNU C++11,Time limit exceeded on test 6,2000 ms,11700 KB
21013302,2016-09-30 14:32:04,577E - Points on Plane,GNU C++11,Wrong answer on test 1,0 ms,11700 KB
20999956,2016-09-29 20:58:41,617E - XOR and Favorite Number,GNU C++11,Time limit exceeded on test 7,4000 ms,54800 KB
20994036,2016-09-29 16:47:33,617E - XOR and Favorite Number,GNU C++11,Wrong answer on test 7,1170 ms,54800 KB
20994017,2016-09-29 16:47:05,617E - XOR and Favorite Number,GNU C++11,Compilation error,0 ms,0 KB
20993974,2016-09-29 16:45:59,617E - XOR and Favorite Number,GNU C++11,Wrong answer on test 7,904 ms,31300 KB
20993946,2016-09-29 16:44:47,617E - XOR and Favorite Number,GNU C++11,Wrong answer on test 7,904 ms,27400 KB
20993907,2016-09-29 16:43:30,617E - XOR and Favorite Number,GNU C++11,Wrong answer on test 7,888 ms,27400 KB
20987087,2016-09-29 11:56:10,400E - Inna and Binary Logic,GNU C++11,Accepted,2417 ms,16800 KB
20987072,2016-09-29 11:55:27,400E - Inna and Binary Logic,GNU C++11,Compilation error,0 ms,0 KB
20987045,2016-09-29 11:54:09,400E - Inna and Binary Logic,GNU C++11,Wrong answer on test 3,468 ms,13500 KB
20985646,2016-09-29 10:31:51,400E - Inna and Binary Logic,GNU C++11,Runtime error on test 2,0 ms,200 KB
20474850,2016-09-09 11:56:14,620E - New Year Tree,GNU C++11,Wrong answer on test 11,15 ms,101800 KB
20474301,2016-09-09 11:22:14,620E - New Year Tree,GNU C++11,Wrong answer on test 4,15 ms,101800 KB
20474287,2016-09-09 11:21:26,620E - New Year Tree,GNU C++11,Compilation error,0 ms,0 KB
20474277,2016-09-09 11:20:52,620E - New Year Tree,GNU C++11,Compilation error,0 ms,0 KB
20474065,2016-09-09 11:07:23,620E - New Year Tree,GNU C++11,Wrong answer on test 4,15 ms,90000 KB
20169670,2016-08-26 10:01:33,343D - Water Tree,GNU C++11,Accepted,1653 ms,80300 KB
20169656,2016-08-26 10:00:43,343D - Water Tree,GNU C++11,Wrong answer on test 1,15 ms,49000 KB
19155052,2016-07-15 17:00:53,12D - Ball,GNU C++11,Accepted,1138 ms,43600 KB
19155001,2016-07-15 16:58:34,12D - Ball,GNU C++11,Time limit exceeded on test 47,2000 ms,43600 KB
19154755,2016-07-15 16:44:49,12D - Ball,GNU C++11,Wrong answer on test 3,93 ms,31300 KB
19154658,2016-07-15 16:39:48,12D - Ball,GNU C++11,Wrong answer on test 6,15 ms,31300 KB
19154540,2016-07-15 16:33:44,12D - Ball,GNU C++11,Wrong answer on test 4,31 ms,31300 KB
19154263,2016-07-15 16:18:55,12D - Ball,GNU C++11,Wrong answer on test 2,15 ms,31300 KB
19154210,2016-07-15 16:16:45,12D - Ball,GNU C++11,Wrong answer on test 2,15 ms,31300 KB
19147693,2016-07-15 11:24:44,691F - Couple Cover,GNU C++11,Accepted,1153 ms,105700 KB
19147619,2016-07-15 11:22:09,691F - Couple Cover,GNU C++11,Wrong answer on test 14,2558 ms,105700 KB
19146964,2016-07-15 10:56:05,691F - Couple Cover,GNU C++11,Wrong answer on test 14,2276 ms,82200 KB
19146753,2016-07-15 10:49:05,691F - Couple Cover,GNU C++11,Time limit exceeded on test 14,3000 ms,121300 KB
19146648,2016-07-15 10:45:22,691F - Couple Cover,GNU C++11,Wrong answer on test 14,1778 ms,121300 KB
19146507,2016-07-15 10:39:20,691F - Couple Cover,GNU C++11,Time limit exceeded on test 16,3000 ms,148800 KB
19146446,2016-07-15 10:37:00,691F - Couple Cover,GNU C++11,Wrong answer on test 14,2745 ms,133100 KB
19133180,2016-07-14 22:24:39,697E - PLEASE,GNU C++11,Accepted,655 ms,0 KB
19131382,2016-07-14 21:39:53,697E - PLEASE,GNU C++11,Time limit exceeded on test 28,1000 ms,0 KB
19129794,2016-07-14 21:25:04,697B - Barnicle,GNU C++11,Accepted,15 ms,27400 KB
19129115,2016-07-14 21:18:41,697B - Barnicle,GNU C++11,Wrong answer on hack 1,15 ms,27400 KB
19128620,2016-07-14 21:14:26,697B - Barnicle,GNU C++11,Wrong answer on hack 1,30 ms,27400 KB
19128332,2016-07-14 21:11:46,697B - Barnicle,GNU C++11,Wrong answer on pretest 3,15 ms,27400 KB
19122419,2016-07-14 20:24:48,697A - Pineapple Incident,GNU C++11,Accepted,30 ms,27400 KB
19121175,2016-07-14 20:17:33,697B - Barnicle,GNU C++11,Hacked,15 ms,27400 KB
19120947,2016-07-14 20:16:11,697B - Barnicle,GNU C++11,Wrong answer on pretest 2,15 ms,27400 KB
19118150,2016-07-14 20:01:26,697D - Puzzles,GNU C++11,Accepted,702 ms,33700 KB
19078982,2016-07-13 19:13:26,691A - Fashion in Berland,GNU C++11,Wrong answer on test 14,15 ms,0 KB
19013804,2016-07-10 20:27:10,367E - Sereja and Intervals,GNU C++11,Accepted,233 ms,9500 KB
19013646,2016-07-10 20:17:41,367E - Sereja and Intervals,GNU C++11,Wrong answer on test 13,265 ms,1700 KB
19013596,2016-07-10 20:14:33,367E - Sereja and Intervals,GNU C++11,Wrong answer on test 13,108 ms,1700 KB
18989891,2016-07-09 20:39:38,466D - Increase Sequence,GNU C++11,Accepted,62 ms,31400 KB
18989623,2016-07-09 20:13:43,466D - Increase Sequence,GNU C++11,Wrong answer on test 7,15 ms,31400 KB
18987321,2016-07-09 17:02:43,466C - Number of Ways,GNU C++11,Wrong answer on test 24,1185 ms,15700 KB
18985468,2016-07-09 15:13:34,559C - Gerald and Giant Chess,GNU C++11,Accepted,1824 ms,15700 KB
18971081,2016-07-08 17:02:55,689E - Mike and Geometry Problem,GNU C++11,Accepted,1591 ms,37500 KB
18949419,2016-07-07 13:48:00,414B - Mashmokh and ACM,GNU C++11,Accepted,109 ms,15900 KB
18889161,2016-07-04 23:37:44,660E - Different Subsets For All Tuples,GNU C++11,Accepted,46 ms,15700 KB
18880859,2016-07-04 12:58:38,598E - Chocolate Bar,GNU C++11,Accepted,264 ms,500 KB
18867208,2016-07-03 14:54:02,257D - Sum,GNU C++11,Accepted,530 ms,8800 KB
18846098,2016-07-01 23:52:12,687C - The Values You Can Make,GNU C++11,Accepted,31 ms,100 KB
18846083,2016-07-01 23:51:08,687C - The Values You Can Make,GNU C++11,Runtime error on test 5,15 ms,100 KB
18846068,2016-07-01 23:49:39,687C - The Values You Can Make,GNU C++11,Wrong answer on test 1,0 ms,100 KB
18809003,2016-06-29 22:48:22,688D - Remainders Game,GNU C++11,Accepted,811 ms,0 KB
18799152,2016-06-29 20:58:46,688D - Remainders Game,GNU C++11,Time limit exceeded on test 31,1000 ms,0 KB
18797524,2016-06-29 20:49:06,688D - Remainders Game,GNU C++11,Wrong answer on pretest 4,15 ms,0 KB
18793730,2016-06-29 20:30:47,688A - Opponents,GNU C++11,Accepted,15 ms,0 KB
18791049,2016-06-29 20:20:11,688B - Lovely Palindromes,GNU C++11,Accepted,31 ms,19800 KB
18789305,2016-06-29 20:15:18,688C - NP-Hard Problem,GNU C++11,Accepted,498 ms,25800 KB
18750357,2016-06-27 13:34:58,433C - Ryouko's Memory Note,GNU C++11,Accepted,249 ms,16000 KB
18750263,2016-06-27 13:29:15,433C - Ryouko's Memory Note,GNU C++11,Wrong answer on test 4,15 ms,11800 KB
18604669,2016-06-19 23:05:31,540E - Infinite Inversions,GNU C++11,Accepted,686 ms,34300 KB
18604620,2016-06-19 23:01:58,540E - Infinite Inversions,GNU C++11,Wrong answer on test 3,15 ms,7800 KB
18586381,2016-06-18 23:06:51,668D - Little Artem and Time Machine,GNU C++11,Accepted,561 ms,64300 KB
18576557,2016-06-18 13:14:39,652D - Nested Segments,GNU C++11,Accepted,545 ms,57600 KB
18566350,2016-06-18 00:30:15,212E - IT Restaurants,GNU C++11,Accepted,31 ms,5100 KB
18539972,2016-06-17 12:31:07,212E - IT Restaurants,GNU C++11,Time limit exceeded on test 11,1500 ms,25700 KB
18539834,2016-06-17 12:23:01,212E - IT Restaurants,GNU C++11,Time limit exceeded on test 11,1500 ms,37600 KB
18539604,2016-06-17 12:07:33,212E - IT Restaurants,GNU C++11,Time limit exceeded on test 11,1500 ms,29800 KB
18538930,2016-06-17 11:21:13,212E - IT Restaurants,GNU C++11,Time limit exceeded on test 11,1500 ms,21900 KB
18538865,2016-06-17 11:17:32,212E - IT Restaurants,GNU C++11,Time limit exceeded on test 11,1500 ms,21900 KB
18538833,2016-06-17 11:14:52,212E - IT Restaurants,GNU C++11,Wrong answer on test 4,15 ms,21500 KB
18538795,2016-06-17 11:12:36,212E - IT Restaurants,GNU C++11,Wrong answer on test 1,15 ms,21500 KB
18532725,2016-06-17 02:08:21,479E - Riding in a Lift,GNU C++11,Accepted,576 ms,100 KB
18532494,2016-06-17 01:42:05,479E - Riding in a Lift,GNU C++11,Wrong answer on test 9,46 ms,100 KB
18532337,2016-06-17 01:18:36,479E - Riding in a Lift,GNU C++11,Wrong answer on test 5,15 ms,100 KB
18531845,2016-06-17 00:34:50,368E - Sereja and the Arrangement of Numbers,GNU C++11,Accepted,374 ms,15700 KB
18531833,2016-06-17 00:33:49,368E - Sereja and the Arrangement of Numbers,GNU C++11,Wrong answer on test 3,0 ms,15700 KB
18482309,2016-06-15 00:54:29,612E - Square Root of Permutation,GNU C++11,Accepted,1076 ms,42000 KB
18482252,2016-06-15 00:51:43,612E - Square Root of Permutation,GNU C++11,Time limit exceeded on test 17,2000 ms,42000 KB
18482229,2016-06-15 00:49:52,612E - Square Root of Permutation,GNU C++11,Runtime error on test 16,717 ms,6900 KB
18482118,2016-06-15 00:45:03,612E - Square Root of Permutation,GNU C++11,Wrong answer on test 4,0 ms,4100 KB
18480813,2016-06-14 23:40:56,192E - Fools and Roads,GNU C++11,Accepted,1808 ms,27700 KB
18479599,2016-06-14 22:59:32,681D - Gifts by the List,GNU C++11,Accepted,717 ms,38400 KB
18479498,2016-06-14 22:57:14,681D - Gifts by the List,GNU C++11,Wrong answer on test 4,15 ms,30400 KB
18401107,2016-06-13 00:52:38,260D - Black and White Tree,GNU C++11,Wrong answer on test 28,327 ms,4900 KB
18401102,2016-06-13 00:52:11,260D - Black and White Tree,GNU C++11,Wrong answer on test 3,15 ms,2000 KB
18400760,2016-06-13 00:28:01,260D - Black and White Tree,GNU C++11,Wrong answer on test 26,265 ms,4900 KB
18400433,2016-06-13 00:03:19,260D - Black and White Tree,GNU C++11,Wrong answer on test 2,15 ms,2000 KB
18381226,2016-06-11 23:56:37,406D - Hill Climbing,GNU C++11,Accepted,374 ms,20200 KB
18381177,2016-06-11 23:51:27,406D - Hill Climbing,GNU C++11,Time limit exceeded on test 9,1000 ms,20100 KB
18380313,2016-06-11 22:26:45,575B - Bribes,GNU C++11,Accepted,530 ms,35500 KB
18380196,2016-06-11 22:14:45,575B - Bribes,GNU C++11,Time limit exceeded on test 6,1000 ms,30200 KB
18380171,2016-06-11 22:13:00,575B - Bribes,GNU C++11,Time limit exceeded on test 6,1000 ms,30200 KB
18380130,2016-06-11 22:10:24,575B - Bribes,GNU C++11,Wrong answer on test 2,950 ms,30000 KB
18380114,2016-06-11 22:08:45,575B - Bribes,GNU C++11,Time limit exceeded on test 2,1000 ms,29600 KB
18380005,2016-06-11 21:59:56,575B - Bribes,GNU C++11,Memory limit exceeded on test 1,124 ms,262100 KB
18379995,2016-06-11 21:59:12,575B - Bribes,GNU C++11,Memory limit exceeded on test 1,108 ms,262100 KB
18379969,2016-06-11 21:57:15,575B - Bribes,GNU C++11,Memory limit exceeded on test 1,109 ms,262100 KB
18379894,2016-06-11 21:51:25,575B - Bribes,GNU C++11,Time limit exceeded on test 2,1000 ms,55700 KB
18379830,2016-06-11 21:46:52,575B - Bribes,GNU C++11,Time limit exceeded on test 2,1000 ms,55600 KB
18375600,2016-06-11 16:54:19,575B - Bribes,GNU C++11,Time limit exceeded on test 2,1000 ms,58600 KB
18375460,2016-06-11 16:42:50,575B - Bribes,GNU C++11,Time limit exceeded on test 2,1000 ms,63300 KB
18371286,2016-06-11 11:52:54,575B - Bribes,GNU C++11,Time limit exceeded on test 2,1000 ms,63300 KB
18371273,2016-06-11 11:52:02,575B - Bribes,GNU C++11,Time limit exceeded on test 2,1000 ms,58600 KB
18371235,2016-06-11 11:49:38,575B - Bribes,GNU C++11,Memory limit exceeded on test 1,265 ms,262100 KB
18217735,2016-06-02 16:49:02,543D - Road Improvement,GNU C++11,Accepted,560 ms,51700 KB
18217707,2016-06-02 16:47:54,543D - Road Improvement,GNU C++11,Wrong answer on test 5,15 ms,37300 KB
18216806,2016-06-02 15:52:12,543D - Road Improvement,GNU C++11,Wrong answer on test 10,468 ms,34600 KB
18216785,2016-06-02 15:51:05,543D - Road Improvement,GNU C++11,Wrong answer on test 5,15 ms,29500 KB
18166988,2016-05-31 13:32:16,638C - Road Improvement,GNU C++11,Accepted,529 ms,62200 KB
18166975,2016-05-31 13:31:16,638C - Road Improvement,GNU C++11,Runtime error on test 12,15 ms,2000 KB
18146498,2016-05-29 15:04:30,615D - Multipliers,GNU C++11,Runtime error on test 35,124 ms,2300 KB
18146327,2016-05-29 14:50:25,615D - Multipliers,GNU C++11,Runtime error on test 35,124 ms,2200 KB
18145025,2016-05-29 14:15:32,615D - Multipliers,GNU C++11,Wrong answer on test 3,15 ms,2200 KB
18144878,2016-05-29 14:02:14,615D - Multipliers,GNU C++11,Wrong answer on test 1,15 ms,2000 KB
18144715,2016-05-29 13:46:23,615D - Multipliers,GNU C++11,Wrong answer on test 21,139 ms,2200 KB
18144522,2016-05-29 13:28:10,615D - Multipliers,GNU C++11,Wrong answer on test 21,109 ms,2200 KB
18008203,2016-05-20 19:51:10,660D - Number of Parallelograms,GNU C++11,Accepted,3431 ms,205900 KB
18004305,2016-05-20 15:07:18,607B - Zuma,GNU C++11,Accepted,93 ms,80500 KB
18002908,2016-05-20 13:13:15,455A - Boredom,GNU C++11,Accepted,296 ms,49200 KB
17996961,2016-05-19 23:11:29,546D - Soldier and Number Game,GNU C++11,Accepted,2089 ms,119600 KB
17996946,2016-05-19 23:09:44,546D - Soldier and Number Game,GNU C++11,Time limit exceeded on test 3,3000 ms,119500 KB
17996620,2016-05-19 22:33:35,519E - A and B and Lecture Rooms,GNU C++11,Accepted,1341 ms,189900 KB
17991537,2016-05-19 16:14:27,35D - Animals,GNU C++11,Accepted,30 ms,2300 KB
17949917,2016-05-16 20:55:48,675C - Money Transfers,GNU C++11,Accepted,295 ms,7700 KB
17948301,2016-05-16 20:42:40,675C - Money Transfers,GNU C++11,Wrong answer on pretest 4,15 ms,3700 KB
17946173,2016-05-16 20:27:12,675B - Restoring Painting,GNU C++11,Accepted,15 ms,2200 KB
17944332,2016-05-16 20:15:30,675A - Infinite Sequence,GNU C++11,Accepted,31 ms,2200 KB
17942782,2016-05-16 20:06:44,675D - Tree Construction,GNU C++11,Accepted,639 ms,6900 KB
17871273,2016-05-12 10:05:58,672C - Recycling Bottles,GNU C++11,Wrong answer on test 46,1435 ms,13100 KB
17871230,2016-05-12 10:02:35,672C - Recycling Bottles,GNU C++11,Wrong answer on test 46,592 ms,12700 KB
17860931,2016-05-11 21:22:00,672C - Recycling Bottles,GNU C++11,Wrong answer on test 50,592 ms,9300 KB
17856943,2016-05-11 20:42:50,672C - Recycling Bottles,GNU C++11,Skipped,483 ms,9200 KB
17856657,2016-05-11 20:39:59,672C - Recycling Bottles,GNU C++11,Compilation error,0 ms,0 KB
17851839,2016-05-11 20:00:20,672A - Summer Camp,GNU C++11,Accepted,15 ms,2200 KB
17849358,2016-05-11 19:48:42,672B - Different is Good,GNU C++11,Accepted,15 ms,2300 KB
17293457,2016-04-12 20:36:21,656A - Da Vinci Powers,GNU C++11,Accepted,15 ms,0 KB
17118316,2016-04-01 22:24:36,656A - Da Vinci Powers,GNU C++11,Wrong answer on test 3,0 ms,2200 KB
17098839,2016-04-01 19:16:21,656D - Rosetta Problem,GNU C++11,Wrong answer on test 2,0 ms,2000 KB
17096963,2016-04-01 19:08:31,656A - Da Vinci Powers,GNU C++11,Wrong answer on test 3,15 ms,2000 KB
17096537,2016-04-01 19:07:06,656A - Da Vinci Powers,GNU C++11,Wrong answer on test 3,15 ms,2000 KB
17095320,2016-04-01 19:03:48,656A - Da Vinci Powers,GNU C++11,Wrong answer on test 3,15 ms,2000 KB
17094410,2016-04-01 19:01:56,656A - Da Vinci Powers,GNU C++11,Wrong answer on test 3,0 ms,2000 KB
17054143,2016-03-30 20:51:12,659A - Round House,GNU C++11,Accepted,15 ms,2200 KB
17051989,2016-03-30 20:31:28,659B - Qualifying Contest,GNU C++11,Accepted,483 ms,20200 KB
17049463,2016-03-30 20:11:31,659D - Bicycle Race,GNU C++11,Accepted,15 ms,2200 KB
17048080,2016-03-30 20:02:19,659E - New Reform,GNU C++11,Accepted,421 ms,23800 KB
17047411,2016-03-30 19:58:03,659E - New Reform,GNU C++11,Wrong answer on pretest 8,280 ms,20200 KB
17047084,2016-03-30 19:55:57,659E - New Reform,GNU C++11,Wrong answer on pretest 8,280 ms,20200 KB
17041754,2016-03-30 19:26:39,659A - Round House,GNU C++11,Hacked,15 ms,2000 KB
17039266,2016-03-30 19:15:25,659C - Tanya and Toys,GNU C++11,Wrong answer on test 41,124 ms,5700 KB
17008601,2016-03-28 22:20:18,658C - Bear and Forgotten Tree 3,GNU C++11,Accepted,124 ms,2200 KB
16998145,2016-03-28 20:25:06,658A - Bear and Reverse Radewoosh,GNU C++11,Accepted,15 ms,9900 KB
16996209,2016-03-28 20:12:31,658B - Bear and Displayed Friends,GNU C++11,Accepted,1013 ms,10100 KB
16994635,2016-03-28 20:02:23,658B - Bear and Displayed Friends,GNU C++11,Wrong answer on pretest 5,15 ms,9900 KB
16992775,2016-03-28 19:51:38,658C - Bear and Forgotten Tree 3,GNU C++11,Hacked,108 ms,2000 KB
16961043,2016-03-26 21:57:15,427C - Checkposts,GNU C++11,Accepted,1372 ms,60400 KB
16960989,2016-03-26 21:53:10,427C - Checkposts,GNU C++11,Wrong answer on test 18,576 ms,51700 KB
16960011,2016-03-26 20:35:19,653E - Bear and Forgotten Tree 2,GNU C++11,Accepted,1996 ms,67300 KB
16959995,2016-03-26 20:33:43,653E - Bear and Forgotten Tree 2,GNU C++11,Compilation error,0 ms,0 KB
16959941,2016-03-26 20:30:06,653E - Bear and Forgotten Tree 2,GNU C++11,Wrong answer on test 4,15 ms,2000 KB
16931533,2016-03-25 18:11:28,456B - Fedya and Maths,GNU C++11,Accepted,31 ms,2300 KB
16930782,2016-03-25 17:52:25,230B - T-primes,GNU C++11,Accepted,1152 ms,10000 KB
16883769,2016-03-23 12:47:24,573C - Bear and Drawing,GNU C++11,Wrong answer on test 4,15 ms,34300 KB
16883721,2016-03-23 12:44:02,573C - Bear and Drawing,GNU C++11,Wrong answer on test 5,15 ms,34300 KB
16877312,2016-03-22 22:45:40,573C - Bear and Drawing,GNU C++11,Judgement failed,0 ms,0 KB
16876830,2016-03-22 21:56:40,573C - Bear and Drawing,GNU C++11,Judgement failed,0 ms,0 KB
16876772,2016-03-22 21:52:22,573C - Bear and Drawing,GNU C++11,Judgement failed,0 ms,0 KB
16728284,2016-03-15 16:55:19,377A - Maze,GNU C++11,Accepted,187 ms,23400 KB
16724112,2016-03-15 09:55:09,635C - XOR Equation,GNU C++11,Accepted,15 ms,0 KB
16688892,2016-03-13 12:18:07,87D - Beautiful Road,GNU C++11,Wrong answer on test 6,30 ms,43100 KB
16586252,2016-03-07 18:16:26,609E - Minimum spanning tree for each edge,GNU C++11,Accepted,873 ms,145800 KB
16586215,2016-03-07 18:15:14,609E - Minimum spanning tree for each edge,GNU C++11,Memory limit exceeded on test 1,15 ms,262100 KB
16586192,2016-03-07 18:14:05,609E - Minimum spanning tree for each edge,GNU C++11,Runtime error on test 19,795 ms,52800 KB
16586143,2016-03-07 18:12:13,609E - Minimum spanning tree for each edge,GNU C++11,Wrong answer on test 5,15 ms,18400 KB
16586089,2016-03-07 18:09:54,519E - A and B and Lecture Rooms,GNU C++11,Wrong answer on test 1,15 ms,18400 KB
16583980,2016-03-07 17:08:12,609E - Minimum spanning tree for each edge,GNU C++11,Wrong answer on test 4,15 ms,18400 KB
16583947,2016-03-07 17:07:21,609E - Minimum spanning tree for each edge,GNU C++11,Wrong answer on test 1,0 ms,18400 KB
16577989,2016-03-07 13:59:42,651E - Table Compression,GNU C++11,Wrong answer on pretest 15,3588 ms,216200 KB
16576629,2016-03-07 13:47:15,651E - Table Compression,GNU C++11,Wrong answer on pretest 15,3415 ms,151500 KB
16573753,2016-03-07 13:22:27,651D - Image Preview,GNU C++11,Accepted,109 ms,5900 KB
16571310,2016-03-07 13:06:10,651D - Image Preview,GNU C++11,Wrong answer on pretest 7,15 ms,3900 KB
16568942,2016-03-07 12:53:38,651D - Image Preview,GNU C++11,Wrong answer on pretest 7,15 ms,1600 KB
16565958,2016-03-07 12:40:53,651C - Watchmen,GNU C++11,Accepted,638 ms,21000 KB
16564966,2016-03-07 12:36:53,651B - Beautiful Paintings,GNU C++11,Accepted,31 ms,0 KB
16563524,2016-03-07 12:31:44,651A - Joysticks,GNU C++11,Accepted,15 ms,0 KB
16468932,2016-03-02 19:34:31,466E - Information Graph,GNU C++11,Accepted,436 ms,24200 KB
16426282,2016-02-29 16:03:45,466E - Information Graph,GNU C++11,Wrong answer on test 17,436 ms,73800 KB
16415978,2016-02-28 23:04:46,635C - XOR Equation,GNU C++11,Wrong answer on pretest 2,15 ms,0 KB
16407548,2016-02-28 21:03:09,466E - Information Graph,GNU C++11,Wrong answer on test 17,436 ms,74200 KB
16407310,2016-02-28 20:51:47,466E - Information Graph,GNU C++11,Wrong answer on test 17,452 ms,74200 KB
16407298,2016-02-28 20:50:31,466E - Information Graph,GNU C++11,Wrong answer on test 1,30 ms,68500 KB
16389750,2016-02-27 21:12:35,118E - Bertown roads,GNU C++11,Accepted,1682 ms,52800 KB
16388623,2016-02-27 20:25:49,118E - Bertown roads,GNU C++11,Wrong answer on test 7,62 ms,36200 KB
16388570,2016-02-27 20:23:38,118E - Bertown roads,GNU C++11,Wrong answer on test 7,62 ms,36200 KB
16378429,2016-02-27 12:50:36,547D - Mike and Fish,GNU C++11,Accepted,998 ms,136900 KB
16334740,2016-02-25 20:05:10,402E - Strictly Positive Matrix,GNU C++11,Accepted,670 ms,59300 KB
16247080,2016-02-20 21:34:34,629C - Famil Door and Brackets,GNU C++11,Wrong answer on pretest 4,77 ms,70500 KB
16246916,2016-02-20 21:33:41,629C - Famil Door and Brackets,GNU C++11,Wrong answer on pretest 1,61 ms,70400 KB
16245671,2016-02-20 21:21:53,629C - Famil Door and Brackets,GNU C++11,Wrong answer on pretest 4,78 ms,70500 KB
16245052,2016-02-20 21:14:34,629A - Far Relative’s Birthday Cake,GNU C++11,Accepted,15 ms,15700 KB
16244523,2016-02-20 21:08:51,629C - Famil Door and Brackets,GNU C++11,Wrong answer on pretest 4,77 ms,70500 KB
16244170,2016-02-20 21:04:31,629C - Famil Door and Brackets,GNU C++11,Wrong answer on pretest 4,78 ms,70500 KB
16241723,2016-02-20 20:35:07,629C - Famil Door and Brackets,GNU C++11,Wrong answer on pretest 4,78 ms,70500 KB
16206204,2016-02-19 18:35:58,628A - Tennis Tournament,GNU C++11,Accepted,15 ms,0 KB
16205714,2016-02-19 18:30:44,628B - New Skateboard,GNU C++11,Accepted,15 ms,1000 KB
16205062,2016-02-19 18:24:18,628C - Bear and String Distance,GNU C++11,Wrong answer on test 37,31 ms,400 KB
16204802,2016-02-19 18:21:51,628C - Bear and String Distance,GNU C++11,Wrong answer on test 3,15 ms,0 KB
16197720,2016-02-19 13:32:36,626E - Simple Skewness,GNU C++11,Wrong answer on test 7,1310 ms,15700 KB
16197589,2016-02-19 13:23:02,626E - Simple Skewness,GNU C++11,Wrong answer on test 1,0 ms,15700 KB
16197543,2016-02-19 13:20:16,626E - Simple Skewness,GNU C++11,Wrong answer on test 7,1372 ms,15700 KB
16197237,2016-02-19 12:57:47,626E - Simple Skewness,GNU C++11,Wrong answer on test 8,1950 ms,15700 KB
16197200,2016-02-19 12:55:35,626E - Simple Skewness,GNU C++11,Wrong answer on test 1,15 ms,15700 KB
16197156,2016-02-19 12:53:19,626E - Simple Skewness,GNU C++11,Wrong answer on test 8,1918 ms,15700 KB
16197109,2016-02-19 12:50:38,626E - Simple Skewness,GNU C++11,Wrong answer on test 1,15 ms,15700 KB
16176721,2016-02-18 20:19:24,630G - Challenge Pennants,GNU C++11,Accepted,15 ms,0 KB
16175903,2016-02-18 20:14:03,630I - Parking Lot,GNU C++11,Accepted,15 ms,0 KB
16175576,2016-02-18 20:11:54,630I - Parking Lot,GNU C++11,Wrong answer on test 6,15 ms,0 KB
16174451,2016-02-18 20:04:52,630I - Parking Lot,GNU C++11,Wrong answer on test 2,15 ms,0 KB
16170926,2016-02-18 19:44:15,630B - Moore's Law,GNU C++11,Accepted,15 ms,0 KB
16169616,2016-02-18 19:37:08,630L - Cracking the Code,GNU C++11,Accepted,15 ms,0 KB
16168594,2016-02-18 19:31:37,630L - Cracking the Code,GNU C++11,Wrong answer on test 5,15 ms,0 KB
16165949,2016-02-18 19:18:07,630F - Selection of Personnel,GNU C++11,Accepted,15 ms,0 KB
16163768,2016-02-18 19:06:32,630N - Forecast,GNU C++11,Accepted,15 ms,0 KB
16162243,2016-02-18 18:59:19,630H - Benches,GNU C++11,Accepted,15 ms,0 KB
16160703,2016-02-18 18:54:47,630H - Benches,GNU C++11,Wrong answer on test 2,15 ms,0 KB
16157498,2016-02-18 18:47:37,630E - A rectangle,GNU C++11,Accepted,15 ms,0 KB
16153214,2016-02-18 18:37:22,630R - Game,GNU C++11,Accepted,15 ms,0 KB
16152064,2016-02-18 18:32:37,630K - Indivisibility,GNU C++11,Accepted,0 ms,0 KB
16148548,2016-02-18 18:18:57,630D - Hexagons!,GNU C++11,Accepted,15 ms,0 KB
16147923,2016-02-18 18:16:37,630C - Lucky Numbers,GNU C++11,Accepted,15 ms,0 KB
16146309,2016-02-18 18:10:41,630J - Divisibility,GNU C++11,Accepted,15 ms,0 KB
16145511,2016-02-18 18:07:49,630A - Again Twenty Five!,GNU C++11,Accepted,15 ms,0 KB
16140785,2016-02-18 15:02:17,626E - Simple Skewness,GNU C++11,Wrong answer on test 7,1310 ms,15700 KB
16139720,2016-02-18 13:39:40,626E - Simple Skewness,GNU C++11,Wrong answer on test 7,1372 ms,15700 KB
16138998,2016-02-18 12:34:16,230E - Triangles,GNU C++11,Accepted,904 ms,7800 KB
16138885,2016-02-18 12:23:37,230E - Triangles,GNU C++11,Time limit exceeded on test 10,2000 ms,7800 KB
16138858,2016-02-18 12:21:08,230E - Triangles,GNU C++11,Time limit exceeded on test 10,2000 ms,7800 KB
16036050,2016-02-15 18:57:43,626E - Simple Skewness,GNU C++11,Wrong answer on test 8,124 ms,15700 KB
15976177,2016-02-12 21:13:53,158B - Taxi,GNU C++11,Wrong answer on test 8,30 ms,0 KB
15976074,2016-02-12 21:07:32,231A - Team,GNU C++11,Accepted,30 ms,0 KB
15976064,2016-02-12 21:07:01,231A - Team,GNU C++11,Wrong answer on test 1,0 ms,0 KB
15976005,2016-02-12 21:03:18,50A - Domino piling,GNU C++11,Accepted,30 ms,0 KB
15952109,2016-02-11 10:44:14,584D - Dima and Lisa,GNU C++11,Accepted,15 ms,0 KB
15951603,2016-02-11 09:58:35,622D - Optimal Number Permutation,GNU C++11,Accepted,561 ms,15700 KB
15951581,2016-02-11 09:56:46,622D - Optimal Number Permutation,GNU C++11,Wrong answer on test 5,15 ms,15700 KB
15951576,2016-02-11 09:55:49,622D - Optimal Number Permutation,GNU C++11,Wrong answer on test 4,15 ms,15700 KB
15951549,2016-02-11 09:53:28,622D - Optimal Number Permutation,GNU C++11,Wrong answer on test 3,15 ms,15700 KB
15951542,2016-02-11 09:53:05,622F - The Sum of the k-th Powers,GNU C++11,Wrong answer on test 1,0 ms,15700 KB
15951244,2016-02-11 09:26:16,622A - Infinite Sequence,GNU C++11,Accepted,30 ms,15700 KB
15951212,2016-02-11 09:23:24,622B - The Time,GNU C++11,Accepted,15 ms,15700 KB
15951150,2016-02-11 09:18:05,622C - Not Equal on a Segment,GNU C++11,Accepted,561 ms,15700 KB
15951125,2016-02-11 09:15:46,622C - Not Equal on a Segment,GNU C++11,Wrong answer on test 2,0 ms,15700 KB
15950826,2016-02-11 08:49:10,622E - Ants in Leaves,GNU C++11,Accepted,873 ms,63400 KB
15950800,2016-02-11 08:46:57,622E - Ants in Leaves,GNU C++11,Time limit exceeded on test 19,2000 ms,32100 KB
15883484,2016-02-07 20:45:54,31D - Chocolate,GNU C++11,Wrong answer on test 5,30 ms,8800 KB
15881996,2016-02-07 19:33:00,31C - Schedule,GNU C++11,Accepted,248 ms,27600 KB
15881977,2016-02-07 19:32:21,31C - Schedule,GNU C++11,Runtime error on test 6,30 ms,100 KB
15881946,2016-02-07 19:31:23,31C - Schedule,GNU C++11,Wrong answer on test 1,30 ms,100 KB
15881555,2016-02-07 19:14:55,31B - Sysadmin Bob,GNU C++11,Accepted,15 ms,0 KB
15881479,2016-02-07 19:11:39,31B - Sysadmin Bob,GNU C++11,Wrong answer on test 5,15 ms,0 KB
15881462,2016-02-07 19:10:54,31B - Sysadmin Bob,GNU C++11,Wrong answer on test 2,15 ms,0 KB
15880246,2016-02-07 18:59:35,31C - Schedule,GNU C++11,Wrong answer on test 4,30 ms,100 KB
15879697,2016-02-07 18:38:33,31A - Worms Evolution,GNU C++11,Accepted,30 ms,0 KB
15879641,2016-02-07 18:36:34,31A - Worms Evolution,GNU C++11,Wrong answer on test 38,30 ms,0 KB
15867263,2016-02-07 13:21:55,625A - Guest From the Past,GNU C++11,Accepted,15 ms,0 KB
15857493,2016-02-07 12:27:22,625B - War of the Corporations,GNU C++11,Accepted,15 ms,300 KB
15856811,2016-02-07 12:24:37,625C - K-special Tables,GNU C++11,Accepted,140 ms,7800 KB
15848503,2016-02-06 22:35:04,615A - Bulbs,GNU C++11,Accepted,15 ms,1000 KB
15848364,2016-02-06 22:25:09,617D - Polyline,GNU C++11,Accepted,15 ms,0 KB
15845507,2016-02-06 19:12:23,618C - Constellation,GNU C++11,Accepted,935 ms,23500 KB
15837252,2016-02-06 08:48:51,611B - New Year and Old Property,GNU C++11,Accepted,15 ms,200 KB
15837220,2016-02-06 08:44:44,620B - Grandfather Dovlet’s calculator,GNU C++11,Accepted,109 ms,0 KB
15813380,2016-02-04 23:37:27,624C - Graph and String,GNU C++11,Accepted,358 ms,4700 KB
15813280,2016-02-04 23:32:51,624C - Graph and String,GNU C++11,Wrong answer on test 3,0 ms,100 KB
15813218,2016-02-04 23:29:22,624C - Graph and String,GNU C++11,Wrong answer on test 3,15 ms,100 KB
15802422,2016-02-04 20:52:20,624A - Save Luke,GNU C++11,Accepted,15 ms,0 KB
15801438,2016-02-04 20:45:40,624B - Making a String,GNU C++11,Accepted,15 ms,0 KB
15799790,2016-02-04 20:35:48,624C - Graph and String,GNU C++11,Wrong answer on test 51,373 ms,4700 KB
15799627,2016-02-04 20:34:55,624C - Graph and String,GNU C++11,Wrong answer on pretest 2,15 ms,100 KB
15780644,2016-02-04 06:37:56,59E - Shortest Path,GNU C++11,Accepted,1092 ms,85800 KB
15780624,2016-02-04 06:35:28,59E - Shortest Path,GNU C++11,Runtime error on test 7,622 ms,12000 KB
15775225,2016-02-03 21:11:49,567E - President and Roads,GNU C++11,Accepted,373 ms,68300 KB
15775162,2016-02-03 21:08:32,567E - President and Roads,GNU C++11,Wrong answer on test 104,389 ms,68300 KB
15775111,2016-02-03 21:05:55,567E - President and Roads,GNU C++11,Wrong answer on test 85,389 ms,68300 KB
15774826,2016-02-03 20:51:19,567E - President and Roads,GNU C++11,Wrong answer on test 85,420 ms,68300 KB
15774766,2016-02-03 20:48:21,567E - President and Roads,GNU C++11,Wrong answer on test 85,343 ms,68300 KB
15772925,2016-02-03 19:12:11,620B - Grandfather Dovlet’s calculator,GNU C++11,Wrong answer on test 2,15 ms,0 KB
15772815,2016-02-03 19:05:48,620A - Professor GukiZ's Robot,GNU C++11,Accepted,15 ms,0 KB
15756312,2016-02-02 21:37:43,567E - President and Roads,GNU C++11,Wrong answer on test 39,296 ms,68300 KB
15756219,2016-02-02 21:32:36,567E - President and Roads,GNU C++11,Wrong answer on test 39,296 ms,68300 KB
15755839,2016-02-02 21:11:12,567E - President and Roads,GNU C++11,Wrong answer on test 5,46 ms,54800 KB
15755701,2016-02-02 21:03:14,567E - President and Roads,GNU C++11,Wrong answer on test 1,15 ms,54800 KB
15735892,2016-02-01 19:42:42,542E - Playing on Graph,GNU C++11,Accepted,546 ms,12200 KB
15735109,2016-02-01 19:04:52,203D - Hit Ball,GNU C++11,Accepted,30 ms,0 KB
15734670,2016-02-01 18:42:12,203D - Hit Ball,GNU C++11,Wrong answer on test 10,30 ms,0 KB
15734412,2016-02-01 18:30:38,203D - Hit Ball,GNU C++11,Wrong answer on test 10,30 ms,0 KB
15725216,2016-02-01 08:50:25,203D - Hit Ball,GNU C++11,Wrong answer on test 3,0 ms,0 KB
15724759,2016-02-01 08:09:47,203B - Game on Paper,GNU C++11,Accepted,248 ms,1000 KB
15724716,2016-02-01 08:07:14,203A - Two Problems,GNU C++11,Accepted,30 ms,0 KB
15724704,2016-02-01 08:06:02,203A - Two Problems,GNU C++11,Wrong answer on test 3,30 ms,0 KB
15724472,2016-02-01 07:50:46,203C - Photographer,GNU C++11,Accepted,342 ms,3600 KB
15724354,2016-02-01 07:42:48,203A - Two Problems,GNU C++11,Wrong answer on test 3,30 ms,0 KB
15724311,2016-02-01 07:39:33,203A - Two Problems,GNU C++11,Wrong answer on test 3,30 ms,0 KB
15708091,2016-01-31 18:08:46,621C - Wet Shark and Flowers,GNU C++11,Accepted,140 ms,27400 KB
15700206,2016-01-31 17:22:11,621A - Wet Shark and Odd and Even,GNU C++11,Accepted,93 ms,7800 KB
15700060,2016-01-31 17:21:27,621B - Wet Shark and Bishops,GNU C++11,Accepted,342 ms,200 KB
15696556,2016-01-31 17:10:00,621A - Wet Shark and Odd and Even,GNU C++11,Skipped,93 ms,7800 KB
15692799,2016-01-31 13:57:12,287C - Lucky Permutation,GNU C++11,Accepted,154 ms,1600 KB
15692761,2016-01-31 13:53:47,287C - Lucky Permutation,GNU C++11,Wrong answer on test 7,92 ms,1600 KB
15692649,2016-01-31 13:45:53,287C - Lucky Permutation,GNU C++11,Wrong answer on test 6,122 ms,1600 KB
15692364,2016-01-31 13:24:59,287B - Pipeline,GNU C++11,Accepted,30 ms,0 KB
15692329,2016-01-31 13:22:22,287B - Pipeline,GNU C++11,Wrong answer on test 1,0 ms,0 KB
15692167,2016-01-31 13:05:39,287B - Pipeline,GNU C++11,Time limit exceeded on test 4,2000 ms,0 KB
15692136,2016-01-31 13:01:45,287A - IQ Test,GNU C++11,Accepted,15 ms,0 KB
15663560,2016-01-29 21:43:52,618C - Constellation,GNU C++11,Hacked,842 ms,23500 KB
15659303,2016-01-29 21:08:01,618D - Hamiltonian Spanning Tree,GNU C++11,Wrong answer on pretest 3,249 ms,17500 KB
15658345,2016-01-29 21:00:41,618D - Hamiltonian Spanning Tree,GNU C++11,Wrong answer on pretest 3,249 ms,17600 KB
15654647,2016-01-29 20:35:12,618A - Slime Combining,GNU C++11,Accepted,30 ms,15700 KB
15653461,2016-01-29 20:28:57,618B - Guess the Permutation,GNU C++11,Accepted,15 ms,15700 KB
15633150,2016-01-28 19:40:00,542E - Playing on Graph,GNU C++11,Wrong answer on test 3,15 ms,13700 KB
15598434,2016-01-26 20:23:22,182D - Common Divisors,GNU C++11,Accepted,154 ms,500 KB
15597362,2016-01-26 19:24:36,4C - Registration System,GNU C++11,Accepted,498 ms,800 KB
15576087,2016-01-25 18:06:06,552D - Vanya and Triangles,GNU C++11,Wrong answer on test 4,15 ms,0 KB
15540974,2016-01-23 22:23:21,617C - Watering Flowers,GNU C++11,Accepted,31 ms,200 KB
15530374,2016-01-23 19:38:00,617D - Polyline,GNU C++11,Hacked,15 ms,200 KB
15527999,2016-01-23 19:22:35,617C - Watering Flowers,GNU C++11,Wrong answer on test 7,15 ms,200 KB
15523301,2016-01-23 18:56:51,617B - Chocolate,GNU C++11,Accepted,15 ms,200 KB
15522487,2016-01-23 18:53:31,617B - Chocolate,GNU C++11,Wrong answer on pretest 7,15 ms,200 KB
15516788,2016-01-23 18:36:41,617A - Elephant,GNU C++11,Accepted,15 ms,200 KB
15495656,2016-01-22 12:24:58,33D - Knights,GNU C++11,Accepted,1934 ms,1400 KB
15469572,2016-01-21 17:14:47,208C - Police Station,GNU C++11,Accepted,30 ms,300 KB
15452732,2016-01-20 15:07:40,391B - Word Folding,GNU C++11,Accepted,15 ms,200 KB
15432880,2016-01-19 00:09:30,95C - Volleyball,GNU C++11,Accepted,468 ms,22900 KB
15432865,2016-01-19 00:08:10,95C - Volleyball,GNU C++11,Wrong answer on test 3,0 ms,9700 KB
15432621,2016-01-18 23:40:53,295B - Greg and Graph,GNU C++11,Accepted,1778 ms,9700 KB
15408411,2016-01-16 22:57:30,295B - Greg and Graph,GNU C++11,Wrong answer on test 4,30 ms,19100 KB
15408345,2016-01-16 22:49:00,295B - Greg and Graph,GNU C++11,Wrong answer on test 1,0 ms,19100 KB
15395088,2016-01-15 23:54:19,614C - Peter and Snow Blower,GNU C++11,Accepted,967 ms,23700 KB
15395081,2016-01-15 23:52:47,614C - Peter and Snow Blower,GNU C++11,Runtime error on test 20,15 ms,200 KB
15371945,2016-01-14 21:28:12,614C - Peter and Snow Blower,GNU C++11,Wrong answer on pretest 3,0 ms,200 KB
15370361,2016-01-14 21:19:13,614C - Peter and Snow Blower,GNU C++11,Wrong answer on pretest 3,15 ms,200 KB
15369073,2016-01-14 21:11:42,614C - Peter and Snow Blower,GNU C++11,Wrong answer on pretest 3,15 ms,200 KB
15365758,2016-01-14 20:52:50,614C - Peter and Snow Blower,GNU C++11,Wrong answer on pretest 3,15 ms,200 KB
15364865,2016-01-14 20:47:12,614C - Peter and Snow Blower,GNU C++11,Wrong answer on pretest 3,15 ms,200 KB
15359611,2016-01-14 20:23:32,614B - Gena's Code,GNU C++11,Accepted,31 ms,400 KB
15349532,2016-01-14 19:45:49,614A - Link/Cut Tree,GNU C++11,Hacked,15 ms,200 KB
15346768,2016-01-14 19:20:21,616F - Expensive Strings,GNU C++11,Compilation error,0 ms,0 KB
15343960,2016-01-14 15:21:53,187B - AlgoRace,GNU C++11,Accepted,1746 ms,202800 KB
15342025,2016-01-14 12:23:58,449B - Jzzhu and Cities,GNU C++11,Accepted,904 ms,67300 KB
15342013,2016-01-14 12:23:06,449B - Jzzhu and Cities,GNU C++11,Wrong answer on test 3,15 ms,19700 KB
15342005,2016-01-14 12:22:24,449B - Jzzhu and Cities,GNU C++11,Wrong answer on test 1,0 ms,19700 KB
15341989,2016-01-14 12:20:30,449B - Jzzhu and Cities,GNU C++11,Time limit exceeded on test 5,2000 ms,67100 KB
15341021,2016-01-14 10:07:12,545E - Paths and Trees,GNU C++11,Accepted,2574 ms,94100 KB
15341013,2016-01-14 10:06:09,545E - Paths and Trees,GNU C++11,Runtime error on test 8,186 ms,8500 KB
15323250,2016-01-13 00:06:01,144D - Missile Silos,GNU C++11,Accepted,1246 ms,37300 KB
15323243,2016-01-13 00:05:19,144D - Missile Silos,GNU C++11,Runtime error on test 17,218 ms,2600 KB
15322071,2016-01-12 22:16:34,25C - Roads in Berland,GNU C++11,Accepted,746 ms,9700 KB
15309314,2016-01-12 11:13:39,616C - The Labyrinth,GNU C++11,Accepted,717 ms,99500 KB
15297566,2016-01-11 19:14:42,616A - Comparing Two Long Integers,GNU C++11,Accepted,404 ms,7600 KB
15296807,2016-01-11 19:05:46,616B - Dinner with Emma,GNU C++11,Accepted,31 ms,200 KB
15293758,2016-01-11 18:34:18,616D - Longest k-Good Segment,GNU C++11,Accepted,686 ms,23500 KB
15293460,2016-01-11 18:31:43,616D - Longest k-Good Segment,GNU C++11,Runtime error on test 10,202 ms,1100 KB
15293305,2016-01-11 18:30:28,616D - Longest k-Good Segment,GNU C++11,Wrong answer on test 7,15 ms,1100 KB
15291490,2016-01-11 18:17:30,616D - Longest k-Good Segment,GNU C++11,Wrong answer on test 7,15 ms,1100 KB
15289463,2016-01-11 18:05:11,33B - String Problem,GNU C++11,Accepted,92 ms,1000 KB
15289345,2016-01-11 18:04:01,33B - String Problem,GNU C++11,Wrong answer on test 1,30 ms,700 KB
15285562,2016-01-11 11:46:22,20C - Dijkstra?,GNU C++11,Accepted,608 ms,12100 KB
15285382,2016-01-11 11:22:06,20C - Dijkstra?,GNU C++11,Wrong answer on test 31,514 ms,10200 KB
15285377,2016-01-11 11:21:24,20C - Dijkstra?,GNU C++11,Wrong answer on test 31,530 ms,6700 KB
15285367,2016-01-11 11:20:06,20C - Dijkstra?,GNU C++11,Wrong answer on test 1,15 ms,2600 KB
15285342,2016-01-11 11:16:07,20C - Dijkstra?,GNU C++11,Wrong answer on test 4,15 ms,2600 KB
15285337,2016-01-11 11:15:31,20C - Dijkstra?,GNU C++11,Wrong answer on test 1,15 ms,2600 KB
15234766,2016-01-08 12:33:14,41E - 3-cycles,GNU C++11,Accepted,60 ms,0 KB
15182656,2016-01-04 18:34:13,41A - Translation,GNU C++11,Accepted,30 ms,0 KB
15182469,2016-01-04 18:17:14,41E - 3-cycles,GNU C++11,Accepted,30 ms,0 KB
15182439,2016-01-04 18:13:33,41E - 3-cycles,GNU C++11,Accepted,62 ms,0 KB
15182388,2016-01-04 18:08:03,41E - 3-cycles,GNU C++11,Accepted,30 ms,0 KB
15182327,2016-01-04 18:00:26,611B - New Year and Old Property,GNU C++11,Wrong answer on test 7,15 ms,200 KB
15084935,2015-12-29 16:00:32,128D - Numbers,GNU C++11,Accepted,124 ms,1000 KB
15084903,2015-12-29 15:58:04,128D - Numbers,GNU C++11,Runtime error on test 15,30 ms,900 KB
15084891,2015-12-29 15:56:46,128D - Numbers,GNU C++11,Runtime error on test 15,30 ms,200 KB
15059075,2015-12-27 19:51:31,610B - Vika and Squares,GNU C++11,Accepted,140 ms,11100 KB
15059016,2015-12-27 19:46:42,610B - Vika and Squares,GNU C++11,Wrong answer on test 7,109 ms,4100 KB
15058903,2015-12-27 19:41:13,610B - Vika and Squares,GNU C++11,Wrong answer on test 7,108 ms,4100 KB
15058890,2015-12-27 19:40:26,610B - Vika and Squares,GNU C++11,Runtime error on test 6,61 ms,600 KB
15058758,2015-12-27 19:30:31,610B - Vika and Squares,GNU C++11,Wrong answer on test 7,109 ms,200 KB
15058567,2015-12-27 19:10:23,610A - Pasha and Stick,GNU C++11,Accepted,15 ms,200 KB
15058511,2015-12-27 19:03:17,610C - Harmony Analysis,GNU C++11,Accepted,15 ms,6800 KB
15058498,2015-12-27 19:01:46,610C - Harmony Analysis,GNU C++11,Wrong answer on test 4,15 ms,6000 KB
15037168,2015-12-26 23:22:08,612C - Replace To Make Regular Bracket Sequence,GNU C++11,Accepted,436 ms,4300 KB
15036292,2015-12-26 21:57:04,612C - Replace To Make Regular Bracket Sequence,GNU C++11,Wrong answer on test 11,15 ms,200 KB
15036046,2015-12-26 21:36:39,612C - Replace To Make Regular Bracket Sequence,GNU C++11,Wrong answer on test 11,15 ms,200 KB
15035907,2015-12-26 21:23:08,612D - The Union of k-Segments,GNU C++11,Accepted,2308 ms,28900 KB
14966620,2015-12-24 11:46:06,609F - Frogs and mosquitoes,GNU C++11,Compilation error,0 ms,0 KB
14965357,2015-12-24 10:09:21,337D - Book of Evil,GNU C++11,Accepted,1154 ms,13400 KB
14918550,2015-12-21 23:57:21,29E - Quarrel,GNU C++11,Accepted,186 ms,152700 KB
14918497,2015-12-21 23:51:33,29E - Quarrel,GNU C++11,Wrong answer on test 2,30 ms,146900 KB
14917585,2015-12-21 22:10:43,208E - Blood Cousins,GNU C++11,Accepted,1588 ms,34300 KB
14806415,2015-12-14 20:53:36,51C - Three Base Stations,GNU C++11,Accepted,202 ms,1900 KB
14806376,2015-12-14 20:50:07,51C - Three Base Stations,GNU C++11,Wrong answer on test 12,15 ms,1900 KB
14806337,2015-12-14 20:47:07,51C - Three Base Stations,GNU C++11,Time limit exceeded on test 12,1000 ms,1900 KB
14806290,2015-12-14 20:43:04,51C - Three Base Stations,GNU C++11,Time limit exceeded on test 12,1000 ms,1100 KB
14806251,2015-12-14 20:40:14,51C - Three Base Stations,GNU C++11,Wrong answer on test 9,15 ms,1100 KB
14806236,2015-12-14 20:39:24,51C - Three Base Stations,GNU C++11,Wrong answer on test 4,15 ms,1100 KB
14806175,2015-12-14 20:34:03,51C - Three Base Stations,GNU C++11,Wrong answer on test 2,0 ms,700 KB
14806126,2015-12-14 20:30:58,51C - Three Base Stations,GNU C++11,Wrong answer on test 1,0 ms,600 KB
14805833,2015-12-14 20:07:09,340D - Bubble Sort Graph,GNU C++11,Accepted,156 ms,3300 KB
14805700,2015-12-14 19:53:58,592D - Super M,GNU C++11,Accepted,748 ms,9400 KB
14805649,2015-12-14 19:50:05,592D - Super M,GNU C++11,Wrong answer on test 3,654 ms,4100 KB
14805523,2015-12-14 19:39:31,592D - Super M,GNU C++11,Wrong answer on test 3,654 ms,4100 KB
14799474,2015-12-14 12:13:10,51C - Three Base Stations,GNU C++11,Wrong answer on test 3,0 ms,3900 KB
14798597,2015-12-14 10:45:40,606B - Testing Robots,GNU C++11,Wrong answer on test 1,0 ms,3900 KB
14794119,2015-12-13 22:56:12,479D - Long Jumps,GNU C++11,Accepted,186 ms,16300 KB
14793653,2015-12-13 22:19:10,479B - Towers,GNU C++11,Accepted,31 ms,600 KB
14788539,2015-12-13 20:45:18,61D - Eternal Victory,GNU C++11,Accepted,218 ms,4800 KB
14788513,2015-12-13 20:43:35,61D - Eternal Victory,GNU C++11,Runtime error on test 12,15 ms,500 KB
14788013,2015-12-13 20:01:27,590C - Three States,GNU C++11,Accepted,249 ms,42100 KB
14787972,2015-12-13 19:58:42,590C - Three States,GNU C++11,Wrong answer on test 3,15 ms,32200 KB
14777063,2015-12-12 22:31:10,295C - Greg and Friends,GNU C++11,Accepted,62 ms,6800 KB
14777014,2015-12-12 22:26:40,295C - Greg and Friends,GNU C++11,Wrong answer on test 4,30 ms,6800 KB
14777005,2015-12-12 22:26:03,295C - Greg and Friends,GNU C++11,Memory limit exceeded on test 1,278 ms,262100 KB
14765973,2015-12-11 23:36:10,369D - Valera and Fools,GNU C++11,Accepted,78 ms,9600 KB
14765773,2015-12-11 23:24:08,369D - Valera and Fools,GNU C++11,Wrong answer on test 7,15 ms,49500 KB
14765762,2015-12-11 23:23:26,369D - Valera and Fools,GNU C++11,Memory limit exceeded on test 1,0 ms,262100 KB
14765658,2015-12-11 23:14:58,369D - Valera and Fools,GNU C++11,Wrong answer on test 7,15 ms,9600 KB
14765521,2015-12-11 23:04:58,369D - Valera and Fools,GNU C++11,Wrong answer on test 5,15 ms,9600 KB
14765502,2015-12-11 23:04:03,369D - Valera and Fools,GNU C++11,Wrong answer on test 2,15 ms,9600 KB
14764965,2015-12-11 22:30:32,369D - Valera and Fools,GNU C++11,Wrong answer on test 5,15 ms,9600 KB
14742492,2015-12-10 14:31:00,606C - Sorting Railway Cars,GNU C++11,Accepted,78 ms,2000 KB
14742483,2015-12-10 14:30:17,606C - Sorting Railway Cars,GNU C++11,Wrong answer on test 3,15 ms,1000 KB
14740213,2015-12-10 10:16:28,543B - Destroying Roads,GNU C++11,Accepted,249 ms,40400 KB
14722268,2015-12-09 19:43:30,606C - Sorting Railway Cars,GNU C++11,Wrong answer on pretest 3,15 ms,1000 KB
14721829,2015-12-09 19:40:36,606C - Sorting Railway Cars,GNU C++11,Wrong answer on pretest 1,0 ms,1000 KB
14721359,2015-12-09 19:37:54,606C - Sorting Railway Cars,GNU C++11,Wrong answer on pretest 3,15 ms,1000 KB
14720710,2015-12-09 19:33:46,606C - Sorting Railway Cars,GNU C++11,Wrong answer on pretest 3,0 ms,600 KB
14705652,2015-12-09 05:26:39,507E - Breaking Good,GNU C++11,Accepted,358 ms,15300 KB
14702818,2015-12-08 21:53:17,14D - Two Paths,GNU C++11,Accepted,62 ms,1500 KB
14679580,2015-12-06 22:13:35,198B - Jumping on Walls,GNU C++11,Accepted,156 ms,1400 KB
14679552,2015-12-06 22:11:07,198B - Jumping on Walls,GNU C++11,Wrong answer on test 20,30 ms,1400 KB
14679544,2015-12-06 22:10:02,198B - Jumping on Walls,GNU C++11,Runtime error on test 20,30 ms,200 KB
14678519,2015-12-06 20:20:11,173B - Chamber of Secrets,GNU C++11,Accepted,530 ms,9700 KB
14678225,2015-12-06 19:53:29,242C - King's Path,GNU C++11,Accepted,530 ms,13800 KB
14677881,2015-12-06 19:24:07,329B - Biridian Forest,GNU C++11,Accepted,530 ms,39700 KB
14677822,2015-12-06 19:18:23,329B - Biridian Forest,GNU C++11,Wrong answer on test 5,30 ms,39700 KB
14674140,2015-12-06 13:07:25,35C - Fire Again,GNU C++11,Accepted,156 ms,4200 KB
14654381,2015-12-04 23:15:29,35C - Fire Again,GNU C++11,Accepted,186 ms,200 KB
14654255,2015-12-04 23:02:30,35C - Fire Again,GNU C++11,Time limit exceeded on test 29,2000 ms,4200 KB
14654195,2015-12-04 22:56:37,35C - Fire Again,GNU C++11,Time limit exceeded on test 29,2000 ms,4200 KB
14639293,2015-12-03 22:46:15,450B - Jzzhu and Sequences,GNU C++11,Accepted,31 ms,0 KB
14639276,2015-12-03 22:44:51,450B - Jzzhu and Sequences,GNU C++11,Wrong answer on test 29,15 ms,0 KB
14639130,2015-12-03 22:32:56,450A - Jzzhu and Children,GNU C++11,Accepted,31 ms,400 KB
14639107,2015-12-03 22:31:01,450A - Jzzhu and Children,GNU C++11,Wrong answer on test 3,0 ms,400 KB
14638413,2015-12-03 21:34:30,599C - Day at the Beach,GNU C++11,Accepted,280 ms,4000 KB
14629439,2015-12-03 09:36:59,183C - Cyclic Coloring,GNU C++11,Accepted,936 ms,12100 KB
14629164,2015-12-03 09:08:23,263D - Cycle in Graph,GNU C++11,Accepted,780 ms,7700 KB
14627925,2015-12-03 05:46:44,158E - Phone Talks,GNU C++11,Accepted,124 ms,63000 KB
14627915,2015-12-03 05:45:09,158E - Phone Talks,GNU C++11,Runtime error on test 23,30 ms,1000 KB
14627838,2015-12-03 05:27:03,137D - Palindromes,GNU C++11,Accepted,92 ms,3100 KB
14627817,2015-12-03 05:20:49,137D - Palindromes,GNU C++11,Wrong answer on test 2,30 ms,3100 KB
14573166,2015-11-30 19:04:36,579E - Weakness and Poorness,GNU C++11,Accepted,576 ms,7800 KB
14573142,2015-11-30 19:02:21,579E - Weakness and Poorness,GNU C++11,Wrong answer on test 10,436 ms,7800 KB
14573116,2015-11-30 19:00:07,579E - Weakness and Poorness,GNU C++11,Wrong answer on test 10,529 ms,7800 KB
14573097,2015-11-30 18:59:08,579E - Weakness and Poorness,GNU C++11,Runtime error on test 9,62 ms,3900 KB
14573086,2015-11-30 18:58:39,579E - Weakness and Poorness,GNU C++11,Runtime error on test 8,15 ms,0 KB
14477627,2015-11-25 21:38:50,348B - Apple Tree,GNU C++11,Accepted,560 ms,16100 KB
14476978,2015-11-25 20:49:37,348B - Apple Tree,GNU C++11,Wrong answer on test 32,498 ms,21600 KB
14476041,2015-11-25 19:50:05,348B - Apple Tree,GNU C++11,Wrong answer on test 32,468 ms,21600 KB
14476022,2015-11-25 19:49:01,348B - Apple Tree,GNU C++11,Runtime error on test 10,30 ms,0 KB
14475980,2015-11-25 19:47:02,348B - Apple Tree,GNU C++11,Wrong answer on test 1,30 ms,0 KB
14475217,2015-11-25 18:58:41,602B - Approximating a Constant Range,GNU C++11,Accepted,109 ms,12200 KB
14475150,2015-11-25 18:54:22,602B - Approximating a Constant Range,GNU C++11,Wrong answer on test 5,31 ms,9000 KB
14466237,2015-11-25 12:21:00,348B - Apple Tree,GNU C++11,Wrong answer on test 1,0 ms,0 KB
14454935,2015-11-24 21:13:01,602B - Approximating a Constant Range,GNU C++11,Wrong answer on pretest 3,15 ms,9000 KB
14454832,2015-11-24 21:11:59,602B - Approximating a Constant Range,GNU C++11,Wrong answer on pretest 1,30 ms,9000 KB
14453439,2015-11-24 20:56:33,602B - Approximating a Constant Range,GNU C++11,Wrong answer on pretest 3,15 ms,9000 KB
14452845,2015-11-24 20:50:16,602A - Two Bases,GNU C++11,Accepted,15 ms,0 KB
14448527,2015-11-24 20:10:46,602C - The Two Routes,GNU C++11,Accepted,124 ms,5000 KB
14440088,2015-11-24 16:38:17,348B - Apple Tree,GNU C++11,Wrong answer on test 4,62 ms,0 KB
14440037,2015-11-24 16:35:21,348B - Apple Tree,GNU C++11,Wrong answer on test 2,30 ms,0 KB
14431435,2015-11-23 21:36:28,540C - Ice Cave,GNU C++11,Accepted,61 ms,8500 KB
14431330,2015-11-23 21:28:47,540C - Ice Cave,GNU C++11,Wrong answer on test 8,15 ms,700 KB
14431168,2015-11-23 21:15:32,161D - Distance in Tree,GNU C++11,Accepted,622 ms,221200 KB
14427697,2015-11-23 17:06:24,540C - Ice Cave,GNU C++11,Wrong answer on test 40,46 ms,4600 KB
14427629,2015-11-23 17:02:26,540C - Ice Cave,GNU C++11,Wrong answer on test 28,46 ms,4600 KB
14427583,2015-11-23 16:59:23,540C - Ice Cave,GNU C++11,Wrong answer on test 23,46 ms,4600 KB
14427540,2015-11-23 16:56:49,540C - Ice Cave,GNU C++11,Wrong answer on test 5,15 ms,700 KB
14426896,2015-11-23 16:24:17,196B - Infinite Maze,GNU C++11,Accepted,872 ms,162900 KB
14426382,2015-11-23 15:57:07,190C - STL,GNU C++11,Accepted,310 ms,6600 KB
14426339,2015-11-23 15:54:07,190C - STL,GNU C++11,Wrong answer on test 1,30 ms,0 KB
14425884,2015-11-23 15:27:11,190C - STL,GNU C++11,Time limit exceeded on test 8,2000 ms,4600 KB
14425796,2015-11-23 15:21:41,190C - STL,GNU C++11,Time limit exceeded on test 8,2000 ms,4600 KB
14421057,2015-11-23 05:59:45,190C - STL,GNU C++11,Time limit exceeded on test 8,2000 ms,5200 KB
14414213,2015-11-22 16:10:57,190C - STL,GNU C++11,Time limit exceeded on test 8,2000 ms,5200 KB
14414178,2015-11-22 16:08:22,190C - STL,GNU C++11,Time limit exceeded on test 8,2000 ms,5200 KB
14414148,2015-11-22 16:06:38,190C - STL,GNU C++11,Time limit exceeded on test 8,2000 ms,4900 KB
14413786,2015-11-22 15:41:15,412D - Giving Awards,GNU C++11,Accepted,358 ms,2000 KB
14413776,2015-11-22 15:40:23,412D - Giving Awards,GNU C++11,Runtime error on test 5,15 ms,100 KB
14412619,2015-11-22 14:07:21,190C - STL,GNU C++11,Time limit exceeded on test 1,2000 ms,148800 KB
14412593,2015-11-22 14:04:57,190C - STL,GNU C++11,Time limit exceeded on test 1,2000 ms,148800 KB
14412505,2015-11-22 13:57:44,190C - STL,GNU C++11,Time limit exceeded on test 8,2000 ms,4700 KB
14412486,2015-11-22 13:56:11,190C - STL,GNU C++11,Time limit exceeded on test 8,2000 ms,4600 KB
14412477,2015-11-22 13:55:29,190C - STL,GNU C++11,Wrong answer on test 1,0 ms,0 KB
14403197,2015-11-21 21:41:50,28B - pSort,GNU C++11,Accepted,30 ms,0 KB
14349253,2015-11-19 22:35:27,60B - Serial Time!,GNU C++11,Accepted,60 ms,0 KB
14348754,2015-11-19 22:03:49,369C - Valera and Elections,GNU C++11,Accepted,702 ms,13900 KB
14348731,2015-11-19 22:02:38,369C - Valera and Elections,GNU C++11,Runtime error on test 6,0 ms,0 KB
14348719,2015-11-19 22:01:58,369C - Valera and Elections,GNU C++11,Compilation error,0 ms,0 KB
14342741,2015-11-19 16:56:01,500B - New Year Permutation,GNU C++11,Accepted,46 ms,900 KB
14342548,2015-11-19 16:40:42,500B - New Year Permutation,GNU C++11,Wrong answer on test 2,0 ms,0 KB
14298915,2015-11-16 17:07:25,300B - Coach,GNU C++11,Accepted,30 ms,0 KB
14298500,2015-11-16 16:42:51,445B - DZY Loves Chemistry,GNU C++11,Accepted,15 ms,0 KB
14298254,2015-11-16 16:29:18,430C - Xor-tree,GNU C++11,Accepted,592 ms,5800 KB
14298233,2015-11-16 16:27:44,430C - Xor-tree,GNU C++11,Compilation error,0 ms,0 KB
14269823,2015-11-15 16:43:57,277A - Learning Languages,GNU C++11,Accepted,92 ms,400 KB
14269758,2015-11-15 16:39:25,277A - Learning Languages,GNU C++11,Wrong answer on test 4,0 ms,0 KB
14269283,2015-11-15 16:06:51,320B - Ping-Pong (Easy Version),GNU C++11,Accepted,30 ms,0 KB
14269255,2015-11-15 16:04:40,319E - Ping-Pong,GNU C++11,Runtime error on test 6,0 ms,0 KB
14226512,2015-11-13 15:41:04,505B - Mr. Kitayuta's Colorful Graph,GNU C++11,Accepted,15 ms,300 KB
14226501,2015-11-13 15:40:11,505B - Mr. Kitayuta's Colorful Graph,GNU C++11,Accepted,77 ms,109200 KB
14223980,2015-11-13 12:01:24,115A - Party,GNU C++11,Accepted,62 ms,100 KB
14212672,2015-11-12 14:48:10,217A - Ice Skating,GNU C++11,Accepted,30 ms,0 KB
14199877,2015-11-11 20:40:56,182E - Wooden Fence,GNU C++,Accepted,312 ms,3100 KB
14189031,2015-11-10 22:15:47,571B - Minimization,GNU C++,Accepted,436 ms,203200 KB
14189014,2015-11-10 22:14:34,571B - Minimization,GNU C++,Wrong answer on test 8,15 ms,7800 KB
14185665,2015-11-10 17:27:49,571B - Minimization,GNU C++,Wrong answer on test 3,0 ms,219300 KB
14185607,2015-11-10 17:22:41,571B - Minimization,GNU C++,Wrong answer on test 3,15 ms,15700 KB
14107463,2015-11-06 16:56:00,402D - Upgrading Array,GNU C++,Accepted,795 ms,11900 KB
14105783,2015-11-06 15:12:22,459E - Pashmak and Graph,GNU C++,Accepted,561 ms,25700 KB
14105326,2015-11-06 14:49:16,459E - Pashmak and Graph,GNU C++,Time limit exceeded on test 5,1000 ms,21200 KB
14105072,2015-11-06 14:35:12,459E - Pashmak and Graph,GNU C++,Wrong answer on test 5,171 ms,21200 KB
14104879,2015-11-06 14:26:33,459E - Pashmak and Graph,GNU C++,Wrong answer on test 5,155 ms,21100 KB
14104858,2015-11-06 14:25:17,459E - Pashmak and Graph,GNU C++,Wrong answer on test 5,155 ms,1900 KB
14099027,2015-11-06 07:04:57,148E - Porcelain,GNU C++,Accepted,234 ms,8200 KB
14099015,2015-11-06 07:02:24,148E - Porcelain,GNU C++,Wrong answer on test 1,0 ms,8100 KB
14032793,2015-11-02 22:13:28,519D - A and B and Interesting Substrings,GNU C++,Accepted,62 ms,17400 KB
14032770,2015-11-02 22:11:43,519D - A and B and Interesting Substrings,GNU C++,Wrong answer on test 39,77 ms,17200 KB
14032750,2015-11-02 22:10:26,519D - A and B and Interesting Substrings,GNU C++,Wrong answer on test 39,62 ms,15700 KB
14032642,2015-11-02 22:01:33,519D - A and B and Interesting Substrings,GNU C++,Wrong answer on test 39,62 ms,11800 KB
14029787,2015-11-02 18:33:17,382B - Number Busters,GNU C++,Accepted,15 ms,0 KB
14029762,2015-11-02 18:32:12,382B - Number Busters,GNU C++,Wrong answer on test 5,15 ms,0 KB
14029446,2015-11-02 18:13:20,566F - Clique in the Divisibility Graph,GNU C++,Accepted,530 ms,7800 KB
14029428,2015-11-02 18:12:36,566F - Clique in the Divisibility Graph,GNU C++,Wrong answer on test 1,15 ms,7800 KB
14029411,2015-11-02 18:11:29,566F - Clique in the Divisibility Graph,GNU C++,Runtime error on test 5,0 ms,300 KB
14029406,2015-11-02 18:11:06,566F - Clique in the Divisibility Graph,GNU C++,Wrong answer on test 1,15 ms,300 KB
14005052,2015-11-01 13:10:59,592B - The Monster and the Squirrel,GNU C++,Accepted,15 ms,156600 KB
13958113,2015-10-30 20:58:08,590A - Median Smoothing,GNU C++,Wrong answer on test 6,15 ms,19600 KB
13956396,2015-10-30 19:20:44,269B - Greenhouse Effect,GNU C++,Accepted,218 ms,98300 KB
13955929,2015-10-30 18:58:12,255C - Almost Arithmetical Progression,GNU C++,Accepted,249 ms,86600 KB
13955849,2015-10-30 18:54:47,255C - Almost Arithmetical Progression,GNU C++,Wrong answer on test 22,202 ms,86600 KB
13955824,2015-10-30 18:53:25,255C - Almost Arithmetical Progression,GNU C++,Runtime error on test 12,15 ms,63000 KB
13955731,2015-10-30 18:48:23,255C - Almost Arithmetical Progression,GNU C++,Runtime error on test 12,15 ms,63000 KB
13955719,2015-10-30 18:47:03,255C - Almost Arithmetical Progression,GNU C++,Runtime error on test 12,15 ms,35600 KB
13955697,2015-10-30 18:45:22,255C - Almost Arithmetical Progression,GNU C++,Wrong answer on test 7,15 ms,35600 KB
13953498,2015-10-30 16:45:30,255C - Almost Arithmetical Progression,GNU C++,Wrong answer on test 5,30 ms,35500 KB
13937726,2015-10-29 20:07:23,255C - Almost Arithmetical Progression,GNU C++,Wrong answer on test 3,0 ms,35500 KB
13920536,2015-10-28 20:58:23,358D - Dima and Hares,GNU C++,Accepted,30 ms,100 KB
13919011,2015-10-28 19:30:33,429B - Working out,GNU C++,Accepted,545 ms,39900 KB
13903851,2015-10-27 21:56:08,163A - Substring and Subsequence,GNU C++,Accepted,780 ms,203600 KB
13894354,2015-10-27 18:34:23,590A - Median Smoothing,GNU C++,Wrong answer on test 6,0 ms,19600 KB
13878899,2015-10-26 22:51:49,294B - Shaass and Bookshelf,GNU C++,Accepted,30 ms,0 KB
13878817,2015-10-26 22:46:26,294B - Shaass and Bookshelf,GNU C++,Wrong answer on test 3,30 ms,0 KB
13878075,2015-10-26 21:51:12,71C - Round Table Knights,GNU C++,Accepted,124 ms,9800 KB
13878059,2015-10-26 21:49:39,71C - Round Table Knights,GNU C++,Wrong answer on test 13,15 ms,9800 KB
13877853,2015-10-26 21:35:25,71C - Round Table Knights,GNU C++,Wrong answer on test 11,15 ms,9800 KB
13877821,2015-10-26 21:33:07,71C - Round Table Knights,GNU C++,Wrong answer on test 1,0 ms,9800 KB
13877801,2015-10-26 21:31:25,71C - Round Table Knights,GNU C++,Wrong answer on test 13,15 ms,9800 KB
13877513,2015-10-26 21:09:55,478D - Red-Green Towers,GNU C++,Accepted,1185 ms,15700 KB
13877490,2015-10-26 21:08:48,478D - Red-Green Towers,GNU C++,Accepted,1170 ms,156600 KB
13877386,2015-10-26 21:01:29,478D - Red-Green Towers,GNU C++,Wrong answer on test 11,904 ms,15700 KB
13877359,2015-10-26 20:59:48,478D - Red-Green Towers,GNU C++,Wrong answer on test 8,124 ms,15700 KB
13861074,2015-10-25 23:09:52,416C - Booking System,GNU C++,Accepted,15 ms,200 KB
13828367,2015-10-24 20:11:21,332B - Maximum Absurdity,GNU C++,Accepted,998 ms,23700 KB
13828350,2015-10-24 20:10:13,332B - Maximum Absurdity,GNU C++,Runtime error on test 8,0 ms,200 KB
13828268,2015-10-24 20:03:36,332B - Maximum Absurdity,GNU C++,Wrong answer on test 4,30 ms,200 KB
13818530,2015-10-24 08:55:16,118D - Caesar's Legions,GNU C++,Accepted,30 ms,400 KB
13818258,2015-10-24 08:33:52,118D - Caesar's Legions,GNU C++,Wrong answer on test 4,30 ms,300 KB
13818240,2015-10-24 08:31:33,118D - Caesar's Legions,GNU C++,Compilation error,0 ms,0 KB
13812546,2015-10-23 20:02:43,118D - Caesar's Legions,GNU C++,Wrong answer on test 4,62 ms,300 KB
13812460,2015-10-23 19:55:05,118D - Caesar's Legions,GNU C++,Wrong answer on test 2,30 ms,300 KB
13793293,2015-10-22 17:12:40,118D - Caesar's Legions,GNU C++,Wrong answer on test 4,30 ms,300 KB
13792494,2015-10-22 16:43:50,118D - Caesar's Legions,GNU C++,Wrong answer on test 4,30 ms,13100 KB
13761092,2015-10-20 22:12:11,118D - Caesar's Legions,GNU C++,Wrong answer on test 4,30 ms,13100 KB
13761070,2015-10-20 22:11:10,118D - Caesar's Legions,GNU C++,Wrong answer on test 4,30 ms,13100 KB
13757723,2015-10-20 19:42:14,574D - Bear and Blocks,GNU C++,Accepted,77 ms,11900 KB
13757704,2015-10-20 19:41:08,574D - Bear and Blocks,GNU C++,Runtime error on test 7,15 ms,200 KB
13756732,2015-10-20 18:47:43,474D - Flowers,GNU C++,Accepted,202 ms,15800 KB
13756679,2015-10-20 18:44:14,474D - Flowers,GNU C++,Wrong answer on test 5,31 ms,8000 KB
13665506,2015-10-16 16:37:19,588B - Duff in Love,GNU C++,Accepted,46 ms,200 KB
13665478,2015-10-16 16:36:03,588B - Duff in Love,GNU C++,Compilation error,0 ms,0 KB
13665210,2015-10-16 16:20:56,588B - Duff in Love,GNU C++,Accepted,46 ms,200 KB
13665020,2015-10-16 16:00:05,588B - Duff in Love,GNU C++,Runtime error on test 22,15 ms,200 KB
13637048,2015-10-15 20:16:35,588A - Duff and Meat,GNU C++,Accepted,109 ms,200 KB
13635723,2015-10-15 20:09:47,588C - Duff and Weight Lifting,GNU C++,Accepted,608 ms,4100 KB
13634442,2015-10-15 20:02:49,588B - Duff in Love,GNU C++,Wrong answer on test 23,31 ms,3200 KB
13630446,2015-10-15 19:45:40,588B - Duff in Love,GNU C++,Time limit exceeded on pretest 10,2000 ms,200 KB
13617162,2015-10-15 11:20:32,514D - R2D2 and Droid Army,GNU C++,Accepted,1185 ms,5100 KB
13617137,2015-10-15 11:18:39,514D - R2D2 and Droid Army,GNU C++,Wrong answer on test 6,15 ms,5100 KB
13617105,2015-10-15 11:14:16,514D - R2D2 and Droid Army,GNU C++,Wrong answer on test 4,15 ms,5100 KB
13617000,2015-10-15 11:02:26,514D - R2D2 and Droid Army,GNU C++,Wrong answer on test 4,15 ms,5100 KB
13597021,2015-10-13 20:29:50,535C - Tavas and Karafs,GNU C++,Accepted,280 ms,200 KB
13579612,2015-10-12 19:56:52,535C - Tavas and Karafs,GNU C++,Wrong answer on test 3,311 ms,200 KB
13579550,2015-10-12 19:53:47,535C - Tavas and Karafs,GNU C++,Wrong answer on test 3,311 ms,200 KB
13505747,2015-10-09 11:37:22,551C - GukiZ hates Boxes,GNU C++,Accepted,109 ms,8000 KB
13505488,2015-10-09 11:15:34,551C - GukiZ hates Boxes,GNU C++,Wrong answer on test 1,15 ms,7800 KB
13505081,2015-10-09 10:44:08,551C - GukiZ hates Boxes,GNU C++,Wrong answer on test 8,62 ms,4100 KB
13505057,2015-10-09 10:41:59,551C - GukiZ hates Boxes,GNU C++,Wrong answer on test 8,31 ms,4100 KB
13504840,2015-10-09 10:17:20,551C - GukiZ hates Boxes,GNU C++,Wrong answer on test 4,0 ms,4100 KB
13504708,2015-10-09 10:04:36,567D - One-Dimensional Battle Ships,GNU C++,Accepted,358 ms,6200 KB
13504665,2015-10-09 10:00:00,567D - One-Dimensional Battle Ships,GNU C++,Wrong answer on test 5,30 ms,4100 KB
13504600,2015-10-09 09:53:06,567D - One-Dimensional Battle Ships,GNU C++,Wrong answer on test 1,0 ms,4100 KB
13504531,2015-10-09 09:46:58,567D - One-Dimensional Battle Ships,GNU C++,Wrong answer on test 2,15 ms,4100 KB
13503521,2015-10-09 07:48:07,567D - One-Dimensional Battle Ships,GNU C++,Wrong answer on test 5,30 ms,200 KB
13503257,2015-10-09 07:02:56,567C - Geometric Progression,GNU C++,Accepted,764 ms,25700 KB
13498644,2015-10-08 20:57:00,551C - GukiZ hates Boxes,GNU C++,Wrong answer on test 4,15 ms,4100 KB
13498622,2015-10-08 20:56:03,551C - GukiZ hates Boxes,GNU C++,Wrong answer on test 4,15 ms,4100 KB
13498123,2015-10-08 20:27:01,551C - GukiZ hates Boxes,GNU C++,Wrong answer on test 4,15 ms,4100 KB
13498097,2015-10-08 20:25:21,551C - GukiZ hates Boxes,GNU C++,Wrong answer on test 4,15 ms,4100 KB
13451196,2015-10-06 20:42:40,584B - Kolya and Tanya,GNU C++,Accepted,31 ms,200 KB
13445826,2015-10-06 20:12:22,584C - Marina and Vasya,GNU C++,Accepted,62 ms,2500 KB
13438664,2015-10-06 19:41:21,584A - Olesya and Rodion,GNU C++,Accepted,30 ms,200 KB
13438015,2015-10-06 19:39:31,584A - Olesya and Rodion,GNU C++,Wrong answer on pretest 9,15 ms,200 KB
13418102,2015-10-05 17:51:30,555C - Case of Chocolate,GNU C++,Wrong answer on test 5,15 ms,200 KB
13418078,2015-10-05 17:50:13,555C - Case of Chocolate,GNU C++,Wrong answer on test 5,15 ms,200 KB
13417925,2015-10-05 17:41:01,555C - Case of Chocolate,GNU C++,Wrong answer on test 5,15 ms,200 KB
13417879,2015-10-05 17:38:06,555C - Case of Chocolate,GNU C++,Wrong answer on test 1,0 ms,200 KB
13340194,2015-10-02 10:44:42,556B - Case of Fake Numbers,GNU C++,Accepted,31 ms,3900 KB
13339947,2015-10-02 10:20:32,556A - Case of the Zeros and Ones,GNU C++,Accepted,46 ms,200 KB
13334355,2015-10-01 21:14:42,555B - Case of Fugitive,GNU C++,Accepted,826 ms,66600 KB
13334344,2015-10-01 21:13:38,555B - Case of Fugitive,GNU C++,Runtime error on test 12,264 ms,9800 KB
13334260,2015-10-01 21:07:40,555B - Case of Fugitive,GNU C++,Time limit exceeded on test 2,3000 ms,5900 KB
13334246,2015-10-01 21:06:49,555B - Case of Fugitive,GNU C++,Wrong answer on test 1,15 ms,5900 KB
13334145,2015-10-01 21:00:02,555B - Case of Fugitive,GNU C++,Wrong answer on test 1,15 ms,5900 KB
13334133,2015-10-01 20:59:08,555B - Case of Fugitive,GNU C++,Wrong answer on test 1,0 ms,5900 KB
13330358,2015-10-01 16:31:14,555A - Case of Matryoshkas,GNU C++,Accepted,280 ms,3900 KB
13287060,2015-09-28 22:23:51,581C - Developing Skills,GNU C++,Accepted,77 ms,800 KB
13286174,2015-09-28 21:36:36,581B - Luxurious Houses,GNU C++,Accepted,109 ms,800 KB
13285734,2015-09-28 21:13:36,581A - Vasya the Hipster,GNU C++,Accepted,30 ms,0 KB
13220376,2015-09-25 17:33:44,554C - Kyoya and Colored Balls,GNU C++,Accepted,30 ms,9500 KB
13219229,2015-09-25 16:11:30,252C - Points on Line,GNU C++,Accepted,156 ms,3900 KB
13219220,2015-09-25 16:10:53,251A - Points on Line,GNU C++,Accepted,156 ms,3900 KB
13219082,2015-09-25 16:01:03,251A - Points on Line,GNU C++,Wrong answer on test 1,0 ms,3900 KB
13218889,2015-09-25 15:48:55,478D - Red-Green Towers,GNU C++,Memory limit exceeded on test 1,15 ms,262100 KB
13218856,2015-09-25 15:46:47,478D - Red-Green Towers,GNU C++,Wrong answer on test 7,156 ms,197600 KB
13218710,2015-09-25 15:38:24,478D - Red-Green Towers,GNU C++,Memory limit exceeded on test 1,15 ms,262100 KB
13218691,2015-09-25 15:37:12,478D - Red-Green Towers,GNU C++,Memory limit exceeded on test 1,15 ms,262100 KB
13218653,2015-09-25 15:35:00,478D - Red-Green Towers,GNU C++,Memory limit exceeded on test 1,0 ms,262100 KB
13218618,2015-09-25 15:33:00,478D - Red-Green Towers,GNU C++,Memory limit exceeded on test 1,15 ms,262100 KB
13218304,2015-09-25 15:13:48,363C - Fixing Typos,GNU C++,Accepted,78 ms,1000 KB
13202997,2015-09-24 14:19:35,393B - Three matrices,GNU C++,Accepted,405 ms,155400 KB
13202433,2015-09-24 13:31:28,6C - Alice, Bob and Chocolate,GNU C++,Accepted,248 ms,7800 KB
13160502,2015-09-22 20:35:44,580C - Kefa and Park,GNU C++,Accepted,249 ms,69300 KB
13159568,2015-09-22 20:30:35,580C - Kefa and Park,GNU C++,Wrong answer on pretest 3,31 ms,62600 KB
13151199,2015-09-22 19:54:37,580B - Kefa and Company,GNU C++,Accepted,124 ms,15700 KB
13145924,2015-09-22 19:37:10,580A - Kefa and First Steps,GNU C++,Accepted,77 ms,0 KB
13142792,2015-09-22 18:15:41,131C - The World is a Theatre,GNU C++,Accepted,30 ms,0 KB
13142400,2015-09-22 17:49:47,463C - Gargari and Bishops,GNU C++,Accepted,2932 ms,69400 KB
13142379,2015-09-22 17:48:02,463C - Gargari and Bishops,GNU C++,Time limit exceeded on test 10,3000 ms,69400 KB
13142317,2015-09-22 17:42:56,463C - Gargari and Bishops,GNU C++,Wrong answer on test 9,2496 ms,34800 KB
13140749,2015-09-22 15:48:33,463B - Caisa and Pylons,GNU C++,Accepted,77 ms,0 KB
13140619,2015-09-22 15:40:31,463A - Caisa and Sugar,GNU C++,Accepted,30 ms,0 KB
13140432,2015-09-22 15:24:58,490A - Team Olympiad,GNU C++,Accepted,31 ms,100 KB
13140256,2015-09-22 15:12:17,459B - Pashmak and Flowers,GNU C++,Accepted,139 ms,7900 KB
13140222,2015-09-22 15:10:02,459B - Pashmak and Flowers,GNU C++,Wrong answer on test 1,0 ms,7800 KB
13131031,2015-09-21 21:10:44,569B - Inventory,GNU C++,Accepted,109 ms,11700 KB
13130993,2015-09-21 21:07:18,569B - Inventory,GNU C++,Wrong answer on test 3,15 ms,11700 KB
13130973,2015-09-21 21:06:20,569B - Inventory,GNU C++,Wrong answer on test 2,15 ms,11700 KB
13116578,2015-09-20 18:58:50,569B - Inventory,GNU C++,Wrong answer on test 6,15 ms,11700 KB
13116470,2015-09-20 18:49:50,569B - Inventory,GNU C++,Wrong answer on test 4,30 ms,7800 KB
13111790,2015-09-20 11:54:27,579B - Finding Team Member,GNU C++,Accepted,608 ms,7700 KB
13111430,2015-09-20 11:17:38,579C - A Problem about Polyline,GNU C++,Accepted,15 ms,0 KB
13100292,2015-09-19 13:59:16,579A - Raising Bacteria,GNU C++,Accepted,15 ms,0 KB
12982134,2015-09-13 12:48:01,550B - Preparing Olympiad,GNU C++,Accepted,15 ms,0 KB
12981807,2015-09-13 12:07:02,550C - Divisibility by Eight,GNU C++,Accepted,15 ms,0 KB
12981798,2015-09-13 12:05:38,550C - Divisibility by Eight,GNU C++,Wrong answer on test 1,0 ms,0 KB
12981772,2015-09-13 12:03:01,550C - Divisibility by Eight,GNU C++,Wrong answer on test 1,0 ms,0 KB
12981698,2015-09-13 11:54:44,550C - Divisibility by Eight,GNU C++,Wrong answer on test 1,0 ms,0 KB
12981658,2015-09-13 11:49:35,550C - Divisibility by Eight,GNU C++,Wrong answer on test 1,0 ms,0 KB
12981493,2015-09-13 11:27:01,560A - Currency System in Geraldion,GNU C++,Accepted,15 ms,0 KB
12981470,2015-09-13 11:24:46,560A - Currency System in Geraldion,GNU C++,Wrong answer on test 1,0 ms,0 KB
12981434,2015-09-13 11:20:52,560B - Gerald is into Art,GNU C++,Accepted,31 ms,0 KB
12981346,2015-09-13 11:10:00,560C - Gerald's Hexagon,GNU C++,Accepted,15 ms,0 KB
12976199,2015-09-12 20:46:16,567A - Lineland Mail,GNU C++,Accepted,171 ms,7800 KB
12975983,2015-09-12 20:24:22,567B - Berland National Library,GNU C++,Accepted,15 ms,0 KB
12975803,2015-09-12 20:07:50,567C - Geometric Progression,GNU C++,Accepted,732 ms,33300 KB
12975781,2015-09-12 20:05:48,567C - Geometric Progression,GNU C++,Wrong answer on test 7,233 ms,15700 KB
12975764,2015-09-12 20:04:22,567C - Geometric Progression,GNU C++,Runtime error on test 7,124 ms,800 KB
12973690,2015-09-12 17:03:13,567C - Geometric Progression,GNU C++,Wrong answer on test 3,46 ms,9200 KB
12973651,2015-09-12 17:00:35,567C - Geometric Progression,GNU C++,Wrong answer on test 2,46 ms,7900 KB
12973397,2015-09-12 16:39:10,520A - Pangram,GNU C++,Accepted,31 ms,0 KB
12973285,2015-09-12 16:31:02,520C - DNA Alignment,GNU C++,Wrong answer on test 2,0 ms,0 KB
12972975,2015-09-12 16:06:03,520C - DNA Alignment,GNU C++,Wrong answer on test 3,31 ms,0 KB
12972241,2015-09-12 14:58:43,520B - Two Buttons,GNU C++,Accepted,30 ms,200 KB
12960368,2015-09-11 17:22:07,520B - Two Buttons,GNU C++,Wrong answer on test 5,15 ms,0 KB
12960354,2015-09-11 17:20:53,520B - Two Buttons,GNU C++,Wrong answer on test 5,31 ms,0 KB
12960318,2015-09-11 17:18:45,520B - Two Buttons,GNU C++,Wrong answer on test 5,15 ms,0 KB
12958888,2015-09-11 15:49:51,437B - The Child and Set,GNU C++,Accepted,15 ms,1700 KB
12958852,2015-09-11 15:47:24,437B - The Child and Set,GNU C++,Runtime error on test 4,15 ms,0 KB
12958492,2015-09-11 15:23:30,437C - The Child and Toy,GNU C++,Accepted,31 ms,200 KB
12953579,2015-09-11 09:27:14,577C - Vasya and Petya's Game,GNU C++,Accepted,15 ms,0 KB
12953535,2015-09-11 09:22:44,577C - Vasya and Petya's Game,GNU C++,Wrong answer on test 8,30 ms,0 KB
12953416,2015-09-11 09:14:25,577C - Vasya and Petya's Game,GNU C++,Wrong answer on test 4,0 ms,0 KB
12952398,2015-09-11 07:35:26,577C - Vasya and Petya's Game,GNU C++,Wrong answer on test 7,15 ms,0 KB
12943386,2015-09-10 21:12:32,577E - Points on Plane,GNU C++,Wrong answer on pretest 6,1606 ms,117400 KB
12943107,2015-09-10 21:10:46,577E - Points on Plane,GNU C++,Runtime error on pretest 6,15 ms,0 KB
12938449,2015-09-10 20:34:56,577C - Vasya and Petya's Game,GNU C++,Wrong answer on test 7,15 ms,0 KB
12938243,2015-09-10 20:33:34,577C - Vasya and Petya's Game,GNU C++,Wrong answer on pretest 1,15 ms,0 KB
12930338,2015-09-10 19:47:45,577A - Multiplication Table,GNU C++,Accepted,30 ms,0 KB
12929508,2015-09-10 19:44:25,577A - Multiplication Table,GNU C++,Wrong answer on pretest 2,0 ms,0 KB
12928620,2015-09-10 19:40:55,577A - Multiplication Table,GNU C++,Wrong answer on pretest 2,0 ms,0 KB
12900919,2015-09-08 20:05:50,496C - Removing Columns,GNU C++,Wrong answer on test 2,15 ms,0 KB
12900666,2015-09-08 19:50:44,285A - Slightly Decreasing Permutations,GNU C++,Accepted,124 ms,3900 KB
12900424,2015-09-08 19:31:16,285C - Building Permutation,GNU C++,Accepted,374 ms,3900 KB
12900409,2015-09-08 19:30:26,285C - Building Permutation,GNU C++,Runtime error on test 7,156 ms,400 KB
12900360,2015-09-08 19:27:31,285C - Building Permutation,GNU C++,Wrong answer on test 3,92 ms,400 KB
12888672,2015-09-07 21:21:31,519A - A and B and Chess,GNU C++,Accepted,15 ms,0 KB
12888379,2015-09-07 20:55:54,519B - A and B and Compilation Errors,GNU C++,Accepted,187 ms,1200 KB
12888240,2015-09-07 20:42:42,519C - A and B and Team Training,GNU C++,Accepted,15 ms,0 KB
12888091,2015-09-07 20:32:46,515A - Drazil and Date,GNU C++,Accepted,15 ms,0 KB
12888068,2015-09-07 20:30:54,515A - Drazil and Date,GNU C++,Wrong answer on test 9,31 ms,0 KB
12887973,2015-09-07 20:25:07,515B - Drazil and His Happy Friends,GNU C++,Accepted,31 ms,0 KB
12887955,2015-09-07 20:23:57,515B - Drazil and His Happy Friends,GNU C++,Wrong answer on test 41,15 ms,0 KB
12887898,2015-09-07 20:20:05,515B - Drazil and His Happy Friends,GNU C++,Wrong answer on test 25,15 ms,0 KB
12887771,2015-09-07 20:11:13,515B - Drazil and His Happy Friends,GNU C++,Wrong answer on test 2,15 ms,0 KB
12887523,2015-09-07 19:51:37,515C - Drazil and Factorial,GNU C++,Accepted,15 ms,0 KB
12887486,2015-09-07 19:49:01,515C - Drazil and Factorial,GNU C++,Wrong answer on test 6,15 ms,0 KB
12875748,2015-09-06 20:51:32,545C - Woodcutters,GNU C++,Accepted,436 ms,2400 KB
12875736,2015-09-06 20:49:55,545C - Woodcutters,GNU C++,Wrong answer on test 9,436 ms,2400 KB
12875712,2015-09-06 20:47:46,545C - Woodcutters,GNU C++,Wrong answer on test 1,15 ms,2300 KB
12874956,2015-09-06 19:25:38,545D - Queue,GNU C++,Accepted,78 ms,3900 KB
12874942,2015-09-06 19:24:22,545D - Queue,GNU C++,Runtime error on test 7,15 ms,0 KB
12874929,2015-09-06 19:22:35,545D - Queue,GNU C++,Wrong answer on test 3,15 ms,100 KB
12874916,2015-09-06 19:21:37,545D - Queue,GNU C++,Wrong answer on test 1,15 ms,0 KB
12874867,2015-09-06 19:16:04,545B - Equidistant String,GNU C++,Accepted,15 ms,400 KB
12874819,2015-09-06 19:10:23,545A - Toy Cars,GNU C++,Accepted,30 ms,0 KB
12874130,2015-09-06 18:08:34,478C - Table Decorations,GNU C++,Accepted,31 ms,0 KB
12874100,2015-09-06 18:05:36,478C - Table Decorations,GNU C++,Wrong answer on test 7,15 ms,0 KB
12873917,2015-09-06 17:50:53,478C - Table Decorations,GNU C++,Wrong answer on test 8,15 ms,0 KB
12873791,2015-09-06 17:40:02,478C - Table Decorations,GNU C++,Wrong answer on test 5,15 ms,0 KB
12873264,2015-09-06 16:57:14,401B - Sereja and Contests,GNU C++,Accepted,31 ms,200 KB
12873139,2015-09-06 16:49:40,401C - Team,GNU C++,Time limit exceeded on test 3,1000 ms,0 KB
12873123,2015-09-06 16:48:26,401A - Vanya and Cards,GNU C++,Accepted,31 ms,200 KB
12873114,2015-09-06 16:47:43,401C - Team,GNU C++,Time limit exceeded on test 3,1000 ms,0 KB
12873084,2015-09-06 16:45:46,401C - Team,GNU C++,Accepted,218 ms,200 KB
12873060,2015-09-06 16:44:11,401C - Team,GNU C++,Time limit exceeded on test 13,1000 ms,0 KB
12873022,2015-09-06 16:41:45,401C - Team,GNU C++,Time limit exceeded on test 13,1000 ms,0 KB
12872966,2015-09-06 16:38:17,401C - Team,GNU C++,Wrong answer on test 13,218 ms,200 KB
12872934,2015-09-06 16:36:01,401C - Team,GNU C++,Time limit exceeded on test 13,1000 ms,200 KB
12872812,2015-09-06 16:28:41,401C - Team,GNU C++,Wrong answer on test 5,15 ms,200 KB
12872776,2015-09-06 16:27:13,401C - Team,GNU C++,Wrong answer on test 3,15 ms,200 KB
12856001,2015-09-05 19:35:23,478B - Random Teams,GNU C++,Accepted,30 ms,0 KB
12855982,2015-09-05 19:33:32,478B - Random Teams,GNU C++,Wrong answer on test 7,15 ms,0 KB
12855888,2015-09-05 19:22:37,478A - Initial Bet,GNU C++,Accepted,31 ms,0 KB
12855875,2015-09-05 19:21:00,478A - Initial Bet,GNU C++,Wrong answer on test 1,0 ms,0 KB
12855857,2015-09-05 19:18:14,478A - Initial Bet,GNU C++,Wrong answer on test 3,0 ms,0 KB
12855730,2015-09-05 19:04:42,570A - Elections,GNU C++,Accepted,30 ms,100 KB
12855419,2015-09-05 18:41:05,570B - Simple Game,GNU C++,Accepted,15 ms,0 KB
12855261,2015-09-05 18:27:09,570C - Replacement,GNU C++,Accepted,967 ms,2000 KB
12840722,2015-09-04 15:42:33,523D - Statistics of Recompressing Videos,GNU C++,Wrong answer on test 1,0 ms,0 KB
12814139,2015-09-02 14:14:30,560D - Equivalent Strings,GNU C++,Accepted,1544 ms,400 KB
12807367,2015-09-01 22:21:05,20B - Equation,GNU C++,Accepted,62 ms,0 KB
12807323,2015-09-01 22:17:40,20B - Equation,GNU C++,Wrong answer on test 14,30 ms,0 KB
12807248,2015-09-01 22:12:10,20B - Equation,GNU C++,Wrong answer on test 9,30 ms,0 KB
12807187,2015-09-01 22:08:01,20B - Equation,GNU C++,Wrong answer on test 2,30 ms,0 KB
12806900,2015-09-01 21:43:12,548A - Mike and Fax,GNU C++,Accepted,31 ms,0 KB
12806637,2015-09-01 21:24:34,20A - BerOS file system,GNU C++,Accepted,30 ms,0 KB
12806607,2015-09-01 21:21:54,20A - BerOS file system,GNU C++,Wrong answer on test 6,30 ms,0 KB
12800243,2015-09-01 13:42:22,572B - Order Book,GNU C++,Accepted,30 ms,0 KB
12791703,2015-08-31 19:41:39,572A - Arrays,GNU C++,Accepted,468 ms,7800 KB
12775033,2015-08-30 14:06:00,574E - Bear and Drawing,GNU C++,Wrong answer on test 2,15 ms,3200 KB
12773462,2015-08-30 12:18:26,574D - Bear and Blocks,GNU C++,Accepted,78 ms,11700 KB
12772636,2015-08-30 11:13:47,574D - Bear and Blocks,GNU C++,Accepted,249 ms,11700 KB
12758692,2015-08-29 20:54:24,574D - Bear and Blocks,GNU C++,Wrong answer on pretest 2,15 ms,7800 KB
12758596,2015-08-29 20:53:35,574D - Bear and Blocks,GNU C,Compilation error,0 ms,0 KB
12756487,2015-08-29 20:36:45,574B - Bear and Three Musketeers,GNU C++,Accepted,62 ms,16600 KB
12750337,2015-08-29 19:56:21,574C - Bear and Poker,GNU C++,Accepted,249 ms,3900 KB
12748100,2015-08-29 19:43:44,574A - Bear and Elections,GNU C++,Accepted,31 ms,3900 KB
12747907,2015-08-29 19:42:35,574A - Bear and Elections,GNU C,Compilation error,0 ms,0 KB
