ID,Timestamp,Problem,Lang,Verdict,Time,Memory,Rank:8122
19488741,2016-07-29 18:38:29,702B - Powers of Two,GNU C++11,Time limit exceeded on test 14,3000 ms,800 KB
19482795,2016-07-29 18:04:43,702A - Maximum Increase,GNU C++11,Accepted,31 ms,400 KB
18691409,2016-06-24 03:38:10,686C - Robbers' watch,GNU C++11,Accepted,15 ms,0 KB
18691396,2016-06-24 03:36:24,686C - Robbers' watch,GNU C++11,Wrong answer on test 28,15 ms,0 KB
18691376,2016-06-24 03:33:37,686C - Robbers' watch,GNU C++11,Wrong answer on test 4,15 ms,0 KB
18686345,2016-06-23 21:34:33,686C - Robbers' watch,GNU C++11,Wrong answer on pretest 11,15 ms,0 KB
18685345,2016-06-23 21:28:17,686C - Robbers' watch,GNU C++11,Wrong answer on pretest 11,15 ms,0 KB
18683678,2016-06-23 21:13:46,686C - Robbers' watch,GNU C++11,Wrong answer on pretest 11,15 ms,0 KB
18681141,2016-06-23 20:50:15,686C - Robbers' watch,GNU C++11,Wrong answer on pretest 6,15 ms,0 KB
18680157,2016-06-23 20:42:13,686C - Robbers' watch,GNU C++11,Wrong answer on pretest 4,15 ms,0 KB
18675177,2016-06-23 20:04:35,686B - Little Robber Girl's Zoo,GNU C++11,Accepted,15 ms,0 KB
18673194,2016-06-23 19:55:43,686B - Little Robber Girl's Zoo,GNU C++11,Wrong answer on pretest 7,15 ms,0 KB
18667897,2016-06-23 19:39:27,686A - Free Ice Cream,GNU C++11,Accepted,15 ms,0 KB
18559628,2016-06-17 20:49:22,682C - Alyona and the Tree,GNU C++11,Accepted,62 ms,8300 KB
18557070,2016-06-17 20:28:36,682C - Alyona and the Tree,GNU C++11,Wrong answer on pretest 3,15 ms,3500 KB
18556730,2016-06-17 20:25:59,682C - Alyona and the Tree,GNU C++11,Compilation error,0 ms,0 KB
18551027,2016-06-17 19:54:19,682B - Alyona and Mex,GNU C++11,Accepted,46 ms,400 KB
18549025,2016-06-17 19:46:13,682A - Alyona and Numbers,GNU C++11,Accepted,30 ms,0 KB
18548294,2016-06-17 19:43:04,682A - Alyona and Numbers,GNU C++11,Wrong answer on pretest 8,0 ms,0 KB
18194726,2016-06-01 20:23:27,677C - Vanya and Label,GNU C++11,Accepted,15 ms,2300 KB
18191063,2016-06-01 19:59:23,677B - Vanya and Food Processor,GNU C++11,Accepted,46 ms,3000 KB
18190081,2016-06-01 19:53:29,677B - Vanya and Food Processor,GNU C++11,Time limit exceeded on pretest 8,1000 ms,2400 KB
18187389,2016-06-01 19:40:27,677A - Vanya and Fence,GNU C++11,Accepted,15 ms,2200 KB
18102152,2016-05-26 13:19:54,676D - Theseus and labyrinth,GNU C++11,Wrong answer on test 4,0 ms,4000 KB
18101132,2016-05-26 12:06:12,676C - Vasya and String,GNU C++11,Accepted,31 ms,2300 KB
18094961,2016-05-26 02:53:45,676B - Pyramid of Glasses,GNU C++11,Accepted,15 ms,2200 KB
18084334,2016-05-25 19:20:58,676D - Theseus and labyrinth,GNU C++11,Wrong answer on pretest 3,15 ms,7900 KB
18077091,2016-05-25 18:23:32,676B - Pyramid of Glasses,GNU C++11,Wrong answer on test 83,15 ms,2200 KB
18074872,2016-05-25 18:13:20,676A - Nicholas and Permutation,GNU C++11,Accepted,15 ms,2200 KB
17867884,2016-05-12 04:29:35,672C - Recycling Bottles,GNU C++11,Accepted,93 ms,7700 KB
17867861,2016-05-12 04:25:46,672C - Recycling Bottles,GNU C++11,Wrong answer on test 46,109 ms,7700 KB
17867813,2016-05-12 04:19:02,672C - Recycling Bottles,GNU C++11,Wrong answer on test 80,109 ms,7700 KB
17867800,2016-05-12 04:17:49,672C - Recycling Bottles,GNU C++11,Wrong answer on test 52,124 ms,7700 KB
17867793,2016-05-12 04:17:02,672C - Recycling Bottles,GNU C++11,Wrong answer on test 52,124 ms,7700 KB
17867298,2016-05-12 02:54:32,672C - Recycling Bottles,GNU C++11,Wrong answer on test 46,108 ms,7700 KB
17867293,2016-05-12 02:53:24,672C - Recycling Bottles,GNU C++11,Wrong answer on test 25,78 ms,7700 KB
17866908,2016-05-12 01:40:18,672C - Recycling Bottles,GNU C++11,Wrong answer on test 41,62 ms,7700 KB
17866869,2016-05-12 01:33:52,672C - Recycling Bottles,GNU C++11,Wrong answer on test 46,62 ms,7700 KB
17849697,2016-05-11 19:49:58,672B - Different is Good,GNU C++11,Accepted,15 ms,2300 KB
17849411,2016-05-11 19:48:53,672B - Different is Good,GNU C++11,Wrong answer on pretest 8,15 ms,2100 KB
17846933,2016-05-11 19:40:16,672A - Summer Camp,GNU C++11,Accepted,15 ms,2200 KB
17587798,2016-04-30 04:01:27,667A - Pouring Rain,GNU C++11,Accepted,15 ms,2200 KB
17235803,2016-04-08 18:43:50,660B - Seating On Bus,GNU C++11,Accepted,15 ms,2000 KB
17235563,2016-04-08 18:41:01,660B - Seating On Bus,GNU C++11,Wrong answer on test 19,15 ms,2000 KB
17233824,2016-04-08 18:23:37,660A - Co-prime Array,GNU C++11,Accepted,15 ms,2200 KB
17233216,2016-04-08 18:18:20,660A - Co-prime Array,GNU C++11,Wrong answer on test 8,15 ms,2000 KB
17232580,2016-04-08 18:12:42,660A - Co-prime Array,GNU C++11,Wrong answer on test 8,15 ms,2000 KB
17119821,2016-04-02 00:31:07,656A - Da Vinci Powers,GNU C++11,Accepted,15 ms,2200 KB
17117701,2016-04-01 21:50:35,656A - Da Vinci Powers,GNU C++11,Wrong answer on test 3,15 ms,2200 KB
17117681,2016-04-01 21:49:46,656A - Da Vinci Powers,GNU C++11,Wrong answer on test 3,0 ms,2000 KB
16924769,2016-03-25 16:29:24,652B - z-sort,GNU C++11,Accepted,31 ms,2200 KB
16923381,2016-03-25 16:17:11,652A - Gabriel and Caterpillar,GNU C++11,Accepted,15 ms,2200 KB
16807090,2016-03-19 11:44:40,653A - Bear and Three Balls,GNU C++11,Accepted,15 ms,2300 KB
16806377,2016-03-19 11:41:03,653A - Bear and Three Balls,GNU C++11,Wrong answer on pretest 5,15 ms,2000 KB
16805719,2016-03-19 11:38:37,653A - Bear and Three Balls,GNU C++11,Wrong answer on pretest 5,15 ms,2000 KB
16798776,2016-03-19 03:41:05,655B - Mischievous Mess Makers,GNU C++11,Accepted,31 ms,0 KB
16798698,2016-03-19 03:31:12,655A - Amity Assessment,GNU C++11,Accepted,15 ms,0 KB
16793345,2016-03-18 21:03:04,655C - Enduring Exodus,GNU C++11,Wrong answer on test 50,15 ms,500 KB
16792723,2016-03-18 20:53:40,655C - Enduring Exodus,GNU C++11,Wrong answer on pretest 10,15 ms,500 KB
16791820,2016-03-18 20:41:15,655C - Enduring Exodus,GNU C++11,Wrong answer on pretest 4,15 ms,500 KB
16791712,2016-03-18 20:39:48,655C - Enduring Exodus,GNU C++11,Wrong answer on pretest 4,15 ms,500 KB
16791448,2016-03-18 20:36:19,655C - Enduring Exodus,GNU C++11,Wrong answer on pretest 4,0 ms,500 KB
16788146,2016-03-18 20:00:17,655B - Mischievous Mess Makers,GNU C++11,Accepted,15 ms,0 KB
16786526,2016-03-18 19:47:56,655A - Amity Assessment,GNU C++11,Wrong answer on test 11,15 ms,0 KB
16603093,2016-03-08 17:32:46,651D - Image Preview,GNU C++11,Accepted,78 ms,3900 KB
16601747,2016-03-08 16:19:12,651C - Watchmen,GNU C++11,Accepted,374 ms,13000 KB
16601688,2016-03-08 16:15:53,651C - Watchmen,GNU C++11,Accepted,296 ms,10800 KB
16576888,2016-03-07 13:49:17,651D - Image Preview,GNU C++11,Wrong answer on test 36,15 ms,2500 KB
16576829,2016-03-07 13:48:47,651D - Image Preview,GNU C++11,Runtime error on pretest 9,15 ms,1000 KB
16575221,2016-03-07 13:34:28,651D - Image Preview,GNU C++11,Runtime error on pretest 9,15 ms,1000 KB
16572585,2016-03-07 13:14:32,651C - Watchmen,GNU C++11,Wrong answer on test 28,342 ms,10800 KB
16569945,2016-03-07 12:58:41,651C - Watchmen,GNU C++11,Wrong answer on pretest 3,0 ms,1600 KB
16566534,2016-03-07 12:42:54,651B - Beautiful Paintings,GNU C++11,Accepted,15 ms,100 KB
16564743,2016-03-07 12:36:05,651A - Joysticks,GNU C++11,Accepted,15 ms,0 KB
16492219,2016-03-03 20:15:36,631C - Report,GNU C++11,Wrong answer on pretest 7,15 ms,800 KB
16489888,2016-03-03 19:57:58,631B - Print Check,GNU C++11,Hacked,108 ms,98200 KB
16489669,2016-03-03 19:56:37,631B - Print Check,GNU C++11,Wrong answer on pretest 4,46 ms,98200 KB
16487551,2016-03-03 19:45:09,631A - Interview,GNU C++11,Accepted,15 ms,0 KB
16446555,2016-03-01 18:49:14,632C - The Smallest String Concatenation,GNU C++11,Wrong answer on test 4,15 ms,1200 KB
16446345,2016-03-01 18:45:49,632C - The Smallest String Concatenation,GNU C++11,Wrong answer on test 1,0 ms,1200 KB
16445149,2016-03-01 18:29:40,632B - Alice, Bob, Two Teams,GNU C++11,Accepted,124 ms,20100 KB
16443986,2016-03-01 18:13:27,632A - Grandma Laura and Apples,GNU C++11,Accepted,15 ms,0 KB
16419581,2016-02-29 04:50:39,635C - XOR Equation,GNU C++11,Runtime error on test 38,15 ms,0 KB
16415988,2016-02-28 23:04:55,635C - XOR Equation,GNU C++11,Wrong answer on pretest 5,0 ms,0 KB
16414846,2016-02-28 22:49:12,635C - XOR Equation,GNU C++11,Wrong answer on pretest 5,15 ms,0 KB
16414454,2016-02-28 22:42:46,635C - XOR Equation,GNU C++11,Wrong answer on pretest 5,15 ms,0 KB
16414339,2016-02-28 22:40:56,635C - XOR Equation,GNU C++11,Runtime error on pretest 5,15 ms,0 KB
16412970,2016-02-28 22:19:49,635C - XOR Equation,GNU C++11,Wrong answer on pretest 4,15 ms,0 KB
16410908,2016-02-28 21:49:59,635B - Island Puzzle,GNU C++11,Accepted,93 ms,1600 KB
16410678,2016-02-28 21:46:58,635B - Island Puzzle,GNU C++11,Wrong answer on pretest 1,15 ms,1600 KB
16410095,2016-02-28 21:39:34,635B - Island Puzzle,GNU C++11,Wrong answer on pretest 8,78 ms,1600 KB
16408924,2016-02-28 21:26:07,635A - Orchestra,GNU C++11,Accepted,15 ms,0 KB
16356080,2016-02-26 20:38:19,633B - A Trivial Problem,GNU C++11,Accepted,31 ms,0 KB
16355628,2016-02-26 20:35:25,633B - A Trivial Problem,GNU C++11,Wrong answer on pretest 5,15 ms,0 KB
16352532,2016-02-26 20:20:51,633A - Ebony and Ivory,GNU C++11,Accepted,30 ms,0 KB
16253561,2016-02-21 06:38:15,629B - Far Relative’s Problem,GNU C++11,Accepted,46 ms,0 KB
16233826,2016-02-20 19:42:47,629A - Far Relative’s Birthday Cake,GNU C++11,Accepted,15 ms,0 KB
16224563,2016-02-20 10:37:52,630M - Turn,GNU C++11,Accepted,15 ms,0 KB
16219010,2016-02-20 05:11:46,630E - A rectangle,GNU C++11,Accepted,15 ms,0 KB
16218977,2016-02-20 05:07:00,630E - A rectangle,GNU C++11,Wrong answer on test 1,15 ms,0 KB
16218401,2016-02-20 03:40:52,630R - Game,GNU C++11,Accepted,15 ms,0 KB
16218400,2016-02-20 03:40:05,630K - Indivisibility,GNU C++11,Compilation error,0 ms,0 KB
16218393,2016-02-20 03:38:57,630R - Game,GNU C++11,Wrong answer on test 2,0 ms,0 KB
16218385,2016-02-20 03:37:52,630R - Game,GNU C++11,Compilation error,0 ms,0 KB
16189026,2016-02-19 02:53:43,630E - A rectangle,GNU C++11,Accepted,15 ms,0 KB
16181481,2016-02-18 20:53:26,630E - A rectangle,GNU C++11,Wrong answer on test 22,15 ms,0 KB
16180967,2016-02-18 20:49:45,630G - Challenge Pennants,GNU C++11,Accepted,15 ms,0 KB
16179952,2016-02-18 20:41:59,630H - Benches,GNU C++11,Accepted,0 ms,0 KB
16179223,2016-02-18 20:36:31,630H - Benches,GNU C++11,Wrong answer on test 2,15 ms,0 KB
16178864,2016-02-18 20:33:51,630H - Benches,GNU C++11,Wrong answer on test 2,15 ms,0 KB
16177595,2016-02-18 20:25:11,630H - Benches,GNU C++11,Wrong answer on test 2,0 ms,0 KB
16176321,2016-02-18 20:16:48,630L - Cracking the Code,GNU C++11,Accepted,15 ms,0 KB
16176163,2016-02-18 20:15:46,630L - Cracking the Code,GNU C++11,Wrong answer on test 3,15 ms,0 KB
16174299,2016-02-18 20:03:54,630K - Indivisibility,GNU C++11,Accepted,15 ms,0 KB
16173896,2016-02-18 20:01:33,630K - Indivisibility,GNU C++11,Wrong answer on test 2,0 ms,0 KB
16173569,2016-02-18 19:59:29,630K - Indivisibility,GNU C++11,Wrong answer on test 2,15 ms,0 KB
16172760,2016-02-18 19:54:40,630N - Forecast,GNU C++11,Accepted,15 ms,0 KB
16169816,2016-02-18 19:38:10,630J - Divisibility,GNU C++11,Accepted,15 ms,0 KB
16168687,2016-02-18 19:32:09,630F - Selection of Personnel,GNU C++11,Accepted,15 ms,0 KB
16163402,2016-02-18 19:04:41,630F - Selection of Personnel,GNU C++11,Wrong answer on test 6,15 ms,0 KB
16159689,2016-02-18 18:52:37,630E - A rectangle,GNU C++11,Wrong answer on test 22,15 ms,0 KB
16156911,2016-02-18 18:46:15,630E - A rectangle,GNU C++11,Wrong answer on test 3,15 ms,0 KB
16152459,2016-02-18 18:34:16,630D - Hexagons!,GNU C++11,Accepted,15 ms,0 KB
16152067,2016-02-18 18:32:39,630D - Hexagons!,GNU C++11,Time limit exceeded on test 6,500 ms,0 KB
16150238,2016-02-18 18:25:22,630C - Lucky Numbers,GNU C++11,Accepted,15 ms,0 KB
16146938,2016-02-18 18:13:00,630B - Moore's Law,GNU C++11,Accepted,15 ms,0 KB
16143930,2016-02-18 18:02:28,630A - Again Twenty Five!,GNU C++11,Accepted,15 ms,0 KB
16025087,2016-02-15 01:52:04,626D - Jerry's Protest,GNU C++11,Accepted,31 ms,100 KB
16018494,2016-02-14 16:34:47,626C - Block Towers,GNU C++11,Accepted,30 ms,0 KB
16018358,2016-02-14 16:22:01,626C - Block Towers,GNU C++11,Accepted,31 ms,0 KB
16015354,2016-02-14 12:07:55,626C - Block Towers,GNU C++11,Wrong answer on test 7,15 ms,0 KB
16014794,2016-02-14 11:25:46,626B - Cards,GNU C++11,Accepted,15 ms,0 KB
16010632,2016-02-14 02:20:17,626A - Robot Sequence,GNU C++11,Accepted,15 ms,0 KB
15988336,2016-02-13 17:02:14,622E - Ants in Leaves,GNU C++11,Accepted,436 ms,34300 KB
15988301,2016-02-13 17:00:01,622E - Ants in Leaves,GNU C++11,Time limit exceeded on test 19,2000 ms,19900 KB
15988268,2016-02-13 16:57:35,622E - Ants in Leaves,GNU C++11,Time limit exceeded on test 19,2000 ms,19900 KB
15987515,2016-02-13 16:01:52,622E - Ants in Leaves,GNU C++11,Accepted,452 ms,34300 KB
15956519,2016-02-11 16:19:48,622B - The Time,Java 7,Accepted,140 ms,0 KB
15952042,2016-02-11 10:38:21,622D - Optimal Number Permutation,GNU C++11,Accepted,264 ms,3900 KB
15952024,2016-02-11 10:37:02,622D - Optimal Number Permutation,GNU C++11,Runtime error on test 9,15 ms,400 KB
15951424,2016-02-11 09:42:47,622C - Not Equal on a Segment,GNU C++11,Accepted,186 ms,1600 KB
15951360,2016-02-11 09:37:36,622C - Not Equal on a Segment,GNU C++11,Time limit exceeded on test 17,1000 ms,1600 KB
15942279,2016-02-10 19:44:00,622F - The Sum of the k-th Powers,GNU C++11,Time limit exceeded on test 9,2000 ms,24100 KB
15940148,2016-02-10 19:18:26,622F - The Sum of the k-th Powers,GNU C++11,Time limit exceeded on test 9,2000 ms,0 KB
15938162,2016-02-10 18:57:51,622C - Not Equal on a Segment,GNU C++11,Accepted,561 ms,53700 KB
15933481,2016-02-10 18:19:09,622C - Not Equal on a Segment,GNU C++11,Time limit exceeded on test 17,1000 ms,800 KB
15931946,2016-02-10 18:09:34,622B - The Time,GNU C++11,Accepted,15 ms,0 KB
15931307,2016-02-10 18:05:26,622A - Infinite Sequence,GNU C++11,Accepted,15 ms,0 KB
15926666,2016-02-10 12:18:32,624D - Array GCD,GNU C++11,Accepted,1388 ms,36800 KB
15926650,2016-02-10 12:17:18,624D - Array GCD,GNU C++11,Accepted,1341 ms,26000 KB
15926640,2016-02-10 12:16:33,624D - Array GCD,GNU C++11,Wrong answer on test 9,15 ms,26000 KB
15926626,2016-02-10 12:15:08,624D - Array GCD,GNU C++11,Wrong answer on test 9,31 ms,36800 KB
15926613,2016-02-10 12:14:09,624D - Array GCD,GNU C++11,Accepted,1294 ms,26000 KB
15926606,2016-02-10 12:13:30,624D - Array GCD,GNU C++11,Wrong answer on test 9,15 ms,36800 KB
15925963,2016-02-10 10:59:25,624C - Graph and String,GNU C++11,Accepted,46 ms,2000 KB
15925815,2016-02-10 10:44:00,624C - Graph and String,GNU C++11,Accepted,46 ms,2000 KB
15877220,2016-02-07 16:49:45,624C - Graph and String,GNU C++11,Wrong answer on test 51,46 ms,1000 KB
15877119,2016-02-07 16:44:36,624C - Graph and String,GNU C++11,Wrong answer on test 3,15 ms,1000 KB
15871005,2016-02-07 13:54:39,625D - Finals in arithmetic,GNU C++11,Wrong answer on pretest 14,15 ms,200 KB
15870081,2016-02-07 13:46:22,625D - Finals in arithmetic,GNU C++11,Wrong answer on pretest 14,15 ms,200 KB
15867697,2016-02-07 13:25:17,625D - Finals in arithmetic,GNU C++11,Wrong answer on pretest 8,15 ms,200 KB
15862465,2016-02-07 12:49:58,625B - War of the Corporations,GNU C++11,Wrong answer on test 18,15 ms,100 KB
15860104,2016-02-07 12:38:26,625B - War of the Corporations,GNU C++11,Wrong answer on pretest 6,15 ms,0 KB
15857359,2016-02-07 12:26:47,625B - War of the Corporations,GNU C++11,Wrong answer on pretest 5,15 ms,0 KB
15855524,2016-02-07 12:17:53,625A - Guest From the Past,GNU C++11,Hacked,15 ms,0 KB
15854858,2016-02-07 12:13:49,625A - Guest From the Past,GNU C++11,Wrong answer on pretest 11,15 ms,0 KB
15854269,2016-02-07 11:57:34,624C - Graph and String,GNU C++11,Wrong answer on test 26,31 ms,1000 KB
15854244,2016-02-07 11:55:15,624C - Graph and String,GNU C++11,Wrong answer on test 3,15 ms,1000 KB
15795752,2016-02-04 20:19:06,624B - Making a String,GNU C++11,Accepted,15 ms,0 KB
15792878,2016-02-04 20:10:59,624A - Save Luke,GNU C++11,Accepted,15 ms,0 KB
15731631,2016-02-01 16:17:26,621E - Wet Shark and Blocks,GNU C++11,Accepted,421 ms,300 KB
15725431,2016-02-01 09:07:34,621A - Wet Shark and Odd and Even,GNU C++11,Accepted,31 ms,400 KB
15725357,2016-02-01 09:01:34,621C - Wet Shark and Flowers,GNU C++11,Accepted,46 ms,800 KB
15725000,2016-02-01 08:31:58,621D - Rat Kwesh and Cheese,GNU C++11,Accepted,15 ms,0 KB
15724933,2016-02-01 08:25:52,621D - Rat Kwesh and Cheese,GNU C++11,Wrong answer on test 68,15 ms,0 KB
15723634,2016-02-01 06:30:22,621B - Wet Shark and Bishops,GNU C++11,Accepted,62 ms,0 KB
15712805,2016-01-31 18:48:41,621C - Wet Shark and Flowers,GNU C++11,Wrong answer on pretest 3,0 ms,2000 KB
15710283,2016-01-31 18:26:01,621D - Rat Kwesh and Cheese,GNU C++11,Wrong answer on test 39,15 ms,0 KB
15704242,2016-01-31 17:42:48,621B - Wet Shark and Bishops,GNU C++11,Accepted,78 ms,3300 KB
15702287,2016-01-31 17:32:56,621B - Wet Shark and Bishops,GNU C++11,Wrong answer on pretest 8,436 ms,1800 KB
15700943,2016-01-31 17:26:02,621B - Wet Shark and Bishops,GNU C++11,Wrong answer on pretest 8,421 ms,1800 KB
15699028,2016-01-31 17:16:48,621B - Wet Shark and Bishops,GNU C++11,Time limit exceeded on pretest 8,2000 ms,1600 KB
15696310,2016-01-31 17:09:28,621A - Wet Shark and Odd and Even,GNU C++11,Accepted,31 ms,400 KB
15680072,2016-01-30 17:30:50,618D - Hamiltonian Spanning Tree,GNU C++11,Wrong answer on test 3,93 ms,7200 KB
15680052,2016-01-30 17:29:27,618D - Hamiltonian Spanning Tree,GNU C++11,Accepted,156 ms,14900 KB
15673025,2016-01-30 09:07:05,618D - Hamiltonian Spanning Tree,GNU C++11,Wrong answer on test 3,124 ms,9600 KB
15672904,2016-01-30 08:53:30,618D - Hamiltonian Spanning Tree,GNU C++11,Wrong answer on test 3,93 ms,8700 KB
15672639,2016-01-30 08:28:25,618D - Hamiltonian Spanning Tree,GNU C++11,Wrong answer on test 3,78 ms,7900 KB
15672620,2016-01-30 08:26:59,618D - Hamiltonian Spanning Tree,GNU C++11,Wrong answer on test 3,93 ms,7900 KB
15672576,2016-01-30 08:23:01,618D - Hamiltonian Spanning Tree,GNU C++11,Time limit exceeded on test 3,2000 ms,7900 KB
15672562,2016-01-30 08:22:17,618D - Hamiltonian Spanning Tree,GNU C++11,Runtime error on test 3,15 ms,1600 KB
15672505,2016-01-30 08:17:34,618D - Hamiltonian Spanning Tree,GNU C++11,Wrong answer on test 2,15 ms,1600 KB
15667516,2016-01-30 00:00:10,618C - Constellation,GNU C++11,Accepted,77 ms,2400 KB
15661941,2016-01-29 21:29:14,618C - Constellation,GNU C++11,Hacked,62 ms,2400 KB
15661733,2016-01-29 21:27:32,618C - Constellation,GNU C++11,Wrong answer on pretest 4,46 ms,1200 KB
15661334,2016-01-29 21:24:07,618C - Constellation,GNU C++11,Wrong answer on pretest 4,46 ms,1200 KB
15657479,2016-01-29 20:54:20,618B - Guess the Permutation,GNU C++11,Accepted,15 ms,0 KB
15655792,2016-01-29 20:42:16,618B - Guess the Permutation,GNU C++11,Wrong answer on pretest 1,15 ms,0 KB
15651993,2016-01-29 20:22:23,618A - Slime Combining,GNU C++11,Accepted,15 ms,400 KB
15606863,2016-01-27 10:14:28,27E - Number With The Given Amount Of Divisors,GNU C++11,Accepted,30 ms,0 KB
15559218,2016-01-24 19:04:51,617E - XOR and Favorite Number,GNU C++11,Accepted,1450 ms,14900 KB
15559196,2016-01-24 19:03:37,617E - XOR and Favorite Number,GNU C++11,Wrong answer on test 7,1325 ms,11000 KB
15559151,2016-01-24 19:00:52,617E - XOR and Favorite Number,GNU C++11,Runtime error on test 7,155 ms,5500 KB
15559146,2016-01-24 19:00:27,617E - XOR and Favorite Number,GNU C++11,Runtime error on test 7,156 ms,4700 KB
15559008,2016-01-24 18:51:28,617E - XOR and Favorite Number,GNU C++11,Accepted,1793 ms,18800 KB
15556032,2016-01-24 16:13:16,617E - XOR and Favorite Number,GNU C++11,Accepted,1231 ms,18800 KB
15547301,2016-01-24 08:23:43,617E - XOR and Favorite Number,GNU C++11,Time limit exceeded on test 7,4000 ms,400 KB
15545942,2016-01-24 06:25:32,617C - Watering Flowers,GNU C++11,Accepted,62 ms,100 KB
15545932,2016-01-24 06:24:43,617C - Watering Flowers,GNU C++11,Wrong answer on test 1,0 ms,100 KB
15545679,2016-01-24 05:54:58,617C - Watering Flowers,GNU C++11,Accepted,62 ms,100 KB
15545672,2016-01-24 05:54:02,617C - Watering Flowers,GNU C++11,Compilation error,0 ms,0 KB
15545662,2016-01-24 05:53:26,617C - Watering Flowers,GNU C++11,Compilation error,0 ms,0 KB
15545658,2016-01-24 05:52:20,617C - Watering Flowers,GNU C++11,Compilation error,0 ms,0 KB
15545655,2016-01-24 05:52:09,617C - Watering Flowers,GNU C++11,Accepted,62 ms,100 KB
15545555,2016-01-24 05:41:12,617C - Watering Flowers,GNU C++11,Wrong answer on test 7,46 ms,100 KB
15538936,2016-01-23 21:19:02,617D - Polyline,GNU C++11,Accepted,15 ms,0 KB
15536743,2016-01-23 20:27:18,617B - Chocolate,GNU C++11,Accepted,15 ms,0 KB
15536048,2016-01-23 20:21:00,617D - Polyline,GNU C++11,Wrong answer on test 9,15 ms,0 KB
15533263,2016-01-23 19:58:33,617D - Polyline,GNU C++11,Hacked,15 ms,0 KB
15532940,2016-01-23 19:55:59,617D - Polyline,GNU C++11,Wrong answer on pretest 5,15 ms,0 KB
15530231,2016-01-23 19:37:00,617C - Watering Flowers,GNU C++11,Wrong answer on pretest 5,15 ms,0 KB
15529924,2016-01-23 19:34:52,617C - Watering Flowers,GNU C++11,Wrong answer on pretest 5,15 ms,0 KB
15522217,2016-01-23 18:52:06,617B - Chocolate,GNU C++11,Wrong answer on pretest 7,15 ms,0 KB
15520641,2016-01-23 18:46:11,617B - Chocolate,GNU C++11,Wrong answer on pretest 7,15 ms,0 KB
15517388,2016-01-23 18:37:38,617A - Elephant,GNU C++11,Accepted,15 ms,0 KB
15479881,2016-01-21 19:21:49,620E - New Year Tree,GNU C++11,Wrong answer on test 12,15 ms,6300 KB
15475744,2016-01-21 18:34:59,620C - Pearls in a Row,GNU C++11,Accepted,249 ms,13000 KB
15475228,2016-01-21 18:30:48,620C - Pearls in a Row,GNU C++11,Wrong answer on test 8,15 ms,3500 KB
15473870,2016-01-21 18:20:27,620B - Grandfather Dovlet’s calculator,GNU C++11,Accepted,62 ms,0 KB
15473612,2016-01-21 18:18:49,620B - Grandfather Dovlet’s calculator,GNU C++11,Wrong answer on test 3,15 ms,0 KB
15472358,2016-01-21 18:11:35,620A - Professor GukiZ's Robot,GNU C++11,Accepted,15 ms,0 KB
15389124,2016-01-15 16:12:59,614C - Peter and Snow Blower,GNU C++11,Accepted,124 ms,1600 KB
15388957,2016-01-15 16:03:10,614C - Peter and Snow Blower,GNU C++11,Wrong answer on test 20,109 ms,800 KB
15388530,2016-01-15 15:39:29,614C - Peter and Snow Blower,GNU C++11,Wrong answer on test 20,109 ms,800 KB
15388138,2016-01-15 15:14:46,614C - Peter and Snow Blower,GNU C++11,Wrong answer on test 3,15 ms,800 KB
15386800,2016-01-15 13:46:13,614B - Gena's Code,GNU C++11,Accepted,46 ms,300 KB
15386565,2016-01-15 13:29:09,614B - Gena's Code,GNU C++11,Wrong answer on test 5,15 ms,0 KB
15386311,2016-01-15 13:10:10,614A - Link/Cut Tree,GNU C++11,Accepted,15 ms,0 KB
15381850,2016-01-15 07:45:01,614A - Link/Cut Tree,GNU C++11,Wrong answer on test 44,15 ms,0 KB
15381772,2016-01-15 07:36:26,614A - Link/Cut Tree,GNU C++11,Wrong answer on test 30,15 ms,0 KB
15369659,2016-01-14 21:15:01,614B - Gena's Code,GNU C++11,Wrong answer on pretest 4,15 ms,0 KB
15364757,2016-01-14 20:46:38,614B - Gena's Code,GNU C++11,Wrong answer on pretest 4,93 ms,3900 KB
15362255,2016-01-14 20:34:31,614A - Link/Cut Tree,GNU C++11,Wrong answer on test 24,15 ms,0 KB
15360988,2016-01-14 20:29:05,614A - Link/Cut Tree,GNU C++11,Wrong answer on pretest 6,15 ms,0 KB
15359510,2016-01-14 20:23:08,614A - Link/Cut Tree,GNU C++11,Wrong answer on pretest 6,15 ms,0 KB
15358920,2016-01-14 20:20:22,614A - Link/Cut Tree,GNU C++11,Wrong answer on pretest 6,15 ms,0 KB
15358725,2016-01-14 20:19:39,614A - Link/Cut Tree,GNU C++11,Wrong answer on pretest 1,0 ms,0 KB
15356153,2016-01-14 20:09:57,614B - Gena's Code,GNU C++11,Wrong answer on pretest 4,15 ms,400 KB
15353086,2016-01-14 19:58:08,614A - Link/Cut Tree,GNU C++11,Wrong answer on pretest 6,15 ms,0 KB
15350268,2016-01-14 19:48:28,614A - Link/Cut Tree,GNU C++11,Wrong answer on pretest 3,15 ms,0 KB
15306019,2016-01-12 04:42:16,616C - The Labyrinth,GNU C++11,Time limit exceeded on test 11,1000 ms,5000 KB
15305912,2016-01-12 04:27:42,616B - Dinner with Emma,GNU C++11,Accepted,15 ms,100 KB
15305843,2016-01-12 04:16:47,616A - Comparing Two Long Integers,GNU C++11,Accepted,31 ms,3900 KB
15263730,2016-01-09 07:54:27,615B - Longtail Hedgehog,GNU C++11,Accepted,265 ms,4700 KB
15263723,2016-01-09 07:53:51,615B - Longtail Hedgehog,GNU C++11,Wrong answer on test 42,249 ms,2400 KB
15249071,2016-01-08 18:23:39,615D - Multipliers,GNU C++11,Wrong answer on pretest 4,15 ms,800 KB
15248889,2016-01-08 18:22:03,615D - Multipliers,GNU C++11,Wrong answer on pretest 4,15 ms,800 KB
15246709,2016-01-08 18:03:36,615B - Longtail Hedgehog,GNU C++11,Wrong answer on test 42,78 ms,2400 KB
15246351,2016-01-08 18:00:34,615B - Longtail Hedgehog,GNU C++11,Wrong answer on pretest 3,0 ms,2400 KB
15244960,2016-01-08 17:49:15,615B - Longtail Hedgehog,GNU C++11,Wrong answer on pretest 3,15 ms,3900 KB
15240648,2016-01-08 17:15:23,615A - Bulbs,GNU C++11,Accepted,15 ms,0 KB
15118204,2015-12-30 19:34:35,611C - New Year and Domino,GNU C++11,Hacked,2027 ms,1200 KB
15114073,2015-12-30 18:58:31,611B - New Year and Old Property,GNU C++11,Accepted,15 ms,0 KB
15109409,2015-12-30 18:32:08,611C - New Year and Domino,GNU C++11,Time limit exceeded on pretest 6,3000 ms,300 KB
15102282,2015-12-30 18:11:51,611A - New Year and Days,GNU C++11,Accepted,15 ms,0 KB
15050274,2015-12-27 15:10:29,610D - Vika and Segments,GNU C++11,Time limit exceeded on pretest 10,2000 ms,206300 KB
15047630,2015-12-27 14:46:21,610B - Vika and Squares,GNU C++11,Runtime error on test 30,124 ms,1600 KB
15046975,2015-12-27 14:42:19,610B - Vika and Squares,GNU C++11,Wrong answer on pretest 7,109 ms,800 KB
15046737,2015-12-27 14:40:54,610B - Vika and Squares,GNU C++11,Wrong answer on pretest 2,0 ms,800 KB
15046492,2015-12-27 14:39:38,610B - Vika and Squares,GNU C++11,Wrong answer on pretest 7,109 ms,800 KB
15045544,2015-12-27 14:34:15,610B - Vika and Squares,GNU C++11,Wrong answer on pretest 7,124 ms,800 KB
15043484,2015-12-27 14:25:32,610A - Pasha and Stick,GNU C++11,Accepted,15 ms,0 KB
15042943,2015-12-27 14:23:52,610A - Pasha and Stick,GNU C++11,Wrong answer on pretest 3,15 ms,0 KB
15042650,2015-12-27 14:22:36,610A - Pasha and Stick,GNU C++11,Wrong answer on pretest 2,0 ms,0 KB
14949499,2015-12-23 20:22:06,608B - Hamming Distance Sum,GNU C++11,Time limit exceeded on pretest 9,2000 ms,800 KB
14944723,2015-12-23 19:52:51,608B - Hamming Distance Sum,GNU C++11,Time limit exceeded on pretest 9,2000 ms,600 KB
14942771,2015-12-23 19:43:55,608A - Saitama Destroys Hotel,GNU C++11,Accepted,15 ms,0 KB
14912193,2015-12-21 15:18:43,609C - Load Balancing,GNU C++11,Accepted,202 ms,400 KB
14911968,2015-12-21 15:05:39,609C - Load Balancing,GNU C++11,Wrong answer on test 10,15 ms,400 KB
14885305,2015-12-19 19:14:57,609C - Load Balancing,GNU C++11,Wrong answer on test 9,15 ms,800 KB
14884736,2015-12-19 19:07:11,609C - Load Balancing,GNU C++11,Wrong answer on test 1,15 ms,800 KB
14884052,2015-12-19 18:58:59,609C - Load Balancing,GNU C++11,Wrong answer on test 9,15 ms,800 KB
14883175,2015-12-19 18:49:11,609C - Load Balancing,GNU C++11,Wrong answer on test 9,15 ms,400 KB
14882972,2015-12-19 18:46:34,609C - Load Balancing,GNU C++11,Wrong answer on test 9,15 ms,400 KB
14881908,2015-12-19 18:35:51,609B - The Best Gift,GNU C++11,Accepted,234 ms,0 KB
14881736,2015-12-19 18:34:20,609B - The Best Gift,GNU C++11,Wrong answer on test 7,15 ms,0 KB
14881522,2015-12-19 18:32:20,609B - The Best Gift,GNU C++11,Memory limit exceeded on test 7,1980 ms,262100 KB
14880891,2015-12-19 18:26:59,609B - The Best Gift,GNU C++11,Wrong answer on test 7,15 ms,0 KB
14880612,2015-12-19 18:24:40,609B - The Best Gift,GNU C++11,Wrong answer on test 7,15 ms,0 KB
14880238,2015-12-19 18:21:39,609B - The Best Gift,GNU C++11,Wrong answer on test 7,15 ms,0 KB
14880059,2015-12-19 18:20:10,609B - The Best Gift,GNU C++11,Wrong answer on test 7,15 ms,0 KB
14878502,2015-12-19 18:09:14,609A - USB Flash Drives,GNU C++11,Accepted,46 ms,0 KB
14739215,2015-12-10 07:53:45,606A - Magic Spheres,GNU C++11,Accepted,31 ms,400 KB
14732209,2015-12-09 21:03:20,606C - Sorting Railway Cars,GNU C++11,Wrong answer on pretest 3,15 ms,400 KB
14731444,2015-12-09 20:58:19,606C - Sorting Railway Cars,GNU C++11,Wrong answer on pretest 11,171 ms,800 KB
14601387,2015-12-01 20:18:59,604B - More Cowbell,GNU C++11,Runtime error on pretest 8,15 ms,1600 KB
14600972,2015-12-01 20:15:31,604B - More Cowbell,GNU C++11,Runtime error on pretest 8,15 ms,7800 KB
14600213,2015-12-01 20:08:58,604B - More Cowbell,GNU C++11,Runtime error on pretest 8,30 ms,3100 KB
14596714,2015-12-01 19:40:08,604A - Uncowed Forces,GNU C++11,Accepted,31 ms,0 KB
14596310,2015-12-01 19:37:00,604A - Uncowed Forces,GNU C++11,Wrong answer on pretest 6,0 ms,0 KB
14595736,2015-12-01 19:32:45,604A - Uncowed Forces,GNU C++11,Wrong answer on pretest 6,15 ms,0 KB
14595260,2015-12-01 19:29:24,604A - Uncowed Forces,GNU C++11,Wrong answer on pretest 6,15 ms,0 KB
14594942,2015-12-01 19:27:11,604A - Uncowed Forces,GNU C++11,Wrong answer on pretest 6,15 ms,0 KB
14378928,2015-11-20 21:00:29,599B - Spongebob and Joke,GNU C++11,Wrong answer on test 20,62 ms,1600 KB
14375226,2015-11-20 20:31:00,599B - Spongebob and Joke,GNU C++11,Time limit exceeded on pretest 6,2000 ms,2000 KB
14373783,2015-11-20 20:21:13,599B - Spongebob and Joke,GNU C++11,Time limit exceeded on pretest 6,2000 ms,1200 KB
14371887,2015-11-20 20:09:27,599B - Spongebob and Joke,GNU C++11,Wrong answer on pretest 6,62 ms,2000 KB
14367302,2015-11-20 19:47:31,599A - Patrick and Shopping,GNU C++11,Accepted,15 ms,0 KB
14366211,2015-11-20 19:44:13,599A - Patrick and Shopping,GNU C++11,Wrong answer on pretest 3,15 ms,0 KB
14364666,2015-11-20 19:40:52,599A - Patrick and Shopping,GNU C++11,Wrong answer on pretest 3,15 ms,0 KB
14281849,2015-11-15 20:36:38,596A - Wilbur and Swimming Pool,GNU C++11,Wrong answer on pretest 5,15 ms,0 KB
14281424,2015-11-15 20:32:41,596A - Wilbur and Swimming Pool,GNU C++11,Wrong answer on pretest 5,15 ms,0 KB
14281224,2015-11-15 20:30:58,596A - Wilbur and Swimming Pool,GNU C++11,Wrong answer on pretest 5,15 ms,0 KB
14281069,2015-11-15 20:29:29,596A - Wilbur and Swimming Pool,GNU C++11,Wrong answer on pretest 5,15 ms,0 KB
14281028,2015-11-15 20:29:02,596A - Wilbur and Swimming Pool,GNU C++11,Wrong answer on pretest 5,15 ms,0 KB
14280799,2015-11-15 20:26:53,596B - Wilbur and Array,GNU C++11,Wrong answer on pretest 1,15 ms,0 KB
14279907,2015-11-15 20:19:10,596B - Wilbur and Array,GNU C++11,Wrong answer on pretest 11,31 ms,0 KB
14278984,2015-11-15 20:12:02,596A - Wilbur and Swimming Pool,GNU C++11,Wrong answer on pretest 5,15 ms,0 KB
14278609,2015-11-15 20:09:19,596A - Wilbur and Swimming Pool,GNU C++11,Wrong answer on pretest 5,15 ms,0 KB
14276223,2015-11-15 19:55:43,596A - Wilbur and Swimming Pool,GNU C++11,Wrong answer on pretest 5,15 ms,0 KB
14151520,2015-11-08 20:23:35,595B - Pasha and Phone,GNU C++11,Accepted,31 ms,3100 KB
14150985,2015-11-08 20:18:58,595B - Pasha and Phone,GNU C++11,Wrong answer on pretest 2,0 ms,3100 KB
14146447,2015-11-08 19:37:56,595A - Vitaly and Night,GNU C++11,Accepted,15 ms,100 KB
14069790,2015-11-04 20:41:06,593B - Anton and Lines,GNU C++11,Time limit exceeded on pretest 16,1000 ms,800 KB
14068649,2015-11-04 20:29:46,593A - 2Char,GNU C++11,Wrong answer on test 23,15 ms,0 KB
14067791,2015-11-04 20:21:16,593A - 2Char,GNU C++11,Wrong answer on pretest 12,15 ms,0 KB
14066569,2015-11-04 20:09:40,593A - 2Char,GNU C++11,Wrong answer on pretest 7,15 ms,0 KB
13989677,2015-10-31 21:13:28,592C - The Big Race,GNU C++11,Time limit exceeded on pretest 8,1000 ms,0 KB
13988566,2015-10-31 21:05:07,592C - The Big Race,GNU C++11,Time limit exceeded on pretest 8,1000 ms,0 KB
13987774,2015-10-31 20:58:59,592C - The Big Race,GNU C++11,Time limit exceeded on pretest 8,1000 ms,0 KB
13987577,2015-10-31 20:57:27,592C - The Big Race,GNU C++11,Wrong answer on pretest 4,0 ms,0 KB
13981145,2015-10-31 20:12:45,592B - The Monster and the Squirrel,GNU C++11,Wrong answer on pretest 3,15 ms,0 KB
13979128,2015-10-31 20:00:54,592A - PawnChess,GNU C++11,Accepted,15 ms,0 KB
13648702,2015-10-15 21:46:42,588C - Duff and Weight Lifting,GNU C++11,Wrong answer on pretest 1,15 ms,15700 KB
13648528,2015-10-15 21:45:02,588C - Duff and Weight Lifting,GNU C++11,Wrong answer on pretest 1,15 ms,15700 KB
13648064,2015-10-15 21:40:19,588C - Duff and Weight Lifting,GNU C++11,Wrong answer on pretest 1,0 ms,15700 KB
13647321,2015-10-15 21:32:35,588C - Duff and Weight Lifting,GNU C++11,Wrong answer on pretest 1,31 ms,15700 KB
13646081,2015-10-15 21:20:25,588C - Duff and Weight Lifting,GNU C++11,Wrong answer on pretest 7,15 ms,15700 KB
13645152,2015-10-15 21:12:19,588C - Duff and Weight Lifting,GNU C++11,Time limit exceeded on pretest 11,1000 ms,15700 KB
13644106,2015-10-15 21:03:33,588C - Duff and Weight Lifting,GNU C++11,Wrong answer on pretest 1,0 ms,15700 KB
13643690,2015-10-15 21:00:02,588C - Duff and Weight Lifting,GNU C++11,Wrong answer on pretest 7,15 ms,15700 KB
13643162,2015-10-15 20:56:10,588C - Duff and Weight Lifting,GNU C++11,Time limit exceeded on pretest 11,1000 ms,15700 KB
13642387,2015-10-15 20:50:31,588C - Duff and Weight Lifting,GNU C++11,Wrong answer on pretest 8,31 ms,15700 KB
13641904,2015-10-15 20:47:26,588C - Duff and Weight Lifting,GNU C++11,Wrong answer on pretest 8,15 ms,7800 KB
13635001,2015-10-15 20:05:37,588B - Duff in Love,GNU C++11,Accepted,46 ms,0 KB
13634813,2015-10-15 20:04:42,588B - Duff in Love,GNU C++11,Time limit exceeded on pretest 10,2000 ms,0 KB
13634704,2015-10-15 20:04:10,588B - Duff in Love,GNU C++11,Compilation error,0 ms,0 KB
13634356,2015-10-15 20:02:21,588B - Duff in Love,GNU C++11,Wrong answer on pretest 10,15 ms,0 KB
13632333,2015-10-15 19:53:18,588B - Duff in Love,GNU C++11,Wrong answer on pretest 10,15 ms,0 KB
13630720,2015-10-15 19:46:46,588B - Duff in Love,GNU C++11,Wrong answer on pretest 10,15 ms,0 KB
13627606,2015-10-15 19:35:58,588A - Duff and Meat,GNU C++11,Accepted,46 ms,0 KB
13568678,2015-10-12 13:39:42,586C - Gennady the Dentist,GNU C++11,Accepted,31 ms,100 KB
13568301,2015-10-12 13:36:16,586C - Gennady the Dentist,GNU C++11,Wrong answer on pretest 3,15 ms,100 KB
13567911,2015-10-12 13:32:38,586C - Gennady the Dentist,GNU C++11,Wrong answer on pretest 3,15 ms,100 KB
13567655,2015-10-12 13:30:13,586C - Gennady the Dentist,GNU C++11,Wrong answer on pretest 3,15 ms,100 KB
13564862,2015-10-12 13:07:25,586B - Laurenty and Shop,GNU C++11,Accepted,15 ms,0 KB
13562437,2015-10-12 12:49:54,586A - Alena's Schedule,GNU C++11,Accepted,31 ms,0 KB
13455168,2015-10-06 21:08:14,584D - Dima and Lisa,GNU C++11,Accepted,30 ms,0 KB
13449637,2015-10-06 20:33:28,584B - Kolya and Tanya,GNU C++11,Accepted,15 ms,0 KB
13448642,2015-10-06 20:27:33,584B - Kolya and Tanya,GNU C++11,Wrong answer on pretest 6,15 ms,0 KB
13446275,2015-10-06 20:14:42,584A - Olesya and Rodion,GNU C++11,Accepted,31 ms,0 KB
13380187,2015-10-03 21:15:19,583D - Once Again...,GNU C++11,Wrong answer on pretest 3,15 ms,100 KB
13379874,2015-10-03 21:12:58,583D - Once Again...,GNU C++11,Wrong answer on pretest 2,15 ms,100 KB
13377834,2015-10-03 20:58:10,583C - GCD Table,GNU C++11,Hacked,62 ms,2000 KB
13371872,2015-10-03 20:19:38,583B - Robot's Task,GNU C++11,Accepted,31 ms,0 KB
13368198,2015-10-03 20:03:56,583A - Asphalting Roads,GNU C++11,Accepted,31 ms,0 KB
13271359,2015-09-28 13:09:01,581B - Luxurious Houses,GNU C++11,Wrong answer on hack 1,46 ms,1600 KB
13270526,2015-09-28 13:01:16,581B - Luxurious Houses,GNU C++11,Wrong answer on hack 1,62 ms,1600 KB
13267413,2015-09-28 12:37:08,581B - Luxurious Houses,GNU C++11,Hacked,61 ms,1600 KB
13263919,2015-09-28 12:17:15,581A - Vasya the Hipster,GNU C++11,Accepted,15 ms,0 KB
13163151,2015-09-22 20:50:57,580B - Kefa and Company,GNU C++11,Time limit exceeded on test 25,2000 ms,1600 KB
13161800,2015-09-22 20:43:00,580B - Kefa and Company,GNU C++11,Wrong answer on pretest 8,15 ms,1600 KB
13159479,2015-09-22 20:30:08,580B - Kefa and Company,GNU C++11,Wrong answer on pretest 8,15 ms,1600 KB
13158109,2015-09-22 20:23:27,580B - Kefa and Company,GNU C++11,Wrong answer on pretest 8,15 ms,1600 KB
13155516,2015-09-22 20:12:11,580B - Kefa and Company,GNU C++11,Wrong answer on pretest 8,15 ms,1600 KB
13154954,2015-09-22 20:09:42,580B - Kefa and Company,GNU C++11,Wrong answer on pretest 8,15 ms,1600 KB
13149756,2015-09-22 19:49:07,580A - Kefa and First Steps,GNU C++11,Accepted,46 ms,1600 KB
13028298,2015-09-16 18:23:17,579A - Raising Bacteria,GNU C++11,Accepted,15 ms,0 KB
12940167,2015-09-10 20:46:25,577B - Modulo Sum,GNU C++11,Runtime error on pretest 1,15 ms,86100 KB
12939004,2015-09-10 20:38:48,577B - Modulo Sum,GNU C++11,Wrong answer on pretest 10,30 ms,86100 KB
12938172,2015-09-10 20:32:58,577B - Modulo Sum,GNU C++11,Wrong answer on pretest 10,15 ms,86100 KB
12938109,2015-09-10 20:32:30,577B - Modulo Sum,GNU C++11,Memory limit exceeded on pretest 1,0 ms,262100 KB
12935553,2015-09-10 20:16:19,577B - Modulo Sum,GNU C++11,Wrong answer on pretest 10,15 ms,15700 KB
12934922,2015-09-10 20:12:25,577B - Modulo Sum,GNU C++11,Wrong answer on pretest 8,15 ms,15700 KB
12929128,2015-09-10 19:42:52,577A - Multiplication Table,GNU C++11,Accepted,30 ms,0 KB
12763308,2015-08-29 21:33:09,574D - Bear and Blocks,GNU C++11,Time limit exceeded on pretest 7,1000 ms,1600 KB
12762017,2015-08-29 21:22:40,574D - Bear and Blocks,GNU C++11,Wrong answer on pretest 3,15 ms,800 KB
12761206,2015-08-29 21:15:55,574D - Bear and Blocks,GNU C++11,Wrong answer on pretest 1,0 ms,800 KB
12760638,2015-08-29 21:10:58,574D - Bear and Blocks,GNU C++11,Wrong answer on pretest 3,0 ms,800 KB
12757879,2015-08-29 20:47:04,574B - Bear and Three Musketeers,GNU C++11,Accepted,62 ms,62800 KB
12757485,2015-08-29 20:43:53,574B - Bear and Three Musketeers,GNU C++11,Wrong answer on pretest 5,30 ms,62800 KB
12757392,2015-08-29 20:43:10,574B - Bear and Three Musketeers,GNU C++11,Wrong answer on pretest 5,46 ms,62800 KB
12756093,2015-08-29 20:33:57,574B - Bear and Three Musketeers,GNU C++11,Wrong answer on pretest 5,46 ms,62800 KB
12748411,2015-08-29 19:45:27,574A - Bear and Elections,GNU C++11,Accepted,15 ms,0 KB
12661611,2015-08-22 21:20:00,572C - Lengthening Sticks,GNU C++11,Time limit exceeded on pretest 6,1000 ms,0 KB
12660286,2015-08-22 21:07:11,572B - Order Book,GNU C++11,Accepted,15 ms,0 KB
12660172,2015-08-22 21:06:11,572B - Order Book,GNU C++11,Wrong answer on pretest 7,15 ms,0 KB
12659410,2015-08-22 20:59:10,572B - Order Book,GNU C++11,Wrong answer on pretest 7,15 ms,0 KB
12658671,2015-08-22 20:52:14,572B - Order Book,GNU C++11,Wrong answer on pretest 10,15 ms,0 KB
12655403,2015-08-22 20:27:14,572B - Order Book,GNU C++11,Wrong answer on pretest 10,31 ms,0 KB
12648884,2015-08-22 19:49:58,572A - Arrays,GNU C++11,Accepted,62 ms,3100 KB
12648814,2015-08-22 19:49:38,572A - Arrays,GNU C,Compilation error,0 ms,0 KB
12648648,2015-08-22 19:48:47,572A - Arrays,GNU C,Compilation error,0 ms,0 KB
