ID,Timestamp,Problem,Lang,Verdict,Time,Memory,Rank:10739
21542661,2016-10-17 19:33:04,732B - Cormen --- The Best Friend Of a Man,GNU C++11,Wrong answer on pretest 7,15 ms,2000 KB
21539210,2016-10-17 19:01:17,732D - Exams,GNU C++11,Wrong answer on pretest 4,109 ms,2900 KB
21534738,2016-10-17 18:29:06,732C - Sanatorium,GNU C++11,Accepted,30 ms,2000 KB
21527116,2016-10-17 17:52:31,732B - Cormen --- The Best Friend Of a Man,GNU C++11,Accepted,31 ms,2000 KB
21523914,2016-10-17 17:43:16,732A - Buy a Shovel,GNU C++11,Accepted,30 ms,2000 KB
21452691,2016-10-15 13:45:35,727D - T-shirts Distribution,GNU C++11,Wrong answer on pretest 3,0 ms,6800 KB
21449303,2016-10-15 13:11:16,727C - Guess the Array,GNU C++11,Accepted,77 ms,2100 KB
21449197,2016-10-15 13:10:04,727C - Guess the Array,GNU C++11,Wrong answer on pretest 1,0 ms,2100 KB
21449046,2016-10-15 13:08:32,727C - Guess the Array,GNU C++11,Wrong answer on pretest 1,0 ms,2100 KB
21448881,2016-10-15 13:06:53,727C - Guess the Array,GNU C++11,Wrong answer on pretest 1,0 ms,2100 KB
21448834,2016-10-15 13:06:27,727C - Guess the Array,GNU C++11,Compilation error,0 ms,0 KB
21448456,2016-10-15 13:02:32,727C - Guess the Array,GNU C++11,Wrong answer on pretest 1,0 ms,2200 KB
21447658,2016-10-15 12:55:03,727C - Guess the Array,GNU C++11,Wrong answer on pretest 1,0 ms,2100 KB
21445879,2016-10-15 12:37:38,727A - Transformation: from A to B,GNU C++11,Accepted,46 ms,6800 KB
21285368,2016-10-08 15:51:27,724B - Batch Sort,GNU C++11,Wrong answer on test 7,15 ms,2100 KB
21282179,2016-10-08 15:30:06,724A - Checking the Calendar,GNU C++11,Accepted,31 ms,2000 KB
21177591,2016-10-04 06:25:27,723C - Polycarp at the Radio,GNU C++11,Accepted,30 ms,100 KB
21177581,2016-10-04 06:24:56,723C - Polycarp at the Radio,GNU C++11,Wrong answer on test 1,15 ms,0 KB
21177578,2016-10-04 06:24:46,723C - Polycarp at the Radio,GNU C++11,Wrong answer on test 1,0 ms,100 KB
21177260,2016-10-04 06:00:19,723C - Polycarp at the Radio,GNU C++11,Wrong answer on test 2,0 ms,0 KB
21177247,2016-10-04 05:59:16,723D - Lakes in Berland,GNU C++11,Accepted,31 ms,200 KB
21160382,2016-10-03 16:59:42,723D - Lakes in Berland,GNU C++11,Wrong answer on pretest 5,15 ms,100 KB
21158140,2016-10-03 16:42:45,723D - Lakes in Berland,GNU C++11,Wrong answer on pretest 5,15 ms,100 KB
21158005,2016-10-03 16:41:41,723D - Lakes in Berland,GNU C++11,Wrong answer on pretest 5,15 ms,100 KB
21157923,2016-10-03 16:41:04,723D - Lakes in Berland,GNU C++11,Wrong answer on pretest 5,15 ms,100 KB
21157183,2016-10-03 16:34:53,723D - Lakes in Berland,GNU C++11,Wrong answer on pretest 5,15 ms,100 KB
21156280,2016-10-03 16:27:49,723D - Lakes in Berland,GNU C++11,Wrong answer on pretest 5,15 ms,100 KB
21155941,2016-10-03 16:25:06,723D - Lakes in Berland,GNU C++11,Wrong answer on pretest 5,15 ms,100 KB
21154104,2016-10-03 16:10:48,723D - Lakes in Berland,GNU C++11,Wrong answer on pretest 5,15 ms,100 KB
21153667,2016-10-03 16:07:27,723D - Lakes in Berland,GNU C++11,Wrong answer on pretest 1,15 ms,100 KB
21153548,2016-10-03 16:06:27,723D - Lakes in Berland,GNU C++11,Wrong answer on pretest 1,0 ms,100 KB
21153247,2016-10-03 16:04:15,723D - Lakes in Berland,GNU C++11,Wrong answer on pretest 1,0 ms,100 KB
21149342,2016-10-03 15:36:40,723C - Polycarp at the Radio,GNU C++11,Wrong answer on pretest 7,31 ms,0 KB
21147878,2016-10-03 15:26:48,723C - Polycarp at the Radio,GNU C++11,Wrong answer on pretest 7,15 ms,0 KB
21139135,2016-10-03 14:45:21,723B - Text Document Analysis,GNU C++11,Accepted,31 ms,0 KB
21135388,2016-10-03 14:36:34,723A - The New Year: Meeting Friends,GNU C++11,Accepted,15 ms,0 KB
21114501,2016-10-02 15:28:00,721C - Journey,GNU C++11,Accepted,358 ms,195900 KB
21108371,2016-10-02 10:46:13,721C - Journey,GNU C++11,Wrong answer on test 14,373 ms,98200 KB
21108275,2016-10-02 10:40:12,721C - Journey,GNU C++11,Wrong answer on test 2,0 ms,98000 KB
21108271,2016-10-02 10:39:49,721C - Journey,GNU C++11,Compilation error,0 ms,0 KB
21108090,2016-10-02 10:31:15,721C - Journey,GNU C++11,Wrong answer on test 14,374 ms,98200 KB
21067223,2016-10-01 14:26:27,721C - Journey,GNU C++11,Wrong answer on test 14,373 ms,98200 KB
21067094,2016-10-01 14:21:27,721C - Journey,GNU C++11,Wrong answer on test 3,15 ms,97900 KB
21066734,2016-10-01 14:06:25,721C - Journey,GNU C++11,Memory limit exceeded on test 1,0 ms,262100 KB
21038791,2016-09-30 18:45:48,721C - Journey,GNU C++11,Time limit exceeded on pretest 11,3000 ms,600 KB
21035367,2016-09-30 18:25:44,721C - Journey,GNU C++11,Wrong answer on pretest 4,15 ms,100 KB
21033655,2016-09-30 18:16:25,721C - Journey,GNU C++11,Wrong answer on pretest 4,15 ms,100 KB
20901421,2016-09-25 09:05:05,719C - Efim and Strange Grade,GNU C++11,Accepted,62 ms,500 KB
20901392,2016-09-25 09:03:16,719C - Efim and Strange Grade,GNU C++11,Wrong answer on test 56,78 ms,500 KB
20901338,2016-09-25 08:59:36,719C - Efim and Strange Grade,GNU C++11,Wrong answer on test 14,62 ms,500 KB
20901205,2016-09-25 08:50:07,719C - Efim and Strange Grade,GNU C++11,Wrong answer on test 2,15 ms,0 KB
20888964,2016-09-24 16:25:37,719B - Anatoly and Cockroaches,GNU C++11,Accepted,46 ms,300 KB
20863905,2016-09-23 17:56:10,719C - Efim and Strange Grade,GNU C++11,Wrong answer on pretest 1,0 ms,0 KB
20861283,2016-09-23 17:38:18,719B - Anatoly and Cockroaches,GNU C++11,Wrong answer on pretest 5,15 ms,800 KB
20856412,2016-09-23 17:11:05,719B - Anatoly and Cockroaches,GNU C++11,Wrong answer on pretest 4,15 ms,800 KB
20850604,2016-09-23 16:44:48,719A - Vitya in the Countryside,GNU C++11,Accepted,30 ms,0 KB
20844381,2016-09-23 16:24:46,719B - Anatoly and Cockroaches,GNU C++11,Wrong answer on pretest 1,0 ms,800 KB
20838395,2016-09-23 16:10:46,719A - Vitya in the Countryside,GNU C++11,Hacked,15 ms,0 KB
20691168,2016-09-17 17:09:23,716B - Complete the Word,GNU C++11,Accepted,31 ms,100 KB
20683731,2016-09-17 16:48:28,716A - Crazy Computer,GNU C++11,Accepted,280 ms,0 KB
20584202,2016-09-13 20:18:11,714C - Sonya and Queries,GNU C++11,Accepted,748 ms,5700 KB
20575823,2016-09-13 19:50:05,714B - Filya and Homework,GNU C++11,Accepted,249 ms,3500 KB
20572807,2016-09-13 19:42:39,714A - Meeting of Old Friends,GNU C++11,Accepted,31 ms,0 KB
20529059,2016-09-11 14:12:03,712C - Memory and De-Evolution,GNU C++11,Accepted,31 ms,0 KB
20526930,2016-09-11 13:05:11,712B - Memory and Trident,GNU C++11,Accepted,46 ms,200 KB
20526067,2016-09-11 12:44:25,712A - Memory and Crow,GNU C++11,Accepted,295 ms,800 KB
20278922,2016-08-30 15:25:48,711B - Chris and Magic Square,GNU C++11,Accepted,826 ms,7900 KB
20274745,2016-08-30 12:28:42,711C - Coloring Trees,GNU C++11,Accepted,311 ms,8200 KB
20245981,2016-08-29 16:10:25,711B - Chris and Magic Square,GNU C++11,Wrong answer on test 97,748 ms,7800 KB
20243711,2016-08-29 15:59:32,711B - Chris and Magic Square,GNU C++11,Wrong answer on pretest 7,15 ms,7800 KB
20238462,2016-08-29 15:37:53,711B - Chris and Magic Square,GNU C++11,Wrong answer on pretest 7,15 ms,7800 KB
20237843,2016-08-29 15:35:40,711B - Chris and Magic Square,GNU C++11,Wrong answer on pretest 4,15 ms,7800 KB
20230073,2016-08-29 15:11:42,711A - Bus to Udayland,GNU C++11,Accepted,15 ms,0 KB
20207766,2016-08-28 11:43:02,707C - Pythagorean Triples,GNU C++11,Accepted,15 ms,2000 KB
20207592,2016-08-28 11:29:08,707C - Pythagorean Triples,GNU C++11,Wrong answer on test 2,0 ms,2000 KB
20207565,2016-08-28 11:26:55,707C - Pythagorean Triples,GNU C++11,Wrong answer on test 1,0 ms,2000 KB
20206420,2016-08-28 09:48:26,707C - Pythagorean Triples,GNU C++11,Wrong answer on test 12,15 ms,2000 KB
20206411,2016-08-28 09:47:38,707C - Pythagorean Triples,GNU C++11,Wrong answer on test 12,15 ms,2000 KB
20197142,2016-08-27 17:27:10,707C - Pythagorean Triples,GNU C++11,Wrong answer on test 12,15 ms,2000 KB
20189218,2016-08-27 09:42:14,710B - Optimal Point on a Line,GNU C++11,Accepted,748 ms,3200 KB
20189202,2016-08-27 09:41:26,710B - Optimal Point on a Line,GNU C++11,Wrong answer on test 1,0 ms,3200 KB
20189164,2016-08-27 09:39:34,710B - Optimal Point on a Line,GNU C++11,Wrong answer on test 2,15 ms,3200 KB
20107550,2016-08-24 17:35:51,710A - King Moves,GNU C++11,Accepted,30 ms,2000 KB
20026464,2016-08-21 15:29:17,706C - Hard problem,GNU C++11,Accepted,202 ms,9300 KB
20026440,2016-08-21 15:27:51,706C - Hard problem,GNU C++11,Wrong answer on test 61,202 ms,9300 KB
20026065,2016-08-21 15:03:28,706C - Hard problem,GNU C++11,Wrong answer on test 7,15 ms,9100 KB
20026036,2016-08-21 15:01:52,706C - Hard problem,GNU C++11,Wrong answer on test 7,15 ms,9100 KB
20022476,2016-08-21 11:47:31,706C - Hard problem,GNU C++11,Wrong answer on test 2,15 ms,9100 KB
20022320,2016-08-21 11:39:42,706C - Hard problem,GNU C++11,Wrong answer on test 1,15 ms,9100 KB
20018530,2016-08-21 07:32:48,707A - Brain's Photos,GNU C++11,Accepted,15 ms,2000 KB
19998642,2016-08-20 17:22:22,707B - Bakery,GNU C++11,Accepted,156 ms,11000 KB
19998411,2016-08-20 17:20:54,707B - Bakery,GNU C++11,Runtime error on pretest 1,0 ms,4500 KB
19998085,2016-08-20 17:18:25,707B - Bakery,GNU C++11,Runtime error on pretest 1,0 ms,4500 KB
19997079,2016-08-20 17:11:27,707B - Bakery,GNU C++11,Time limit exceeded on pretest 6,2000 ms,4500 KB
19996867,2016-08-20 17:10:08,707B - Bakery,GNU C++11,Time limit exceeded on pretest 6,2000 ms,4500 KB
19983239,2016-08-20 16:09:24,707A - Brain's Photos,GNU C++11,Wrong answer on test 5,15 ms,2000 KB
19346187,2016-07-22 21:27:17,701C - They Are Everywhere,GNU C++11,Accepted,46 ms,1000 KB
19346002,2016-07-22 21:25:43,701C - They Are Everywhere,GNU C++11,Wrong answer on pretest 10,15 ms,800 KB
19344716,2016-07-22 21:13:54,701C - They Are Everywhere,GNU C++11,Wrong answer on pretest 11,15 ms,1000 KB
19342377,2016-07-22 20:54:36,701C - They Are Everywhere,GNU C++11,Wrong answer on pretest 10,15 ms,400 KB
19341841,2016-07-22 20:50:09,701C - They Are Everywhere,GNU C++11,Wrong answer on pretest 3,15 ms,400 KB
19340539,2016-07-22 20:39:46,701B - Cells Not Under Attack,GNU C++11,Accepted,888 ms,1600 KB
19340302,2016-07-22 20:37:55,701B - Cells Not Under Attack,GNU C++11,Wrong answer on pretest 1,0 ms,1600 KB
19339848,2016-07-22 20:34:33,701A - Cards,GNU C++11,Accepted,15 ms,0 KB
19335453,2016-07-22 20:08:22,701B - Cells Not Under Attack,GNU C++11,Wrong answer on pretest 4,15 ms,1600 KB
19275258,2016-07-20 11:37:04,416C - Booking System,GNU C++11,Accepted,31 ms,0 KB
19275129,2016-07-20 11:33:00,416C - Booking System,GNU C++11,Wrong answer on test 5,15 ms,0 KB
19270294,2016-07-20 08:31:10,699C - Vacations,GNU C++11,Accepted,31 ms,0 KB
19253279,2016-07-19 18:00:05,699C - Vacations,GNU C++11,Wrong answer on pretest 6,15 ms,0 KB
19245797,2016-07-19 17:09:49,699C - Vacations,GNU C++11,Wrong answer on pretest 6,15 ms,0 KB
19243157,2016-07-19 16:55:01,699C - Vacations,GNU C++11,Wrong answer on pretest 6,15 ms,0 KB
19234524,2016-07-19 16:17:55,699B - One Bomb,GNU C++11,Accepted,546 ms,1000 KB
19232429,2016-07-19 16:10:58,699A - Launch of Collider,GNU C++11,Accepted,498 ms,1300 KB
19209186,2016-07-18 13:06:05,443A - Anton and Letters,GNU C++11,Accepted,15 ms,0 KB
19208613,2016-07-18 12:32:52,272C - Dima and Staircase,GNU C++11,Accepted,1744 ms,800 KB
19208424,2016-07-18 12:23:56,272C - Dima and Staircase,GNU C++11,Wrong answer on test 6,30 ms,800 KB
19205848,2016-07-18 10:51:11,327A - Flipping Game,GNU C++11,Accepted,30 ms,0 KB
19204777,2016-07-18 10:20:18,258A - Little Elephant and Bits,GNU C++11,Accepted,92 ms,200 KB
19204603,2016-07-18 10:15:06,456A - Laptops,GNU C++11,Accepted,373 ms,400 KB
19203403,2016-07-18 09:19:01,264A - Escape from Stones,GNU C++11,Accepted,1169 ms,6100 KB
19202949,2016-07-18 09:01:31,349A - Cinema Line,GNU C++11,Accepted,280 ms,0 KB
19202532,2016-07-18 08:44:58,166A - Rank List,GNU C++11,Accepted,30 ms,0 KB
19201030,2016-07-18 07:43:08,230B - T-primes,GNU C++11,Accepted,280 ms,1000 KB
19200736,2016-07-18 07:29:42,230B - T-primes,GNU C++11,Wrong answer on test 3,30 ms,1000 KB
19200629,2016-07-18 07:24:24,230B - T-primes,GNU C++11,Time limit exceeded on test 7,2000 ms,1000 KB
19200604,2016-07-18 07:23:24,230B - T-primes,GNU C++11,Time limit exceeded on test 7,2000 ms,1000 KB
19188853,2016-07-17 14:01:39,363B - Fence,GNU C++11,Accepted,265 ms,1200 KB
19188843,2016-07-17 14:00:39,363B - Fence,GNU C++11,Wrong answer on test 1,0 ms,1200 KB
19188835,2016-07-17 14:00:12,363B - Fence,GNU C++11,Compilation error,0 ms,0 KB
19188810,2016-07-17 13:58:58,363B - Fence,GNU C++11,Wrong answer on test 1,0 ms,1200 KB
19188684,2016-07-17 13:48:23,437C - The Child and Toy,GNU C++11,Accepted,31 ms,0 KB
19184294,2016-07-17 08:13:04,414B - Mashmokh and ACM,GNU C++11,Accepted,78 ms,15700 KB
19184007,2016-07-17 07:44:05,219A - k-String,GNU C++11,Accepted,30 ms,0 KB
19183784,2016-07-17 07:24:12,118B - Present from Lena,GNU C++11,Accepted,30 ms,0 KB
19183775,2016-07-17 07:22:30,118B - Present from Lena,GNU C++11,Wrong answer on test 1,0 ms,0 KB
19183766,2016-07-17 07:21:00,118B - Present from Lena,GNU C++11,Wrong answer on test 1,30 ms,0 KB
19183747,2016-07-17 07:18:34,118B - Present from Lena,GNU C++11,Wrong answer on test 1,0 ms,0 KB
19183731,2016-07-17 07:16:08,118B - Present from Lena,GNU C++11,Wrong answer on test 1,30 ms,0 KB
19172403,2016-07-16 14:35:30,118B - Present from Lena,GNU C++11,Wrong answer on test 1,30 ms,0 KB
19172235,2016-07-16 14:25:12,463B - Caisa and Pylons,GNU C++11,Accepted,187 ms,0 KB
19172181,2016-07-16 14:22:08,463B - Caisa and Pylons,GNU C++11,Wrong answer on test 3,30 ms,0 KB
19172061,2016-07-16 14:13:33,463B - Caisa and Pylons,GNU C++11,Wrong answer on test 3,0 ms,0 KB
19171911,2016-07-16 14:02:09,96A - Football,GNU C++11,Accepted,30 ms,0 KB
19171822,2016-07-16 13:57:17,285A - Slightly Decreasing Permutations,GNU C++11,Accepted,124 ms,0 KB
19171520,2016-07-16 13:40:12,339B - Xenia and Ringroad,GNU C++11,Accepted,372 ms,0 KB
19170436,2016-07-16 12:23:00,112A - Petya and Strings,GNU C++11,Accepted,30 ms,0 KB
19170303,2016-07-16 12:15:22,110A - Nearly Lucky Number,GNU C++11,Accepted,30 ms,0 KB
19169702,2016-07-16 11:42:10,136A - Presents,GNU C++11,Accepted,30 ms,0 KB
19169043,2016-07-16 11:11:15,479D - Long Jumps,GNU C++11,Accepted,327 ms,3500 KB
19167596,2016-07-16 09:52:06,479D - Long Jumps,GNU C++11,Wrong answer on test 11,249 ms,3500 KB
19167498,2016-07-16 09:46:53,479D - Long Jumps,GNU C++11,Wrong answer on test 61,280 ms,3500 KB
19167466,2016-07-16 09:44:58,479D - Long Jumps,GNU C++11,Wrong answer on test 11,234 ms,3500 KB
19167405,2016-07-16 09:41:07,479D - Long Jumps,GNU C++11,Wrong answer on test 11,249 ms,3500 KB
19152270,2016-07-15 14:54:30,697B - Barnicle,GNU C++11,Accepted,15 ms,0 KB
19152255,2016-07-15 14:53:49,697B - Barnicle,GNU C++11,Wrong answer on test 17,15 ms,0 KB
19152195,2016-07-15 14:50:45,697B - Barnicle,GNU C++11,Wrong answer on test 30,15 ms,0 KB
19152112,2016-07-15 14:47:26,697B - Barnicle,GNU C++11,Wrong answer on test 29,15 ms,0 KB
19128491,2016-07-14 21:13:12,697B - Barnicle,GNU C++11,Wrong answer on pretest 5,15 ms,0 KB
19119583,2016-07-14 20:08:56,697B - Barnicle,GNU C++11,Hacked,15 ms,0 KB
19114169,2016-07-14 19:45:54,697B - Barnicle,GNU C++11,Wrong answer on pretest 7,15 ms,0 KB
19112727,2016-07-14 19:42:05,697A - Pineapple Incident,GNU C++11,Accepted,15 ms,0 KB
18972349,2016-07-08 18:30:54,460B - Little Dima and Equation,GNU C++11,Accepted,15 ms,0 KB
18971656,2016-07-08 17:43:05,276D - Little Girl and Maximum XOR,GNU C++11,Accepted,30 ms,0 KB
18971651,2016-07-08 17:42:25,276D - Little Girl and Maximum XOR,GNU C++11,Wrong answer on test 3,30 ms,0 KB
18952057,2016-07-07 16:13:01,689B - Mike and Shortcuts,GNU C++11,Accepted,311 ms,32100 KB
18952037,2016-07-07 16:11:44,689B - Mike and Shortcuts,GNU C++11,Time limit exceeded on test 10,3000 ms,22300 KB
18951997,2016-07-07 16:10:02,689B - Mike and Shortcuts,GNU C++11,Time limit exceeded on test 10,3000 ms,21500 KB
18951882,2016-07-07 16:04:04,689B - Mike and Shortcuts,GNU C++11,Time limit exceeded on test 10,3000 ms,21500 KB
18928783,2016-07-06 20:32:49,689B - Mike and Shortcuts,GNU C++11,Wrong answer on pretest 4,15 ms,19600 KB
18926207,2016-07-06 20:13:12,689B - Mike and Shortcuts,GNU C++11,Wrong answer on pretest 4,15 ms,19600 KB
18925849,2016-07-06 20:10:17,689B - Mike and Shortcuts,GNU C++11,Wrong answer on pretest 4,15 ms,19600 KB
18918570,2016-07-06 15:28:15,483B - Friends and Presents,GNU C++11,Accepted,30 ms,0 KB
18903065,2016-07-05 18:00:15,225C - Barcode,GNU C++11,Accepted,498 ms,2000 KB
18864690,2016-07-03 11:16:50,339D - Xenia and Bit Operations,GNU C++11,Accepted,1996 ms,2400 KB
18863921,2016-07-03 09:53:26,339D - Xenia and Bit Operations,GNU C++11,Wrong answer on test 7,1214 ms,2400 KB
18863816,2016-07-03 09:41:07,339D - Xenia and Bit Operations,GNU C++11,Wrong answer on test 7,1214 ms,1200 KB
18856311,2016-07-02 18:26:49,189A - Cut Ribbon,GNU C++11,Accepted,15 ms,0 KB
18856124,2016-07-02 18:12:08,189A - Cut Ribbon,GNU C++11,Wrong answer on test 5,15 ms,0 KB
18856120,2016-07-02 18:11:40,189A - Cut Ribbon,GNU C++11,Wrong answer on test 3,0 ms,0 KB
18855973,2016-07-02 17:58:19,115A - Party,GNU C++11,Accepted,62 ms,200 KB
18855812,2016-07-02 17:45:10,433B - Kuriyama Mirai's Stones,GNU C++11,Accepted,1169 ms,1600 KB
18855412,2016-07-02 17:16:08,313B - Ilya and Queries,GNU C++11,Accepted,1466 ms,1000 KB
18855282,2016-07-02 17:07:39,285C - Building Permutation,GNU C++11,Accepted,1590 ms,2400 KB
18855217,2016-07-02 17:03:54,118A - String Task,GNU C++11,Accepted,30 ms,0 KB
18855139,2016-07-02 16:57:10,337A - Puzzles,GNU C++11,Accepted,30 ms,0 KB
18855074,2016-07-02 16:51:34,160A - Twins,GNU C++11,Accepted,30 ms,0 KB
18855027,2016-07-02 16:48:20,58A - Chat room,GNU C++11,Accepted,30 ms,0 KB
18853370,2016-07-02 14:34:15,270A - Fancy Fence,GNU C++11,Accepted,30 ms,0 KB
18852340,2016-07-02 13:02:17,71A - Way Too Long Words,GNU C++11,Accepted,62 ms,0 KB
18852310,2016-07-02 12:58:33,141A - Amusing Joke,GNU C++11,Accepted,30 ms,0 KB
18852241,2016-07-02 12:53:30,61A - Ultra-Fast Mathematician,GNU C++11,Accepted,31 ms,0 KB
18852202,2016-07-02 12:50:34,116A - Tram,GNU C++11,Accepted,30 ms,0 KB
18851145,2016-07-02 11:28:53,385C - Bear and Prime Numbers,GNU C++11,Accepted,1029 ms,88100 KB
18851123,2016-07-02 11:27:33,385C - Bear and Prime Numbers,GNU C++11,Time limit exceeded on test 8,2000 ms,88100 KB
18850033,2016-07-02 09:46:12,385C - Bear and Prime Numbers,GNU C++11,Time limit exceeded on test 8,2000 ms,94200 KB
18838345,2016-07-01 13:08:09,687C - The Values You Can Make,GNU C++11,Accepted,124 ms,2000 KB
18823421,2016-06-30 15:22:53,688C - NP-Hard Problem,GNU C++11,Accepted,234 ms,10500 KB
18807026,2016-06-29 21:55:34,688C - NP-Hard Problem,GNU C++11,Wrong answer on pretest 15,202 ms,9500 KB
18806101,2016-06-29 21:49:15,688C - NP-Hard Problem,GNU C++11,Wrong answer on pretest 15,436 ms,6500 KB
18788787,2016-06-29 20:14:08,688B - Lovely Palindromes,GNU C++11,Accepted,15 ms,200 KB
18787788,2016-06-29 20:11:49,688A - Opponents,GNU C++11,Accepted,15 ms,0 KB
18784331,2016-06-29 17:06:09,371C - Hamburgers,GNU C++11,Accepted,15 ms,0 KB
18784285,2016-06-29 17:02:54,371C - Hamburgers,GNU C++11,Wrong answer on test 9,15 ms,0 KB
18784254,2016-06-29 17:00:53,371C - Hamburgers,GNU C++11,Wrong answer on test 5,15 ms,0 KB
18782036,2016-06-29 14:17:55,217A - Ice Skating,GNU C++11,Accepted,62 ms,0 KB
18780406,2016-06-29 12:12:00,377A - Maze,GNU C++11,Accepted,218 ms,16100 KB
18770067,2016-06-28 19:00:16,220A - Little Elephant and Problem,GNU C++11,Accepted,234 ms,800 KB
18769956,2016-06-28 18:51:15,459C - Pashmak and Buses,GNU C++11,Accepted,514 ms,4500 KB
18769939,2016-06-28 18:49:42,459C - Pashmak and Buses,GNU C++11,Wrong answer on test 8,264 ms,2200 KB
18769917,2016-06-28 18:48:15,459C - Pashmak and Buses,GNU C++11,Wrong answer on test 6,15 ms,600 KB
18769854,2016-06-28 18:43:30,459C - Pashmak and Buses,GNU C++11,Wrong answer on test 3,15 ms,600 KB
18749902,2016-06-27 13:03:07,350C - Bombs,GNU C++11,Accepted,1590 ms,8800 KB
18749846,2016-06-27 12:58:12,350C - Bombs,GNU C++11,Time limit exceeded on test 31,2000 ms,8800 KB
18749401,2016-06-27 12:22:59,339C - Xenia and Weights,GNU C++11,Accepted,15 ms,0 KB
18749392,2016-06-27 12:21:52,339C - Xenia and Weights,GNU C++11,Wrong answer on test 4,15 ms,0 KB
18735022,2016-06-26 15:11:03,9C - Hexadecimal's Numbers,GNU C++11,Accepted,30 ms,0 KB
18735000,2016-06-26 15:10:20,9C - Hexadecimal's Numbers,GNU C++11,Wrong answer on test 15,60 ms,0 KB
18734975,2016-06-26 15:09:25,9C - Hexadecimal's Numbers,GNU C++11,Wrong answer on test 15,30 ms,0 KB
18733748,2016-06-26 14:20:12,9C - Hexadecimal's Numbers,GNU C++11,Wrong answer on test 15,30 ms,0 KB
18733103,2016-06-26 13:38:31,388A - Fox and Box Accumulation,GNU C++11,Accepted,15 ms,0 KB
18729943,2016-06-26 08:41:39,382C - Arithmetic Progression,GNU C++11,Accepted,234 ms,2400 KB
18729928,2016-06-26 08:40:34,382C - Arithmetic Progression,GNU C++11,Wrong answer on test 9,15 ms,2400 KB
18729519,2016-06-26 07:43:16,382C - Arithmetic Progression,GNU C++11,Wrong answer on test 16,15 ms,2400 KB
18729507,2016-06-26 07:42:14,382C - Arithmetic Progression,GNU C++11,Wrong answer on test 9,0 ms,2400 KB
18729488,2016-06-26 07:39:38,382C - Arithmetic Progression,GNU C++11,Wrong answer on test 9,15 ms,2400 KB
18729445,2016-06-26 07:34:33,382C - Arithmetic Progression,GNU C++11,Wrong answer on test 7,15 ms,2400 KB
18729067,2016-06-26 06:43:15,109A - Lucky Sum of Digits,GNU C++11,Accepted,122 ms,0 KB
18721562,2016-06-25 18:00:16,152C - Pocket Book,GNU C++11,Accepted,30 ms,0 KB
18719563,2016-06-25 15:45:48,463C - Gargari and Bishops,GNU C++11,Accepted,2277 ms,31800 KB
18719542,2016-06-25 15:44:45,463C - Gargari and Bishops,GNU C++11,Wrong answer on test 8,1887 ms,31800 KB
18719518,2016-06-25 15:43:14,463C - Gargari and Bishops,GNU C++11,Time limit exceeded on test 7,3000 ms,31800 KB
18694053,2016-06-24 08:11:06,686C - Robbers' watch,GNU C++11,Accepted,30 ms,0 KB
18693988,2016-06-24 08:04:38,686C - Robbers' watch,GNU C++11,Wrong answer on test 3,15 ms,0 KB
18670894,2016-06-23 19:47:06,686B - Little Robber Girl's Zoo,GNU C++11,Accepted,30 ms,0 KB
18667534,2016-06-23 19:38:03,686A - Free Ice Cream,GNU C++11,Accepted,15 ms,0 KB
18647812,2016-06-22 17:06:04,490C - Hacking Cypher,GNU C++11,Accepted,389 ms,11700 KB
18643401,2016-06-22 11:56:42,363C - Fixing Typos,GNU C++11,Accepted,46 ms,700 KB
18643182,2016-06-22 11:44:11,363C - Fixing Typos,GNU C++11,Wrong answer on test 3,15 ms,0 KB
18643146,2016-06-22 11:41:59,363C - Fixing Typos,GNU C++11,Wrong answer on test 3,15 ms,0 KB
18643139,2016-06-22 11:41:42,363C - Fixing Typos,GNU C++11,Wrong answer on test 1,15 ms,0 KB
18633127,2016-06-21 19:08:55,486C - Palindrome Transformation,GNU C++11,Accepted,31 ms,300 KB
18633106,2016-06-21 19:07:08,486C - Palindrome Transformation,GNU C++11,Wrong answer on test 7,30 ms,200 KB
18632937,2016-06-21 18:56:09,486C - Palindrome Transformation,GNU C++11,Wrong answer on test 3,0 ms,0 KB
18632884,2016-06-21 18:52:07,486C - Palindrome Transformation,GNU C++11,Wrong answer on test 2,15 ms,0 KB
18632825,2016-06-21 18:46:56,486C - Palindrome Transformation,GNU C++11,Wrong answer on test 2,0 ms,0 KB
18632823,2016-06-21 18:46:39,486C - Palindrome Transformation,GNU C++11,Wrong answer on test 1,15 ms,0 KB
18630342,2016-06-21 15:50:03,441C - Valera and Tubes,GNU C++11,Accepted,124 ms,8000 KB
18627771,2016-06-21 13:02:52,431C - k-Tree,GNU C++11,Accepted,15 ms,0 KB
18624391,2016-06-21 07:59:20,268C - Beautiful Sets of Points,GNU C++11,Accepted,30 ms,0 KB
18624141,2016-06-21 07:20:52,478C - Table Decorations,GNU C++11,Accepted,15 ms,0 KB
18576522,2016-06-18 13:13:03,682C - Alyona and the Tree,GNU C++11,Accepted,702 ms,17900 KB
18570050,2016-06-18 06:04:16,682C - Alyona and the Tree,GNU C++11,Wrong answer on test 1,15 ms,3000 KB
18560300,2016-06-17 20:55:36,682C - Alyona and the Tree,GNU C++11,Wrong answer on pretest 4,15 ms,3000 KB
18560241,2016-06-17 20:54:58,682C - Alyona and the Tree,GNU C++11,Wrong answer on pretest 1,15 ms,3000 KB
18551470,2016-06-17 19:56:05,682B - Alyona and Mex,GNU C++11,Accepted,234 ms,400 KB
18551126,2016-06-17 19:54:40,682B - Alyona and Mex,GNU C++11,Wrong answer on pretest 2,0 ms,400 KB
18548911,2016-06-17 19:45:49,682A - Alyona and Numbers,GNU C++11,Accepted,15 ms,0 KB
18541896,2016-06-17 14:49:49,478C - Table Decorations,GNU C++11,Wrong answer on test 4,15 ms,0 KB
18541566,2016-06-17 14:32:32,478C - Table Decorations,GNU C++11,Wrong answer on test 8,15 ms,0 KB
18541385,2016-06-17 14:23:00,455A - Boredom,GNU C++11,Accepted,312 ms,3100 KB
18541370,2016-06-17 14:22:19,455A - Boredom,GNU C++11,Wrong answer on test 12,187 ms,1600 KB
18541092,2016-06-17 14:06:15,479C - Exams,GNU C++11,Accepted,46 ms,100 KB
18538896,2016-06-17 11:19:28,401C - Team,GNU C++11,Accepted,607 ms,0 KB
18538361,2016-06-17 10:39:27,466C - Number of Ways,GNU C++11,Accepted,1294 ms,19600 KB
18538352,2016-06-17 10:38:49,466C - Number of Ways,GNU C++11,Wrong answer on test 1,0 ms,19700 KB
18537305,2016-06-17 09:37:26,466C - Number of Ways,GNU C++11,Wrong answer on test 17,592 ms,19600 KB
18471705,2016-06-14 20:56:49,681C - Heap Operations,GNU C++11,Accepted,686 ms,7000 KB
18470215,2016-06-14 20:46:00,681C - Heap Operations,GNU C++11,Wrong answer on pretest 8,15 ms,2200 KB
18468494,2016-06-14 20:34:49,681C - Heap Operations,GNU C++11,Wrong answer on pretest 4,15 ms,2200 KB
18468432,2016-06-14 20:34:26,681C - Heap Operations,GNU C++11,Compilation error,0 ms,0 KB
18467918,2016-06-14 20:31:08,681C - Heap Operations,GNU C++11,Wrong answer on pretest 4,15 ms,2200 KB
18467413,2016-06-14 20:28:06,681C - Heap Operations,GNU C++11,Wrong answer on pretest 4,15 ms,2000 KB
18459825,2016-06-14 19:48:26,681B - Economy Game,GNU C++11,Accepted,31 ms,2200 KB
18456974,2016-06-14 19:40:29,681A - A Good Contest,GNU C++11,Accepted,15 ms,2200 KB
18455851,2016-06-14 19:29:47,466C - Number of Ways,GNU C++11,Wrong answer on test 17,592 ms,21800 KB
18450836,2016-06-14 15:21:10,466C - Number of Ways,GNU C++11,Wrong answer on test 17,592 ms,12000 KB
18450526,2016-06-14 15:04:43,466C - Number of Ways,GNU C++11,Wrong answer on test 6,109 ms,11800 KB
17872419,2016-05-12 11:45:03,672C - Recycling Bottles,GNU C++11,Accepted,1357 ms,7000 KB
17848900,2016-05-11 19:46:59,672B - Different is Good,GNU C++11,Accepted,15 ms,2200 KB
17848542,2016-05-11 19:45:50,672B - Different is Good,GNU C++11,Wrong answer on pretest 8,61 ms,2000 KB
17847066,2016-05-11 19:40:41,672A - Summer Camp,GNU C++11,Accepted,15 ms,2200 KB
17494733,2016-04-24 21:08:50,641C - Little Artem and Dance,GNU C++11,Time limit exceeded on test 11,2000 ms,6100 KB
17494397,2016-04-24 21:05:26,641C - Little Artem and Dance,GNU C++11,Wrong answer on pretest 4,15 ms,5900 KB
17493803,2016-04-24 20:59:49,641C - Little Artem and Dance,GNU C++11,Wrong answer on pretest 8,15 ms,6000 KB
17493418,2016-04-24 20:56:06,641C - Little Artem and Dance,GNU C++11,Wrong answer on pretest 5,15 ms,6000 KB
17488855,2016-04-24 20:16:19,641A - Little Artem and Grasshopper,GNU C++11,Accepted,78 ms,8100 KB
17488281,2016-04-24 20:11:41,641B - Little Artem and Matrix,GNU C++11,Accepted,31 ms,14000 KB
17485685,2016-04-24 19:54:48,641B - Little Artem and Matrix,GNU C++11,Wrong answer on pretest 6,31 ms,13800 KB
17484981,2016-04-24 19:50:49,641B - Little Artem and Matrix,GNU C++11,Wrong answer on pretest 6,31 ms,13800 KB
17464937,2016-04-23 07:26:25,466C - Number of Ways,GNU C++11,Wrong answer on test 4,15 ms,4100 KB
17464731,2016-04-23 06:48:08,489C - Given Length and Sum of Digits...,GNU C++11,Accepted,30 ms,2200 KB
17464706,2016-04-23 06:40:32,489C - Given Length and Sum of Digits...,GNU C++11,Wrong answer on test 3,0 ms,2000 KB
17395537,2016-04-20 09:43:38,489C - Given Length and Sum of Digits...,GNU C++11,Wrong answer on test 3,15 ms,2000 KB
17395517,2016-04-20 09:40:34,489C - Given Length and Sum of Digits...,GNU C++11,Wrong answer on test 2,0 ms,2000 KB
17346237,2016-04-16 20:02:06,664B - Rebus,GNU C++11,Wrong answer on pretest 5,15 ms,0 KB
17343210,2016-04-16 19:37:04,664A - Complicated GCD,GNU C++11,Accepted,15 ms,0 KB
17253651,2016-04-09 17:38:52,660C - Hard Process,GNU C++11,Accepted,468 ms,3300 KB
17247568,2016-04-09 06:41:49,660B - Seating On Bus,GNU C++11,Accepted,15 ms,2200 KB
17247222,2016-04-09 05:43:11,660A - Co-prime Array,GNU C++11,Accepted,31 ms,2200 KB
17103763,2016-04-01 19:41:51,656A - Da Vinci Powers,GNU C++11,Wrong answer on test 3,15 ms,2000 KB
17103414,2016-04-01 19:40:02,656A - Da Vinci Powers,GNU C++11,Wrong answer on test 3,15 ms,2200 KB
17102606,2016-04-01 19:35:51,656A - Da Vinci Powers,GNU C++11,Wrong answer on test 3,0 ms,2000 KB
17100793,2016-04-01 19:26:24,656B - Scrambled,GNU C++11,Wrong answer on test 6,15 ms,2000 KB
17098945,2016-04-01 19:16:48,656A - Da Vinci Powers,GNU C++11,Wrong answer on test 3,15 ms,2200 KB
17098427,2016-04-01 19:14:25,656A - Da Vinci Powers,GNU C++11,Wrong answer on test 3,15 ms,2000 KB
17055601,2016-03-30 21:06:06,659D - Bicycle Race,GNU C++11,Accepted,15 ms,2200 KB
17049520,2016-03-30 20:11:52,659C - Tanya and Toys,GNU C++11,Accepted,327 ms,6900 KB
17048859,2016-03-30 20:07:28,659C - Tanya and Toys,GNU C++11,Wrong answer on pretest 10,202 ms,5200 KB
17047220,2016-03-30 19:56:51,659B - Qualifying Contest,GNU C++11,Wrong answer on test 15,561 ms,104000 KB
17047011,2016-03-30 19:55:22,659B - Qualifying Contest,GNU C++11,Wrong answer on pretest 1,15 ms,2200 KB
17046485,2016-03-30 19:52:11,659B - Qualifying Contest,GNU C++11,Wrong answer on pretest 1,0 ms,2200 KB
17040335,2016-03-30 19:19:52,659A - Round House,GNU C++11,Accepted,15 ms,2200 KB
17039082,2016-03-30 19:14:38,659A - Round House,GNU C++11,Wrong answer on pretest 7,30 ms,2000 KB
16999707,2016-03-28 20:36:24,639B - Bear and Forgotten Tree 3,GNU C++11,Accepted,124 ms,10100 KB
16996643,2016-03-28 20:15:10,639B - Bear and Forgotten Tree 3,GNU C++11,Hacked,93 ms,10100 KB
16993527,2016-03-28 19:55:48,639B - Bear and Forgotten Tree 3,GNU C++11,Wrong answer on pretest 5,15 ms,10100 KB
16991051,2016-03-28 19:43:28,639A - Bear and Displayed Friends,GNU C++11,Accepted,1028 ms,3100 KB
16849294,2016-03-21 06:04:50,638C - Road Improvement,GNU C++11,Accepted,514 ms,49500 KB
16843356,2016-03-20 20:03:54,638B - Making Genome in Berland,GNU C++11,Accepted,15 ms,2200 KB
16839298,2016-03-20 16:25:17,638A - Home Numbers,GNU C++11,Accepted,15 ms,2200 KB
16693207,2016-03-13 15:56:34,637C - Promocodes with Mistakes,GNU C++11,Accepted,31 ms,23500 KB
16691939,2016-03-13 15:20:33,637B - Chat Order,GNU C++11,Accepted,389 ms,32900 KB
16691728,2016-03-13 15:15:02,637B - Chat Order,GNU C++11,Skipped,842 ms,13800 KB
16691559,2016-03-13 15:10:51,637A - Voting for Photos,GNU C++11,Accepted,15 ms,31300 KB
16611699,2016-03-09 08:29:12,651E - Table Compression,GNU C++11,Wrong answer on test 1,15 ms,0 KB
16611457,2016-03-09 07:58:11,651C - Watchmen,GNU C++11,Accepted,1263 ms,17100 KB
16611340,2016-03-09 07:40:53,651B - Beautiful Paintings,GNU C++11,Accepted,15 ms,0 KB
16611280,2016-03-09 07:31:18,651B - Beautiful Paintings,GNU C++11,Wrong answer on test 6,15 ms,0 KB
16611134,2016-03-09 07:04:49,651A - Joysticks,GNU C++11,Accepted,15 ms,0 KB
16611125,2016-03-09 07:03:30,651A - Joysticks,GNU C++11,Wrong answer on test 7,15 ms,0 KB
16554243,2016-03-06 18:21:27,631C - Report,GNU C++11,Wrong answer on test 14,811 ms,3900 KB
16550547,2016-03-06 13:36:12,631C - Report,GNU C++11,Time limit exceeded on test 26,2000 ms,2400 KB
16550537,2016-03-06 13:35:34,631C - Report,GNU C++11,Wrong answer on test 1,0 ms,2400 KB
16526196,2016-03-05 07:47:56,631C - Report,GNU C++11,Wrong answer on test 13,857 ms,2400 KB
16525851,2016-03-05 06:54:46,631C - Report,GNU C++11,Wrong answer on test 2,0 ms,2400 KB
16525846,2016-03-05 06:54:04,631C - Report,GNU C++11,Wrong answer on test 1,0 ms,2500 KB
16515639,2016-03-04 16:17:18,632C - The Smallest String Concatenation,GNU C++11,Accepted,296 ms,2600 KB
16515624,2016-03-04 16:16:16,632C - The Smallest String Concatenation,GNU C++11,Wrong answer on test 1,0 ms,2500 KB
16515327,2016-03-04 16:01:11,632C - The Smallest String Concatenation,GNU C++11,Wrong answer on test 4,15 ms,2600 KB
16512627,2016-03-04 13:04:16,632A - Grandma Laura and Apples,GNU C++11,Accepted,15 ms,0 KB
16512621,2016-03-04 13:03:45,632A - Grandma Laura and Apples,GNU C++11,Wrong answer on test 8,15 ms,0 KB
16509760,2016-03-04 09:40:11,631B - Print Check,GNU C++11,Accepted,733 ms,99100 KB
16508203,2016-03-04 06:52:50,631A - Interview,GNU C++11,Accepted,15 ms,0 KB
16508139,2016-03-04 06:44:25,631A - Interview,GNU C++11,Compilation error,15 ms,0 KB
16507614,2016-03-04 05:37:08,631A - Interview,GNU C++11,Wrong answer on test 12,31 ms,0 KB
16438342,2016-03-01 12:20:12,633C - Spy Syndrome 2,GNU C++11,Wrong answer on test 53,280 ms,114500 KB
16436879,2016-03-01 10:19:04,456D - A Lot of Games,GNU C++11,Accepted,93 ms,10200 KB
16436877,2016-03-01 10:18:50,456D - A Lot of Games,GNU C++11,Wrong answer on test 1,0 ms,10200 KB
16436168,2016-03-01 09:06:01,456D - A Lot of Games,GNU C++11,Wrong answer on test 71,93 ms,10200 KB
16435944,2016-03-01 08:42:40,456D - A Lot of Games,GNU C++11,Wrong answer on test 4,15 ms,10200 KB
16401749,2016-02-28 14:14:30,633C - Spy Syndrome 2,GNU C++11,Wrong answer on test 53,233 ms,114500 KB
16379137,2016-02-27 13:19:22,456D - A Lot of Games,GNU C++11,Wrong answer on test 62,93 ms,101800 KB
16378929,2016-02-27 13:10:59,456D - A Lot of Games,GNU C++11,Wrong answer on test 62,93 ms,10200 KB
16378888,2016-02-27 13:09:31,456D - A Lot of Games,GNU C++11,Wrong answer on test 5,15 ms,10200 KB
16378734,2016-02-27 13:02:47,456D - A Lot of Games,GNU C++11,Wrong answer on test 4,15 ms,10200 KB
16293338,2016-02-23 16:41:59,150A - Win or Freeze,GNU C++11,Accepted,62 ms,400 KB
16293249,2016-02-23 16:36:12,150A - Win or Freeze,GNU C++11,Time limit exceeded on test 7,2000 ms,400 KB
16293240,2016-02-23 16:35:22,150A - Win or Freeze,GNU C++11,Time limit exceeded on test 7,2000 ms,400 KB
16293217,2016-02-23 16:33:50,150A - Win or Freeze,GNU C++11,Wrong answer on test 4,0 ms,400 KB
16278583,2016-02-22 17:36:10,547B - Mike and Feet,GNU C++11,Wrong answer on test 1,0 ms,6300 KB
16278548,2016-02-22 17:34:29,547B - Mike and Feet,GNU C++11,Wrong answer on test 3,0 ms,6300 KB
16278497,2016-02-22 17:31:14,547B - Mike and Feet,GNU C++11,Wrong answer on test 2,15 ms,6300 KB
16013120,2016-02-14 08:43:52,622C - Not Equal on a Segment,GNU C++11,Accepted,186 ms,1600 KB
15989024,2016-02-13 17:54:18,622C - Not Equal on a Segment,GNU C++11,Time limit exceeded on test 20,1000 ms,1600 KB
15988876,2016-02-13 17:41:33,622C - Not Equal on a Segment,GNU C++11,Time limit exceeded on test 20,1000 ms,7800 KB
15988861,2016-02-13 17:40:19,622C - Not Equal on a Segment,GNU C++11,Time limit exceeded on test 19,1000 ms,1600 KB
15988853,2016-02-13 17:39:42,622C - Not Equal on a Segment,GNU C++11,Wrong answer on test 1,0 ms,1700 KB
15967162,2016-02-12 10:49:13,622C - Not Equal on a Segment,GNU C++11,Time limit exceeded on test 20,1000 ms,7800 KB
15966935,2016-02-12 10:33:20,622C - Not Equal on a Segment,GNU C++11,Time limit exceeded on test 20,1000 ms,1600 KB
15965875,2016-02-12 06:44:14,622C - Not Equal on a Segment,GNU C++11,Wrong answer on test 20,951 ms,1600 KB
15950695,2016-02-11 08:33:26,622B - The Time,GNU C++11,Accepted,15 ms,0 KB
15950652,2016-02-11 08:27:42,622A - Infinite Sequence,GNU C++11,Accepted,15 ms,0 KB
15672662,2016-01-30 08:31:02,618A - Slime Combining,GNU C++11,Accepted,15 ms,0 KB
15521194,2016-01-23 18:48:11,617B - Chocolate,GNU C++11,Accepted,15 ms,0 KB
15520318,2016-01-23 18:45:07,617B - Chocolate,GNU C++11,Wrong answer on pretest 3,0 ms,0 KB
15517232,2016-01-23 18:37:24,617A - Elephant,GNU C++11,Accepted,15 ms,0 KB
15512174,2016-01-23 12:51:01,602B - Approximating a Constant Range,GNU C++11,Wrong answer on test 8,218 ms,400 KB
15506789,2016-01-23 06:37:08,602B - Approximating a Constant Range,GNU C++11,Wrong answer on test 8,156 ms,500 KB
15491575,2016-01-22 09:03:01,616D - Longest k-Good Segment,GNU C++11,Wrong answer on test 2,0 ms,6900 KB
15490064,2016-01-22 06:48:42,602B - Approximating a Constant Range,GNU C++11,Wrong answer on test 8,156 ms,400 KB
15489954,2016-01-22 06:37:54,615B - Longtail Hedgehog,GNU C++11,Accepted,748 ms,5600 KB
15489662,2016-01-22 06:06:20,615B - Longtail Hedgehog,GNU C++11,Time limit exceeded on test 22,3000 ms,7700 KB
15489654,2016-01-22 06:05:14,615B - Longtail Hedgehog,GNU C++11,Time limit exceeded on test 22,3000 ms,7600 KB
15489530,2016-01-22 05:53:25,615B - Longtail Hedgehog,GNU C++11,Wrong answer on test 4,15 ms,1300 KB
15489511,2016-01-22 05:52:08,615B - Longtail Hedgehog,GNU C++11,Wrong answer on test 4,15 ms,1300 KB
15461697,2016-01-21 05:58:56,603A - Alternative Thinking,GNU C++11,Accepted,31 ms,300 KB
15461683,2016-01-21 05:57:51,607A - Chain Reaction,GNU C++11,Accepted,373 ms,7800 KB
15449178,2016-01-20 09:59:02,611C - New Year and Domino,GNU C++11,Accepted,1122 ms,12700 KB
15413045,2016-01-17 13:10:43,614A - Link/Cut Tree,GNU C++11,Accepted,15 ms,0 KB
15413043,2016-01-17 13:10:02,614A - Link/Cut Tree,GNU C++11,Runtime error on test 3,0 ms,0 KB
15397673,2016-01-16 08:01:54,614B - Gena's Code,GNU C++11,Accepted,93 ms,2600 KB
15397663,2016-01-16 08:01:01,614B - Gena's Code,GNU C++11,Wrong answer on test 1,15 ms,2400 KB
15386384,2016-01-15 13:15:56,616C - The Labyrinth,GNU C++11,Time limit exceeded on test 11,1000 ms,2200 KB
15386302,2016-01-15 13:09:16,616C - The Labyrinth,GNU C++11,Wrong answer on test 9,15 ms,2000 KB
15345192,2016-01-14 17:02:21,616D - Longest k-Good Segment,GNU C++11,Accepted,920 ms,7200 KB
15328870,2016-01-13 12:43:53,616D - Longest k-Good Segment,GNU C++11,Wrong answer on test 10,857 ms,7200 KB
15327527,2016-01-13 10:14:05,616D - Longest k-Good Segment,GNU C++11,Wrong answer on test 2,0 ms,7200 KB
15327501,2016-01-13 10:11:31,616D - Longest k-Good Segment,GNU C++11,Wrong answer on test 7,15 ms,7200 KB
15310646,2016-01-12 13:11:21,616C - The Labyrinth,GNU C++11,Accepted,857 ms,71300 KB
15309515,2016-01-12 11:32:31,616C - The Labyrinth,GNU C++11,Time limit exceeded on test 12,1000 ms,7500 KB
15309491,2016-01-12 11:30:36,616C - The Labyrinth,GNU C++11,Time limit exceeded on test 12,1000 ms,8300 KB
15309318,2016-01-12 11:13:58,616C - The Labyrinth,GNU C++11,Time limit exceeded on test 12,1000 ms,8300 KB
15309311,2016-01-12 11:13:11,616C - The Labyrinth,GNU C++11,Wrong answer on test 9,15 ms,5900 KB
15307752,2016-01-12 08:59:07,616C - The Labyrinth,GNU C++11,Wrong answer on test 9,15 ms,5900 KB
15307479,2016-01-12 08:27:44,616C - The Labyrinth,GNU C++11,Wrong answer on test 9,15 ms,5900 KB
15307062,2016-01-12 07:34:58,616C - The Labyrinth,GNU C++11,Wrong answer on test 9,0 ms,5900 KB
15307057,2016-01-12 07:34:12,616C - The Labyrinth,GNU C++11,Memory limit exceeded on test 1,0 ms,262100 KB
15306484,2016-01-12 05:58:52,616B - Dinner with Emma,GNU C++11,Accepted,46 ms,0 KB
15306443,2016-01-12 05:53:14,616A - Comparing Two Long Integers,GNU C++11,Accepted,31 ms,9700 KB
15306441,2016-01-12 05:52:57,616A - Comparing Two Long Integers,GNU C++11,Wrong answer on test 1,0 ms,0 KB
15238987,2016-01-08 17:09:57,615A - Bulbs,GNU C++11,Accepted,30 ms,0 KB
15156202,2016-01-02 11:24:46,606C - Sorting Railway Cars,GNU C++11,Wrong answer on test 8,15 ms,400 KB
15120747,2015-12-30 20:00:48,611B - New Year and Old Property,GNU C++11,Accepted,15 ms,0 KB
15116387,2015-12-30 19:17:13,611B - New Year and Old Property,GNU C++11,Wrong answer on pretest 2,15 ms,0 KB
15110877,2015-12-30 18:39:14,611A - New Year and Days,GNU C++11,Accepted,15 ms,0 KB
15110567,2015-12-30 18:37:40,611A - New Year and Days,GNU C++11,Wrong answer on pretest 4,15 ms,0 KB
15103032,2015-12-30 18:13:35,611A - New Year and Days,GNU C++11,Wrong answer on pretest 4,15 ms,0 KB
15102766,2015-12-30 18:13:00,611A - New Year and Days,GNU C++11,Wrong answer on pretest 4,15 ms,0 KB
15064369,2015-12-28 06:27:04,610B - Vika and Squares,GNU C++11,Accepted,498 ms,4700 KB
15064362,2015-12-28 06:26:15,610B - Vika and Squares,GNU C++11,Wrong answer on test 7,451 ms,2400 KB
15048953,2015-12-27 14:57:01,610B - Vika and Squares,GNU C++11,Wrong answer on pretest 7,452 ms,1200 KB
15048826,2015-12-27 14:55:11,610B - Vika and Squares,GNU C++11,Time limit exceeded on pretest 4,2000 ms,1200 KB
15046275,2015-12-27 14:38:22,610A - Pasha and Stick,GNU C++11,Accepted,608 ms,0 KB
15043774,2015-12-27 14:26:25,610A - Pasha and Stick,GNU C++11,Skipped,15 ms,0 KB
15015015,2015-12-25 19:04:49,612C - Replace To Make Regular Bracket Sequence,GNU C++11,Accepted,187 ms,6100 KB
15013131,2015-12-25 18:44:57,612B - HDD is Outdated Technology,GNU C++11,Accepted,373 ms,1600 KB
15013054,2015-12-25 18:44:08,612B - HDD is Outdated Technology,GNU C++11,Wrong answer on test 21,373 ms,1600 KB
15012953,2015-12-25 18:43:20,612B - HDD is Outdated Technology,GNU C++11,Wrong answer on test 18,186 ms,1600 KB
15012392,2015-12-25 18:38:08,612A - The Text Splitting,GNU C++11,Accepted,15 ms,0 KB
15012142,2015-12-25 18:36:12,612A - The Text Splitting,GNU C++11,Wrong answer on test 5,15 ms,0 KB
15012091,2015-12-25 18:35:45,612A - The Text Splitting,GNU C++11,Wrong answer on test 3,15 ms,0 KB
15012007,2015-12-25 18:35:11,612A - The Text Splitting,GNU C++11,Wrong answer on test 1,0 ms,0 KB
15011213,2015-12-25 18:28:37,612A - The Text Splitting,GNU C++11,Wrong answer on test 9,15 ms,0 KB
15010344,2015-12-25 18:21:58,612A - The Text Splitting,GNU C++11,Wrong answer on test 9,15 ms,0 KB
15009803,2015-12-25 18:17:59,612A - The Text Splitting,GNU C++11,Wrong answer on test 9,15 ms,0 KB
15009663,2015-12-25 18:16:52,612A - The Text Splitting,GNU C++11,Wrong answer on test 1,0 ms,0 KB
15009506,2015-12-25 18:15:53,612A - The Text Splitting,GNU C++11,Wrong answer on test 9,15 ms,0 KB
14906955,2015-12-21 07:28:14,609C - Load Balancing,GNU C++11,Accepted,187 ms,800 KB
14880286,2015-12-19 18:22:02,609B - The Best Gift,GNU C++11,Accepted,233 ms,0 KB
14878817,2015-12-19 18:11:16,609A - USB Flash Drives,GNU C++11,Accepted,15 ms,400 KB
14773833,2015-12-12 18:17:45,606A - Magic Spheres,GNU C++11,Accepted,31 ms,0 KB
14695611,2015-12-08 12:01:18,596B - Wilbur and Array,GNU C++11,Accepted,514 ms,1600 KB
14695603,2015-12-08 12:00:33,596B - Wilbur and Array,GNU C++11,Wrong answer on test 12,483 ms,800 KB
14695412,2015-12-08 11:37:37,596A - Wilbur and Swimming Pool,GNU C++11,Accepted,31 ms,0 KB
14695364,2015-12-08 11:32:39,596A - Wilbur and Swimming Pool,GNU C++11,Wrong answer on test 18,15 ms,0 KB
14695360,2015-12-08 11:32:04,596A - Wilbur and Swimming Pool,GNU C++11,Wrong answer on test 6,15 ms,0 KB
14695335,2015-12-08 11:29:54,596A - Wilbur and Swimming Pool,GNU C++11,Wrong answer on test 6,15 ms,0 KB
14657407,2015-12-05 08:41:15,508B - Anton and currency you all know,GNU C++11,Accepted,46 ms,100 KB
14657369,2015-12-05 08:36:27,508B - Anton and currency you all know,GNU C++11,Wrong answer on test 4,15 ms,100 KB
14657233,2015-12-05 08:18:46,508B - Anton and currency you all know,GNU C++11,Wrong answer on test 4,15 ms,100 KB
14657086,2015-12-05 08:00:57,508A - Pasha and Pixels,GNU C++11,Accepted,280 ms,97900 KB
14612771,2015-12-02 08:48:55,604B - More Cowbell,GNU C++11,Accepted,202 ms,1600 KB
14612767,2015-12-02 08:48:13,604B - More Cowbell,GNU C++11,Wrong answer on test 5,15 ms,1600 KB
14612251,2015-12-02 07:52:59,604B - More Cowbell,GNU C++11,Wrong answer on test 10,218 ms,1600 KB
14611576,2015-12-02 06:36:01,604B - More Cowbell,GNU C++11,Wrong answer on test 10,202 ms,800 KB
14611558,2015-12-02 06:34:40,604B - More Cowbell,GNU C++11,Runtime error on test 8,93 ms,200 KB
14611258,2015-12-02 06:07:03,604A - Uncowed Forces,GNU C++11,Accepted,15 ms,0 KB
14565342,2015-11-30 07:47:51,591A - Wizards' Duel,GNU C++11,Accepted,15 ms,0 KB
14534625,2015-11-28 08:06:42,600B - Queries about less or equal elements,GNU C++11,Accepted,1138 ms,6300 KB
14534407,2015-11-28 07:48:56,600B - Queries about less or equal elements,GNU C++11,Wrong answer on test 11,1169 ms,6300 KB
14534288,2015-11-28 07:38:15,600B - Queries about less or equal elements,GNU C++11,Wrong answer on test 11,1107 ms,3100 KB
14534278,2015-11-28 07:37:24,600B - Queries about less or equal elements,GNU C++11,Wrong answer on test 2,15 ms,3100 KB
14533935,2015-11-28 07:01:34,600B - Queries about less or equal elements,GNU C++11,Wrong answer on test 2,15 ms,3100 KB
14533809,2015-11-28 06:48:14,600B - Queries about less or equal elements,GNU C++11,Wrong answer on test 9,62 ms,3100 KB
14533507,2015-11-28 06:14:56,600B - Queries about less or equal elements,GNU C++11,Wrong answer on test 11,1013 ms,3100 KB
14533498,2015-11-28 06:14:02,600B - Queries about less or equal elements,GNU C++11,Wrong answer on test 5,15 ms,3100 KB
14533150,2015-11-28 05:30:05,600B - Queries about less or equal elements,GNU C++11,Wrong answer on test 11,1092 ms,3100 KB
14524006,2015-11-27 19:59:29,600B - Queries about less or equal elements,GNU C++11,Wrong answer on test 5,15 ms,3100 KB
14523864,2015-11-27 19:58:16,600B - Queries about less or equal elements,GNU C++11,Wrong answer on test 11,1092 ms,3100 KB
14523636,2015-11-27 19:55:56,600B - Queries about less or equal elements,GNU C++11,Wrong answer on test 5,15 ms,3100 KB
14519706,2015-11-27 19:12:50,600A - Extract Numbers,GNU C++11,Accepted,46 ms,7500 KB
14487470,2015-11-26 07:33:57,602B - Approximating a Constant Range,GNU C++11,Time limit exceeded on test 22,2000 ms,2800 KB
14461942,2015-11-25 06:11:58,602A - Two Bases,GNU C++11,Accepted,15 ms,0 KB
14461908,2015-11-25 06:07:49,602A - Two Bases,GNU C++11,Wrong answer on test 13,15 ms,0 KB
14423170,2015-11-23 11:24:30,599C - Day at the Beach,GNU C++11,Accepted,420 ms,10100 KB
14423036,2015-11-23 11:08:21,599B - Spongebob and Joke,GNU C++11,Accepted,405 ms,2400 KB
14422633,2015-11-23 10:18:33,599C - Day at the Beach,GNU C++11,Wrong answer on test 3,15 ms,800 KB
14422291,2015-11-23 09:31:12,599B - Spongebob and Joke,GNU C++11,Wrong answer on test 20,389 ms,2400 KB
14422191,2015-11-23 09:15:21,599B - Spongebob and Joke,GNU C++11,Wrong answer on test 4,15 ms,2400 KB
14422047,2015-11-23 08:53:01,599A - Patrick and Shopping,GNU C++11,Accepted,15 ms,0 KB
14336066,2015-11-19 05:59:10,595A - Vitaly and Night,GNU C++11,Accepted,31 ms,0 KB
14122164,2015-11-07 13:46:50,478B - Random Teams,GNU C++11,Accepted,15 ms,0 KB
14119903,2015-11-07 11:52:17,478B - Random Teams,GNU C++11,Wrong answer on test 7,15 ms,0 KB
13656268,2015-10-16 05:30:14,588B - Duff in Love,GNU C++11,Accepted,31 ms,0 KB
13656259,2015-10-16 05:28:46,588B - Duff in Love,GNU C++11,Compilation error,0 ms,0 KB
13656251,2015-10-16 05:27:38,588B - Duff in Love,GNU C++11,Time limit exceeded on test 10,2000 ms,0 KB
13639265,2015-10-15 20:29:40,588B - Duff in Love,GNU C++11,Time limit exceeded on pretest 10,2000 ms,0 KB
13634457,2015-10-15 20:02:54,588A - Duff and Meat,GNU C++11,Accepted,280 ms,1200 KB
13628865,2015-10-15 19:39:47,588A - Duff and Meat,GNU C++11,Wrong answer on pretest 6,15 ms,1200 KB
13593939,2015-10-13 17:06:41,586C - Gennady the Dentist,GNU C++11,Accepted,78 ms,100 KB
13593564,2015-10-13 16:43:39,586C - Gennady the Dentist,GNU C++11,Wrong answer on test 8,15 ms,100 KB
13593060,2015-10-13 16:09:04,586C - Gennady the Dentist,GNU C++11,Wrong answer on test 2,0 ms,100 KB
13588870,2015-10-13 10:56:40,586C - Gennady the Dentist,GNU C++11,Wrong answer on test 1,15 ms,100 KB
13588860,2015-10-13 10:55:15,586C - Gennady the Dentist,GNU C++11,Wrong answer on test 1,15 ms,100 KB
13588814,2015-10-13 10:51:07,586C - Gennady the Dentist,GNU C++11,Wrong answer on test 1,0 ms,100 KB
13588223,2015-10-13 09:52:23,586C - Gennady the Dentist,GNU C++11,Memory limit exceeded on test 1,498 ms,262100 KB
13588218,2015-10-13 09:51:51,586C - Gennady the Dentist,GNU C++11,Memory limit exceeded on test 1,529 ms,262100 KB
13587953,2015-10-13 09:27:01,586C - Gennady the Dentist,GNU C++11,Wrong answer on test 12,15 ms,100 KB
13587837,2015-10-13 09:17:38,586C - Gennady the Dentist,GNU C++11,Wrong answer on test 12,15 ms,100 KB
13586984,2015-10-13 07:46:29,586C - Gennady the Dentist,GNU C++11,Wrong answer on test 3,0 ms,100 KB
13586911,2015-10-13 07:37:58,586B - Laurenty and Shop,GNU C++11,Accepted,31 ms,0 KB
13586884,2015-10-13 07:34:09,586B - Laurenty and Shop,GNU C++11,Wrong answer on test 2,0 ms,0 KB
13558240,2015-10-12 12:25:03,586A - Alena's Schedule,GNU C++11,Accepted,15 ms,0 KB
13470863,2015-10-07 13:29:32,490F - Treeland Tour,GNU C++11,Wrong answer on test 1,0 ms,3300 KB
13470653,2015-10-07 13:15:22,490F - Treeland Tour,GNU C++11,Wrong answer on test 6,31 ms,3300 KB
13467627,2015-10-07 09:54:48,490A - Team Olympiad,GNU C++11,Accepted,31 ms,100 KB
13467614,2015-10-07 09:53:48,490A - Team Olympiad,GNU C++11,Wrong answer on test 2,15 ms,100 KB
13467183,2015-10-07 09:21:11,584D - Dima and Lisa,GNU C++11,Accepted,31 ms,0 KB
13466425,2015-10-07 08:25:00,584D - Dima and Lisa,GNU C++11,Wrong answer on test 35,15 ms,0 KB
13466406,2015-10-07 08:23:20,584D - Dima and Lisa,GNU C++11,Wrong answer on test 3,15 ms,0 KB
13466179,2015-10-07 08:06:28,584D - Dima and Lisa,GNU C++11,Memory limit exceeded on test 1,0 ms,262100 KB
13466173,2015-10-07 08:06:02,584D - Dima and Lisa,GNU C++11,Memory limit exceeded on test 1,0 ms,262100 KB
13466033,2015-10-07 07:53:51,584D - Dima and Lisa,GNU C++11,Memory limit exceeded on test 1,15 ms,262100 KB
13465181,2015-10-07 06:26:27,584B - Kolya and Tanya,GNU C++11,Accepted,30 ms,0 KB
13465174,2015-10-07 06:25:29,584A - Olesya and Rodion,GNU C++11,Accepted,30 ms,0 KB
13465154,2015-10-07 06:23:24,584A - Olesya and Rodion,GNU C++11,Wrong answer on test 9,31 ms,0 KB
13449679,2015-10-06 20:33:42,584A - Olesya and Rodion,GNU C++11,Wrong answer on test 12,15 ms,0 KB
13449510,2015-10-06 20:32:42,584A - Olesya and Rodion,GNU C++11,Skipped,15 ms,0 KB
13444234,2015-10-06 20:04:17,584B - Kolya and Tanya,GNU C++11,Wrong answer on pretest 7,15 ms,0 KB
13443315,2015-10-06 19:59:52,584B - Kolya and Tanya,GNU C++11,Wrong answer on pretest 7,15 ms,0 KB
13443048,2015-10-06 19:58:40,584B - Kolya and Tanya,GNU C++11,Wrong answer on pretest 7,15 ms,0 KB
13440910,2015-10-06 19:49:05,584A - Olesya and Rodion,GNU C++11,Skipped,15 ms,0 KB
13439536,2015-10-06 19:44:04,584A - Olesya and Rodion,GNU C++11,Wrong answer on pretest 1,0 ms,0 KB
13367486,2015-10-03 20:01:36,583C - GCD Table,GNU C++11,Wrong answer on pretest 1,15 ms,0 KB
13365752,2015-10-03 19:56:44,583B - Robot's Task,GNU C++11,Accepted,31 ms,0 KB
13362684,2015-10-03 19:49:33,583A - Asphalting Roads,GNU C++11,Accepted,31 ms,0 KB
13362567,2015-10-03 19:49:09,583A - Asphalting Roads,GNU C++11,Compilation error,0 ms,0 KB
13310790,2015-09-30 11:52:39,489B - BerSU Ball,GNU C++11,Accepted,31 ms,0 KB
13309095,2015-09-30 08:54:10,489B - BerSU Ball,GNU C++11,Wrong answer on test 1,0 ms,0 KB
13309084,2015-09-30 08:53:25,489B - BerSU Ball,GNU C++11,Wrong answer on test 3,15 ms,0 KB
13309062,2015-09-30 08:50:02,489B - BerSU Ball,GNU C++11,Wrong answer on test 1,0 ms,0 KB
13309029,2015-09-30 08:46:18,489B - BerSU Ball,GNU C++11,Wrong answer on test 5,31 ms,0 KB
13309025,2015-09-30 08:45:29,489B - BerSU Ball,GNU C++11,Wrong answer on test 3,15 ms,0 KB
13309014,2015-09-30 08:44:14,489B - BerSU Ball,GNU C++11,Wrong answer on test 1,0 ms,0 KB
13308930,2015-09-30 08:32:27,489B - BerSU Ball,GNU C++11,Wrong answer on test 38,31 ms,0 KB
13308190,2015-09-30 06:53:13,489B - BerSU Ball,GNU C++11,Wrong answer on test 38,31 ms,0 KB
13308185,2015-09-30 06:51:59,489B - BerSU Ball,GNU C++11,Wrong answer on test 3,15 ms,0 KB
13308041,2015-09-30 06:27:21,489B - BerSU Ball,GNU C++11,Wrong answer on test 21,30 ms,0 KB
13307945,2015-09-30 06:11:21,489A - SwapSort,GNU C++11,Accepted,31 ms,0 KB
13307929,2015-09-30 06:09:21,489A - SwapSort,GNU C++11,Wrong answer on test 1,0 ms,0 KB
13296164,2015-09-29 14:19:38,518A - Vitaly and Strings,GNU C++11,Accepted,30 ms,100 KB
13296114,2015-09-29 14:16:23,518A - Vitaly and Strings,GNU C++11,Wrong answer on test 10,15 ms,0 KB
13292122,2015-09-29 09:15:41,518A - Vitaly and Strings,GNU C++11,Wrong answer on test 7,15 ms,0 KB
13292084,2015-09-29 09:11:32,518A - Vitaly and Strings,GNU C++11,Wrong answer on test 7,15 ms,0 KB
13292033,2015-09-29 09:07:40,518A - Vitaly and Strings,GNU C++11,Wrong answer on test 7,15 ms,0 KB
13291978,2015-09-29 09:02:06,518A - Vitaly and Strings,GNU C++11,Wrong answer on test 7,0 ms,0 KB
13291714,2015-09-29 08:36:51,518A - Vitaly and Strings,GNU C++11,Wrong answer on test 10,15 ms,0 KB
13291696,2015-09-29 08:34:56,518A - Vitaly and Strings,GNU C++11,Wrong answer on test 10,15 ms,0 KB
13277788,2015-09-28 16:15:24,581C - Developing Skills,GNU C++11,Accepted,155 ms,1200 KB
13273478,2015-09-28 13:31:26,581C - Developing Skills,GNU C++11,Runtime error on pretest 6,15 ms,1200 KB
13273107,2015-09-28 13:27:18,581C - Developing Skills,GNU C++11,Runtime error on pretest 6,15 ms,1200 KB
13262619,2015-09-28 12:11:20,581B - Luxurious Houses,GNU C++11,Accepted,296 ms,11800 KB
13259704,2015-09-28 12:02:33,581A - Vasya the Hipster,GNU C++11,Accepted,30 ms,0 KB
13257128,2015-09-28 06:57:12,579B - Finding Team Member,GNU C++11,Accepted,811 ms,3900 KB
13257115,2015-09-28 06:55:22,579B - Finding Team Member,GNU C++11,Runtime error on test 6,280 ms,1000 KB
13256828,2015-09-28 06:01:50,579A - Raising Bacteria,GNU C++11,Accepted,15 ms,0 KB
13227665,2015-09-26 07:40:49,478C - Table Decorations,GNU C++11,Wrong answer on test 5,15 ms,0 KB
13227313,2015-09-26 06:39:05,478B - Random Teams,GNU C++11,Wrong answer on test 4,15 ms,0 KB
13227174,2015-09-26 06:17:56,478A - Initial Bet,GNU C++11,Accepted,30 ms,0 KB
13227141,2015-09-26 06:12:52,478A - Initial Bet,GNU C++11,Wrong answer on test 3,0 ms,0 KB
13216586,2015-09-25 13:14:07,334A - Candy Bags,GNU C++11,Accepted,60 ms,0 KB
13216311,2015-09-25 12:54:09,334A - Candy Bags,GNU C++11,Wrong answer on test 2,30 ms,0 KB
13213104,2015-09-25 07:53:02,474B - Worms,GNU C++11,Accepted,576 ms,800 KB
13213085,2015-09-25 07:49:40,474B - Worms,GNU C++11,Wrong answer on test 3,46 ms,400 KB
13212971,2015-09-25 07:30:36,474B - Worms,GNU C++11,Time limit exceeded on test 1,1000 ms,400 KB
13212925,2015-09-25 07:22:38,474B - Worms,GNU C++11,Wrong answer on test 3,46 ms,400 KB
13212730,2015-09-25 06:51:26,474A - Keyboard,GNU C++11,Accepted,31 ms,0 KB
13177667,2015-09-23 07:06:27,580B - Kefa and Company,GNU C++11,Accepted,436 ms,1600 KB
13177361,2015-09-23 06:29:05,580B - Kefa and Company,GNU C++11,Wrong answer on test 31,436 ms,1600 KB
13177305,2015-09-23 06:24:06,580B - Kefa and Company,GNU C++11,Wrong answer on test 8,15 ms,1600 KB
13177163,2015-09-23 06:10:09,580B - Kefa and Company,GNU C++11,Wrong answer on test 7,31 ms,800 KB
13177087,2015-09-23 06:03:06,580C - Kefa and Park,GNU C++11,Accepted,514 ms,7100 KB
13176828,2015-09-23 05:36:03,580C - Kefa and Park,GNU C++11,Wrong answer on test 1,15 ms,1400 KB
13162911,2015-09-22 20:49:30,580C - Kefa and Park,GNU C++11,Wrong answer on pretest 8,15 ms,1400 KB
13160967,2015-09-22 20:37:59,580B - Kefa and Company,GNU C++11,Wrong answer on pretest 7,15 ms,800 KB
13158701,2015-09-22 20:26:17,580B - Kefa and Company,GNU C++11,Wrong answer on pretest 7,30 ms,800 KB
13157336,2015-09-22 20:19:56,580B - Kefa and Company,GNU C++11,Wrong answer on pretest 4,15 ms,800 KB
13155590,2015-09-22 20:12:28,580B - Kefa and Company,GNU C++11,Wrong answer on pretest 4,15 ms,800 KB
13148448,2015-09-22 19:44:53,580A - Kefa and First Steps,GNU C++11,Accepted,249 ms,400 KB
13146590,2015-09-22 19:38:54,580A - Kefa and First Steps,GNU C++11,Wrong answer on pretest 1,15 ms,400 KB
13144581,2015-09-22 19:34:11,580A - Kefa and First Steps,GNU C++11,Wrong answer on pretest 1,0 ms,400 KB
13096482,2015-09-19 08:12:53,557A - Ilya and Diplomas,GNU C++11,Accepted,31 ms,0 KB
13096209,2015-09-19 07:37:31,557A - Ilya and Diplomas,GNU C++11,Wrong answer on test 4,15 ms,0 KB
13096190,2015-09-19 07:35:30,557A - Ilya and Diplomas,GNU C++11,Wrong answer on test 4,15 ms,0 KB
13096152,2015-09-19 07:28:35,557A - Ilya and Diplomas,GNU C++11,Time limit exceeded on test 4,1000 ms,0 KB
12972526,2015-09-12 15:23:06,361B - Levko and Permutation,GNU C++11,Accepted,62 ms,400 KB
12971110,2015-09-12 13:01:15,361B - Levko and Permutation,GNU C++11,Wrong answer on test 1,15 ms,0 KB
12971086,2015-09-12 12:58:47,361B - Levko and Permutation,GNU C++11,Wrong answer on test 1,0 ms,0 KB
12971059,2015-09-12 12:56:04,361B - Levko and Permutation,GNU C++11,Wrong answer on test 1,0 ms,0 KB
12970992,2015-09-12 12:49:07,361A - Levko and Table,GNU C++11,Accepted,31 ms,0 KB
12838792,2015-09-04 12:06:18,567A - Lineland Mail,GNU C++11,Accepted,77 ms,400 KB
12838589,2015-09-04 11:50:48,567A - Lineland Mail,GNU C++11,Wrong answer on test 1,0 ms,400 KB
12706035,2015-08-26 12:56:42,344B - Simple Molecules,GNU C++11,Accepted,62 ms,0 KB
12706029,2015-08-26 12:55:52,344B - Simple Molecules,GNU C++11,Wrong answer on test 4,30 ms,0 KB
12705280,2015-08-26 11:34:17,344A - Magnets,GNU C++11,Accepted,248 ms,0 KB
12705242,2015-08-26 11:30:00,344A - Magnets,GNU C++11,Wrong answer on test 4,30 ms,0 KB
12638807,2015-08-22 11:17:35,570C - Replacement,GNU C++11,Accepted,218 ms,300 KB
12638757,2015-08-22 11:13:59,570C - Replacement,GNU C++11,Wrong answer on test 2,15 ms,300 KB
12624868,2015-08-21 11:23:52,570B - Simple Game,GNU C++11,Accepted,31 ms,0 KB
12624747,2015-08-21 11:14:51,570B - Simple Game,GNU C++11,Wrong answer on test 17,15 ms,0 KB
12624675,2015-08-21 11:09:20,570A - Elections,GNU C++11,Accepted,31 ms,0 KB
12624650,2015-08-21 11:08:13,570A - Elections,GNU C++11,Wrong answer on test 1,0 ms,0 KB
12624635,2015-08-21 11:06:51,570A - Elections,GNU C++11,Wrong answer on test 1,0 ms,0 KB
12574944,2015-08-17 15:14:04,569A - Music,GNU C++11,Wrong answer on test 3,15 ms,0 KB
12569507,2015-08-17 06:18:28,569B - Inventory,GNU C++11,Wrong answer on test 1,0 ms,0 KB
12264438,2015-07-29 15:30:23,560A - Currency System in Geraldion,GNU C++11,Accepted,15 ms,0 KB
12064874,2015-07-15 07:12:43,558B - Amr and The Large Array,GNU C++11,Accepted,264 ms,40200 KB
12064864,2015-07-15 07:10:52,558B - Amr and The Large Array,GNU C++11,Wrong answer on test 4,233 ms,40200 KB
12051345,2015-07-14 19:03:53,558B - Amr and The Large Array,GNU C++11,Wrong answer on pretest 8,30 ms,9200 KB
12051270,2015-07-14 19:03:20,558B - Amr and The Large Array,GNU C++11,Wrong answer on pretest 8,30 ms,9200 KB
12049248,2015-07-14 18:48:44,558A - Lala Land and Apple Trees,GNU C++11,Accepted,30 ms,0 KB
12047623,2015-07-14 18:38:32,558A - Lala Land and Apple Trees,GNU C++11,Wrong answer on pretest 2,15 ms,0 KB
12046486,2015-07-14 18:32:18,558A - Lala Land and Apple Trees,GNU C++11,Wrong answer on pretest 5,15 ms,0 KB
12046165,2015-07-14 18:30:37,558A - Lala Land and Apple Trees,GNU C++11,Wrong answer on pretest 3,0 ms,0 KB
12045795,2015-07-14 18:28:36,558A - Lala Land and Apple Trees,GNU C++11,Wrong answer on pretest 2,0 ms,0 KB
11967303,2015-07-08 08:10:51,242B - Big Segment,GNU C++11,Accepted,92 ms,0 KB
11967296,2015-07-08 08:10:01,242B - Big Segment,GNU C++11,Wrong answer on test 3,30 ms,0 KB
11967267,2015-07-08 08:04:47,242B - Big Segment,GNU C++11,Wrong answer on test 3,30 ms,0 KB
11967092,2015-07-08 07:33:05,242A - Heads or Tails,GNU C++11,Accepted,60 ms,0 KB
11967071,2015-07-08 07:29:06,242A - Heads or Tails,GNU C++11,Wrong answer on test 2,30 ms,0 KB
11816358,2015-06-28 11:17:28,556A - Case of the Zeros and Ones,GNU C++11,Accepted,93 ms,0 KB
11740304,2015-06-24 19:47:37,554A - Kyoya and Photobooks,GNU C++11,Accepted,31 ms,0 KB
11740161,2015-06-24 19:46:48,554A - Kyoya and Photobooks,GNU C++11,Compilation error,0 ms,0 KB
11677996,2015-06-20 09:23:27,552B - Vanya and Books,GNU C++11,Wrong answer on test 8,15 ms,0 KB
11677905,2015-06-20 09:11:38,552B - Vanya and Books,GNU C++11,Wrong answer on test 5,0 ms,0 KB
11677837,2015-06-20 09:02:59,552B - Vanya and Books,GNU C++11,Wrong answer on test 8,31 ms,0 KB
11677420,2015-06-20 08:00:09,552B - Vanya and Books,GNU C++11,Wrong answer on test 5,15 ms,0 KB
11677241,2015-06-20 07:31:49,552A - Vanya and Table,GNU C++11,Accepted,15 ms,0 KB
11677235,2015-06-20 07:30:50,552A - Vanya and Table,GNU C++11,Wrong answer on test 1,15 ms,0 KB
11419525,2015-06-04 19:45:09,550A - Two Substrings,GNU C++11,Hacked,15 ms,300 KB
11416864,2015-06-04 19:36:00,550A - Two Substrings,GNU C++11,Wrong answer on pretest 4,31 ms,0 KB
11341455,2015-05-29 08:57:37,495A - Digital Counter,GNU C++11,Accepted,15 ms,0 KB
11317301,2015-05-27 13:24:37,547A - Mike and Frog,GNU C++11,Wrong answer on test 6,30 ms,7800 KB
11315517,2015-05-27 11:13:23,547A - Mike and Frog,GNU C++11,Wrong answer on test 1,15 ms,7800 KB
11209087,2015-05-22 19:41:08,546B - Soldier and Badges,GNU C++11,Accepted,31 ms,0 KB
11206969,2015-05-22 19:36:01,546A - Soldier and Bananas,GNU C++11,Accepted,30 ms,0 KB
11206511,2015-05-22 19:35:09,546A - Soldier and Bananas,GNU C++11,Skipped,15 ms,0 KB
10715212,2015-04-14 20:36:56,535B - Tavas and SaDDas,GNU C++11,Accepted,15 ms,0 KB
10714372,2015-04-14 20:28:52,535A - Tavas and Nafas,GNU C++11,Accepted,31 ms,0 KB
10713210,2015-04-14 20:18:34,535B - Tavas and SaDDas,GNU C++11,Wrong answer on pretest 5,15 ms,0 KB
10713092,2015-04-14 20:17:32,535B - Tavas and SaDDas,GNU C++11,Wrong answer on pretest 5,15 ms,0 KB
10708921,2015-04-14 19:53:36,535A - Tavas and Nafas,GNU C++11,Hacked,15 ms,0 KB
10383102,2015-03-21 18:34:02,524B - Фото на память - 2 (round version),GNU C++11,Wrong answer on pretest 5,15 ms,0 KB
10382301,2015-03-21 18:13:54,524B - Фото на память - 2 (round version),GNU C++11,Wrong answer on pretest 5,15 ms,0 KB
10381507,2015-03-21 17:56:33,524B - Фото на память - 2 (round version),GNU C++11,Wrong answer on pretest 8,15 ms,0 KB
10287990,2015-03-15 15:23:13,523C - Name Quest,GNU C++0x,Runtime error on pretest 7,982 ms,2000 KB
10287976,2015-03-15 15:22:24,523C - Name Quest,GNU C++0x,Wrong answer on pretest 1,0 ms,100 KB
10237404,2015-03-11 16:30:08,485A - Factory,GNU C++0x,Accepted,15 ms,100 KB
10237397,2015-03-11 16:29:37,485A - Factory,GNU C++0x,Wrong answer on test 1,0 ms,100 KB
10203067,2015-03-08 12:21:11,522C - Chicken or Fish?,GNU C++0x,Wrong answer on pretest 4,15 ms,400 KB
10202040,2015-03-08 10:56:29,522B - Photo to Remember,GNU C++0x,Accepted,655 ms,1600 KB
10201379,2015-03-08 09:56:40,522A - Reposts,GNU C++0x,Accepted,31 ms,0 KB
10111849,2015-03-02 11:20:56,520B - Two Buttons,GNU C++0x,Wrong answer on pretest 7,15 ms,0 KB
10110333,2015-03-02 10:59:50,520B - Two Buttons,GNU C++0x,Time limit exceeded on pretest 1,2000 ms,0 KB
10109251,2015-03-02 10:45:56,520B - Two Buttons,GNU C++0x,Wrong answer on pretest 7,15 ms,0 KB
10105176,2015-03-02 10:07:38,520A - Pangram,GNU C++0x,Accepted,31 ms,100 KB
9984653,2015-02-24 19:42:05,518A - Vitaly and Strings,GNU C++0x,Hacked,15 ms,0 KB
9983479,2015-02-24 19:37:21,518A - Vitaly and Strings,GNU C++0x,Wrong answer on pretest 4,15 ms,0 KB
9981685,2015-02-24 17:56:27,257B - Playing Cubes,GNU C++0x,Accepted,62 ms,0 KB
9981258,2015-02-24 17:17:44,257A - Sockets,GNU C++0x,Accepted,30 ms,0 KB
9981240,2015-02-24 17:15:35,257A - Sockets,GNU C++0x,Wrong answer on test 32,30 ms,0 KB
9965182,2015-02-23 06:57:13,492A - Vanya and Cubes,GNU C++0x,Accepted,31 ms,0 KB
9965178,2015-02-23 06:56:41,492A - Vanya and Cubes,GNU C++0x,Wrong answer on test 8,31 ms,0 KB
9965159,2015-02-23 06:53:33,492A - Vanya and Cubes,GNU C++0x,Wrong answer on test 8,15 ms,0 KB
9915043,2015-02-18 16:48:08,304A - Pythagorean Theorem II,GNU C++,Time limit exceeded on test 31,3000 ms,0 KB
9834505,2015-02-14 19:46:45,514A - Chewbaсca and Number,GNU C++,Accepted,30 ms,0 KB
9833897,2015-02-14 19:44:20,514A - Chewbaсca and Number,GNU C++,Wrong answer on pretest 5,15 ms,0 KB
9697921,2015-02-03 11:24:03,510A - Fox And Snake,GNU C++,Accepted,15 ms,0 KB
9697910,2015-02-03 11:23:03,510A - Fox And Snake,GNU C++,Wrong answer on test 3,15 ms,0 KB
9695134,2015-02-03 07:12:35,509A - Maximum in Table,GNU C++,Accepted,15 ms,0 KB
9695111,2015-02-03 07:09:22,509A - Maximum in Table,GNU C++,Wrong answer on test 1,0 ms,0 KB
9695097,2015-02-03 07:08:11,509A - Maximum in Table,GNU C++,Wrong answer on test 1,0 ms,0 KB
9639607,2015-01-31 13:25:26,426B - Sereja and Mirroring,GNU C++,Accepted,30 ms,0 KB
9639583,2015-01-31 13:23:32,426B - Sereja and Mirroring,GNU C++,Wrong answer on test 6,15 ms,0 KB
9639468,2015-01-31 13:11:01,426B - Sereja and Mirroring,GNU C++,Wrong answer on test 6,15 ms,0 KB
9639456,2015-01-31 13:09:57,426B - Sereja and Mirroring,GNU C++,Compilation error,0 ms,0 KB
9639419,2015-01-31 13:05:35,426B - Sereja and Mirroring,GNU C++,Compilation error,0 ms,0 KB
9639390,2015-01-31 13:02:35,426B - Sereja and Mirroring,GNU C++,Wrong answer on test 6,15 ms,0 KB
9639374,2015-01-31 13:00:57,426B - Sereja and Mirroring,GNU C++,Time limit exceeded on test 2,1000 ms,0 KB
9639364,2015-01-31 12:59:55,426B - Sereja and Mirroring,GNU C++,Wrong answer on test 1,15 ms,0 KB
9639315,2015-01-31 12:55:16,426B - Sereja and Mirroring,GNU C++,Wrong answer on test 6,15 ms,0 KB
9639277,2015-01-31 12:51:02,426B - Sereja and Mirroring,GNU C++,Wrong answer on test 6,15 ms,0 KB
9639205,2015-01-31 12:41:50,426B - Sereja and Mirroring,GNU C++,Wrong answer on test 6,15 ms,0 KB
9638887,2015-01-31 12:00:53,426A - Sereja and Mugs,GNU C++,Accepted,31 ms,0 KB
9611243,2015-01-29 09:11:42,493A - Vasya and Football,GNU C++,Accepted,15 ms,0 KB
9611228,2015-01-29 09:08:52,493A - Vasya and Football,GNU C++,Wrong answer on test 8,30 ms,0 KB
9611213,2015-01-29 09:07:21,493A - Vasya and Football,GNU C++,Wrong answer on test 1,0 ms,0 KB
9611151,2015-01-29 08:58:36,493A - Vasya and Football,GNU C++,Wrong answer on test 1,15 ms,0 KB
9610767,2015-01-29 07:47:40,493A - Vasya and Football,GNU C++,Wrong answer on test 6,15 ms,0 KB
9610720,2015-01-29 07:38:24,493A - Vasya and Football,GNU C++,Wrong answer on test 6,15 ms,0 KB
9610660,2015-01-29 07:24:42,493A - Vasya and Football,GNU C++,Wrong answer on test 6,15 ms,0 KB
9585910,2015-01-27 20:43:56,508B - Anton and currency you all know,GNU C++,Wrong answer on pretest 5,15 ms,0 KB
9583891,2015-01-27 20:28:56,508B - Anton and currency you all know,GNU C++,Wrong answer on pretest 5,15 ms,0 KB
9577769,2015-01-27 19:53:20,508A - Pasha and Pixels,GNU C++,Accepted,140 ms,1000 KB
9568773,2015-01-27 09:20:54,496A - Minimum Difficulty,GNU C++,Accepted,15 ms,0 KB
9568655,2015-01-27 09:07:13,496A - Minimum Difficulty,GNU C++,Wrong answer on test 3,31 ms,0 KB
9548622,2015-01-25 15:11:11,507B - Amr and Pins,GNU C++,Accepted,31 ms,0 KB
9548461,2015-01-25 14:51:55,507B - Amr and Pins,GNU C++,Wrong answer on test 29,15 ms,0 KB
9548450,2015-01-25 14:49:18,507B - Amr and Pins,GNU C++,Wrong answer on test 6,15 ms,0 KB
9548441,2015-01-25 14:48:09,507B - Amr and Pins,GNU C++,Wrong answer on test 3,15 ms,0 KB
9548432,2015-01-25 14:47:01,507B - Amr and Pins,GNU C++,Wrong answer on test 3,0 ms,0 KB
9548282,2015-01-25 14:28:24,507B - Amr and Pins,GNU C++,Wrong answer on test 2,15 ms,0 KB
9546990,2015-01-25 12:17:50,507B - Amr and Pins,GNU C++,Wrong answer on test 1,15 ms,0 KB
9520313,2015-01-23 19:32:41,507A - Amr and Music,GNU C++,Accepted,31 ms,0 KB
9490827,2015-01-21 11:58:15,501B - Misha and Changing Handles,GNU C++,Accepted,30 ms,100 KB
9490133,2015-01-21 10:26:37,501A - Contest,GNU C++,Accepted,31 ms,0 KB
9263558,2014-12-25 07:36:06,499B - Lecture,GNU C++,Accepted,62 ms,600 KB
9263350,2014-12-25 07:02:23,499A - Watching a movie,GNU C++,Accepted,15 ms,0 KB
9263276,2014-12-25 06:49:39,499A - Watching a movie,GNU C++,Wrong answer on test 3,15 ms,0 KB
8716202,2014-11-17 10:07:01,7A - Kalevitch and Chess,GNU C++,Wrong answer on test 4,60 ms,0 KB
8277548,2014-10-17 11:04:54,12A - Super Agent,GNU C++,Accepted,60 ms,0 KB
8276066,2014-10-17 08:06:26,1A - Theatre Square,GNU C++,Accepted,30 ms,0 KB
8243166,2014-10-16 09:34:39,12A - Super Agent,GNU C++,Time limit exceeded on test 1,2000 ms,0 KB
8242702,2014-10-16 08:02:27,12A - Super Agent,GNU C++,Time limit exceeded on test 1,2000 ms,0 KB
